,thscode,INDtype20230630,INDtype20221231,INDtype20220630,INDtype20211231,INDtype20210630,INDtype20201231,Stable_Count
0,004851.OF,医药行业基金,医药行业基金,医药行业基金,医药行业基金,医药行业基金,医药行业基金,稳定医药行业基金
1,519929.OF,TMT行业基金,TMT行业基金,TMT行业基金,TMT行业基金,TMT行业基金,TMT行业基金,稳定TMT行业基金
2,240022.OF,周期行业基金,周期行业基金,周期行业基金,周期行业基金,周期行业基金,周期行业基金,稳定周期行业基金
3,003095.OF,医药行业基金,医药行业基金,医药行业基金,医药行业基金,医药行业基金,医药行业基金,稳定医药行业基金
4,001838.OF,制造行业基金,制造行业基金,制造行业基金,制造行业基金,制造行业基金,制造行业基金,稳定制造行业基金
5,004075.OF,医药行业基金,医药行业基金,医药行业基金,医药行业基金,医药行业基金,医药行业基金,稳定医药行业基金
6,470006.OF,医药行业基金,医药行业基金,医药行业基金,医药行业基金,医药行业基金,医药行业基金,稳定医药行业基金
7,519674.OF,TMT行业基金,TMT行业基金,TMT行业基金,TMT行业基金,TMT行业基金,TMT行业基金,稳定TMT行业基金
8,320007.OF,TMT行业基金,TMT行业基金,TMT行业基金,TMT行业基金,TMT行业基金,TMT行业基金,稳定TMT行业基金
9,001717.OF,医药行业基金,医药行业基金,医药行业基金,医药行业基金,医药行业基金,医药行业基金,稳定医药行业基金
10,000831.OF,医药行业基金,医药行业基金,医药行业基金,医药行业基金,医药行业基金,医药行业基金,稳定医药行业基金
11,001195.OF,消费行业基金,消费行业基金,行业均衡基金,行业均衡基金,行业均衡基金,行业均衡基金,行业轮动基金
12,001230.OF,医药行业基金,医药行业基金,医药行业基金,医药行业基金,医药行业基金,医药行业基金,稳定医药行业基金
13,000727.OF,医药行业基金,医药行业基金,医药行业基金,医药行业基金,医药行业基金,医药行业基金,稳定医药行业基金
14,004683.OF,医药行业基金,医药行业基金,医药行业基金,医药行业基金,医药行业基金,医药行业基金,稳定医药行业基金
15,000251.OF,金融地产行业基金,金融地产行业基金,金融地产行业基金,金融地产行业基金,金融地产行业基金,金融地产行业基金,稳定金融地产行业基金
16,501038.SH,消费行业基金,消费行业基金,消费行业基金,消费行业基金,行业均衡基金,消费行业基金,行业轮动基金
17,110023.OF,医药行业基金,医药行业基金,医药行业基金,医药行业基金,医药行业基金,医药行业基金,稳定医药行业基金
18,501046.SH,TMT行业基金,行业均衡基金,消费行业基金,消费行业基金,周期行业基金,行业均衡基金,行业轮动基金
19,720001.OF,TMT行业基金,行业均衡基金,消费行业基金,消费行业基金,周期行业基金,行业均衡基金,行业轮动基金
20,000409.OF,制造行业基金,制造行业基金,制造行业基金,制造行业基金,制造行业基金,行业均衡基金,行业轮动基金
21,001986.OF,TMT行业基金,行业均衡基金,行业均衡基金,TMT行业基金,TMT行业基金,TMT行业基金,行业轮动基金
22,000339.OF,医药行业基金,医药行业基金,医药行业基金,医药行业基金,医药行业基金,医药行业基金,稳定医药行业基金
23,398011.OF,TMT行业基金,行业均衡基金,行业均衡基金,行业均衡基金,行业均衡基金,行业均衡基金,行业轮动基金
24,000960.OF,医药行业基金,医药行业基金,医药行业基金,医药行业基金,医药行业基金,医药行业基金,稳定医药行业基金
25,001313.OF,TMT行业基金,行业均衡基金,行业均衡基金,行业均衡基金,行业均衡基金,行业均衡基金,行业轮动基金
26,001072.OF,TMT行业基金,TMT行业基金,行业均衡基金,TMT行业基金,TMT行业基金,行业均衡基金,行业轮动基金
27,002692.OF,TMT行业基金,行业均衡基金,TMT行业基金,TMT行业基金,TMT行业基金,TMT行业基金,行业轮动基金
28,000522.OF,TMT行业基金,TMT行业基金,TMT行业基金,TMT行业基金,TMT行业基金,TMT行业基金,稳定TMT行业基金
29,001178.OF,TMT行业基金,行业均衡基金,行业均衡基金,行业均衡基金,行业均衡基金,行业均衡基金,行业轮动基金
30,001480.OF,TMT行业基金,行业均衡基金,消费行业基金,消费行业基金,周期行业基金,行业均衡基金,行业轮动基金
31,040025.OF,TMT行业基金,TMT行业基金,行业均衡基金,TMT行业基金,TMT行业基金,行业均衡基金,行业轮动基金
32,000039.OF,TMT行业基金,行业均衡基金,行业均衡基金,行业均衡基金,行业均衡基金,行业均衡基金,行业轮动基金
33,001898.OF,医药行业基金,医药行业基金,医药行业基金,医药行业基金,医药行业基金,行业均衡基金,行业轮动基金
34,000828.OF,TMT行业基金,制造行业基金,制造行业基金,行业均衡基金,行业均衡基金,制造行业基金,行业轮动基金
35,001223.OF,TMT行业基金,TMT行业基金,行业均衡基金,TMT行业基金,TMT行业基金,TMT行业基金,行业轮动基金
36,040007.OF,TMT行业基金,TMT行业基金,行业均衡基金,TMT行业基金,TMT行业基金,行业均衡基金,行业轮动基金
37,001766.OF,医药行业基金,医药行业基金,医药行业基金,医药行业基金,医药行业基金,医药行业基金,稳定医药行业基金
38,001404.OF,TMT行业基金,TMT行业基金,TMT行业基金,TMT行业基金,TMT行业基金,TMT行业基金,稳定TMT行业基金
39,110022.OF,消费行业基金,消费行业基金,消费行业基金,消费行业基金,消费行业基金,消费行业基金,稳定消费行业基金
40,001956.OF,TMT行业基金,行业均衡基金,行业均衡基金,行业均衡基金,TMT行业基金,TMT行业基金,行业轮动基金
41,257070.OF,TMT行业基金,行业均衡基金,行业均衡基金,TMT行业基金,TMT行业基金,TMT行业基金,行业轮动基金
42,540010.OF,TMT行业基金,TMT行业基金,TMT行业基金,TMT行业基金,TMT行业基金,TMT行业基金,稳定TMT行业基金
43,002707.OF,TMT行业基金,制造行业基金,TMT行业基金,行业均衡基金,TMT行业基金,TMT行业基金,行业轮动基金
44,290012.OF,TMT行业基金,行业均衡基金,行业均衡基金,行业均衡基金,TMT行业基金,TMT行业基金,行业轮动基金
45,001542.OF,TMT行业基金,行业均衡基金,行业均衡基金,行业均衡基金,行业均衡基金,行业均衡基金,行业轮动基金
46,001255.OF,TMT行业基金,TMT行业基金,TMT行业基金,TMT行业基金,TMT行业基金,行业均衡基金,行业轮动基金
47,001071.OF,TMT行业基金,行业均衡基金,行业均衡基金,行业均衡基金,行业均衡基金,行业均衡基金,行业轮动基金
48,000742.OF,TMT行业基金,行业均衡基金,行业均衡基金,行业均衡基金,行业均衡基金,行业均衡基金,行业轮动基金
49,519005.OF,TMT行业基金,制造行业基金,行业均衡基金,行业均衡基金,行业均衡基金,行业均衡基金,行业轮动基金
50,000083.OF,消费行业基金,消费行业基金,消费行业基金,消费行业基金,消费行业基金,消费行业基金,稳定消费行业基金
51,100039.OF,TMT行业基金,行业均衡基金,行业均衡基金,行业均衡基金,行业均衡基金,行业均衡基金,行业轮动基金
52,000940.OF,TMT行业基金,行业均衡基金,行业均衡基金,行业均衡基金,行业均衡基金,行业均衡基金,行业轮动基金
53,660012.OF,消费行业基金,消费行业基金,消费行业基金,消费行业基金,消费行业基金,消费行业基金,稳定消费行业基金
54,217012.OF,TMT行业基金,行业均衡基金,行业均衡基金,行业均衡基金,行业均衡基金,行业均衡基金,行业轮动基金
55,270041.OF,消费行业基金,消费行业基金,消费行业基金,消费行业基金,消费行业基金,消费行业基金,稳定消费行业基金
56,200001.OF,TMT行业基金,行业均衡基金,行业均衡基金,行业均衡基金,行业均衡基金,行业均衡基金,行业轮动基金
57,001166.OF,制造行业基金,行业均衡基金,行业均衡基金,行业均衡基金,行业均衡基金,制造行业基金,行业轮动基金
58,001927.OF,消费行业基金,消费行业基金,消费行业基金,消费行业基金,消费行业基金,消费行业基金,稳定消费行业基金
59,002983.OF,制造行业基金,制造行业基金,制造行业基金,制造行业基金,制造行业基金,制造行业基金,稳定制造行业基金
60,290011.OF,TMT行业基金,TMT行业基金,TMT行业基金,TMT行业基金,TMT行业基金,TMT行业基金,稳定TMT行业基金
61,240004.OF,TMT行业基金,行业均衡基金,行业均衡基金,行业均衡基金,周期行业基金,TMT行业基金,行业轮动基金
62,163503.SZ,TMT行业基金,行业均衡基金,行业均衡基金,行业均衡基金,行业均衡基金,行业均衡基金,行业轮动基金
63,001171.OF,医药行业基金,医药行业基金,医药行业基金,医药行业基金,医药行业基金,医药行业基金,稳定医药行业基金
64,001513.OF,TMT行业基金,TMT行业基金,行业均衡基金,TMT行业基金,TMT行业基金,TMT行业基金,行业轮动基金
65,379010.OF,TMT行业基金,行业均衡基金,行业均衡基金,行业均衡基金,行业均衡基金,行业均衡基金,行业轮动基金
66,001924.OF,TMT行业基金,行业均衡基金,行业均衡基金,行业均衡基金,行业均衡基金,行业均衡基金,行业轮动基金
67,519915.OF,消费行业基金,消费行业基金,消费行业基金,消费行业基金,行业均衡基金,行业均衡基金,行业轮动基金
68,200006.OF,医药行业基金,医药行业基金,行业均衡基金,行业均衡基金,行业均衡基金,行业均衡基金,行业轮动基金
69,001475.OF,制造行业基金,制造行业基金,制造行业基金,制造行业基金,制造行业基金,制造行业基金,稳定制造行业基金
70,210003.OF,TMT行业基金,行业均衡基金,行业均衡基金,行业均衡基金,制造行业基金,行业均衡基金,行业轮动基金
71,610004.OF,制造行业基金,制造行业基金,行业均衡基金,行业均衡基金,行业均衡基金,行业均衡基金,行业轮动基金
72,000780.OF,医药行业基金,医药行业基金,医药行业基金,医药行业基金,医药行业基金,医药行业基金,稳定医药行业基金
73,420003.OF,消费行业基金,消费行业基金,消费行业基金,消费行业基金,消费行业基金,行业均衡基金,行业轮动基金
74,004505.OF,消费行业基金,消费行业基金,消费行业基金,行业均衡基金,消费行业基金,行业均衡基金,行业轮动基金
75,001143.OF,TMT行业基金,行业均衡基金,行业均衡基金,行业均衡基金,行业均衡基金,行业均衡基金,行业轮动基金
76,000609.OF,TMT行业基金,行业均衡基金,行业均衡基金,行业均衡基金,行业均衡基金,行业均衡基金,行业轮动基金
77,630016.OF,TMT行业基金,行业均衡基金,行业均衡基金,行业均衡基金,行业均衡基金,行业均衡基金,行业轮动基金
78,210009.OF,TMT行业基金,TMT行业基金,TMT行业基金,TMT行业基金,TMT行业基金,TMT行业基金,稳定TMT行业基金
79,001106.OF,TMT行业基金,行业均衡基金,行业均衡基金,行业均衡基金,行业均衡基金,行业均衡基金,行业轮动基金
80,610006.OF,制造行业基金,制造行业基金,行业均衡基金,行业均衡基金,行业均衡基金,行业均衡基金,行业轮动基金
81,590005.OF,TMT行业基金,制造行业基金,行业均衡基金,制造行业基金,医药行业基金,行业均衡基金,行业轮动基金
82,001163.OF,消费行业基金,消费行业基金,消费行业基金,消费行业基金,行业均衡基金,消费行业基金,行业轮动基金
83,519710.OF,消费行业基金,消费行业基金,消费行业基金,消费行业基金,消费行业基金,消费行业基金,稳定消费行业基金
84,000985.OF,制造行业基金,行业均衡基金,制造行业基金,制造行业基金,行业均衡基金,行业均衡基金,行业轮动基金
85,070021.OF,制造行业基金,行业均衡基金,制造行业基金,制造行业基金,行业均衡基金,行业均衡基金,行业轮动基金
86,004871.OF,金融地产行业基金,金融地产行业基金,金融地产行业基金,金融地产行业基金,金融地产行业基金,金融地产行业基金,稳定金融地产行业基金
87,005094.OF,TMT行业基金,行业均衡基金,行业均衡基金,行业均衡基金,行业均衡基金,行业均衡基金,行业轮动基金
88,001808.OF,TMT行业基金,制造行业基金,行业均衡基金,行业均衡基金,行业均衡基金,行业均衡基金,行业轮动基金
89,260108.OF,消费行业基金,消费行业基金,消费行业基金,消费行业基金,消费行业基金,消费行业基金,稳定消费行业基金
90,519196.OF,TMT行业基金,行业均衡基金,行业均衡基金,行业均衡基金,行业均衡基金,行业均衡基金,行业轮动基金
91,050010.OF,TMT行业基金,制造行业基金,行业均衡基金,行业均衡基金,行业均衡基金,行业均衡基金,行业轮动基金
92,260109.OF,消费行业基金,消费行业基金,消费行业基金,消费行业基金,消费行业基金,消费行业基金,稳定消费行业基金
93,004868.OF,消费行业基金,消费行业基金,消费行业基金,消费行业基金,消费行业基金,消费行业基金,稳定消费行业基金
94,519714.OF,消费行业基金,消费行业基金,消费行业基金,消费行业基金,消费行业基金,消费行业基金,稳定消费行业基金
95,180012.OF,消费行业基金,行业均衡基金,行业均衡基金,行业均衡基金,行业均衡基金,行业均衡基金,行业轮动基金
96,050018.OF,制造行业基金,金融地产行业基金,TMT行业基金,TMT行业基金,行业均衡基金,周期行业基金,行业轮动基金
97,162605.SZ,消费行业基金,消费行业基金,消费行业基金,消费行业基金,消费行业基金,消费行业基金,稳定消费行业基金
98,161903.SZ,TMT行业基金,TMT行业基金,TMT行业基金,TMT行业基金,TMT行业基金,行业均衡基金,行业轮动基金
99,519195.OF,TMT行业基金,行业均衡基金,行业均衡基金,行业均衡基金,行业均衡基金,行业均衡基金,行业轮动基金
100,001576.OF,制造行业基金,制造行业基金,行业均衡基金,制造行业基金,制造行业基金,行业均衡基金,行业轮动基金
101,001579.OF,消费行业基金,行业均衡基金,行业均衡基金,行业均衡基金,消费行业基金,消费行业基金,行业轮动基金
102,519093.OF,消费行业基金,消费行业基金,消费行业基金,消费行业基金,行业均衡基金,消费行业基金,行业轮动基金
103,001000.OF,TMT行业基金,制造行业基金,行业均衡基金,行业均衡基金,行业均衡基金,行业均衡基金,行业轮动基金
104,270028.OF,制造行业基金,制造行业基金,制造行业基金,行业均衡基金,行业均衡基金,行业均衡基金,行业轮动基金
105,398061.OF,消费行业基金,行业均衡基金,行业均衡基金,行业均衡基金,行业均衡基金,行业均衡基金,行业轮动基金
106,004666.OF,制造行业基金,TMT行业基金,行业均衡基金,TMT行业基金,TMT行业基金,TMT行业基金,行业轮动基金
107,001396.OF,TMT行业基金,行业均衡基金,行业均衡基金,行业均衡基金,行业均衡基金,行业均衡基金,行业轮动基金
108,001245.OF,制造行业基金,制造行业基金,行业均衡基金,制造行业基金,制造行业基金,行业均衡基金,行业轮动基金
109,163412.SZ,TMT行业基金,行业均衡基金,行业均衡基金,行业均衡基金,TMT行业基金,行业均衡基金,行业轮动基金
110,690004.OF,制造行业基金,制造行业基金,制造行业基金,行业均衡基金,行业均衡基金,行业均衡基金,行业轮动基金
111,003298.OF,其他行业基金,其他行业基金,其他行业基金,行业均衡基金,行业均衡基金,行业均衡基金,行业轮动基金
112,260104.OF,消费行业基金,消费行业基金,消费行业基金,消费行业基金,行业均衡基金,消费行业基金,行业轮动基金
113,000524.OF,TMT行业基金,行业均衡基金,行业均衡基金,行业均衡基金,行业均衡基金,行业均衡基金,行业轮动基金
114,519773.OF,TMT行业基金,行业均衡基金,行业均衡基金,行业均衡基金,行业均衡基金,行业均衡基金,行业轮动基金
115,519015.OF,制造行业基金,制造行业基金,行业均衡基金,行业均衡基金,行业均衡基金,行业均衡基金,行业轮动基金
116,200008.OF,消费行业基金,消费行业基金,消费行业基金,消费行业基金,消费行业基金,消费行业基金,稳定消费行业基金
117,180031.OF,TMT行业基金,制造行业基金,行业均衡基金,行业均衡基金,行业均衡基金,行业均衡基金,行业轮动基金
118,519011.OF,制造行业基金,制造行业基金,行业均衡基金,行业均衡基金,行业均衡基金,行业均衡基金,行业轮动基金
119,163302.SZ,制造行业基金,行业均衡基金,行业均衡基金,行业均衡基金,行业均衡基金,行业均衡基金,行业轮动基金
120,003940.OF,消费行业基金,行业均衡基金,行业均衡基金,行业均衡基金,行业均衡基金,行业均衡基金,行业轮动基金
121,000294.OF,消费行业基金,行业均衡基金,消费行业基金,行业均衡基金,行业均衡基金,消费行业基金,行业轮动基金
122,519664.OF,消费行业基金,行业均衡基金,行业均衡基金,行业均衡基金,行业均衡基金,行业均衡基金,行业轮动基金
123,001044.OF,消费行业基金,行业均衡基金,行业均衡基金,行业均衡基金,行业均衡基金,行业均衡基金,行业轮动基金
124,000778.OF,消费行业基金,消费行业基金,消费行业基金,行业均衡基金,行业均衡基金,行业均衡基金,行业轮动基金
125,001150.OF,行业均衡基金,TMT行业基金,TMT行业基金,行业均衡基金,行业均衡基金,行业均衡基金,行业轮动基金
126,519181.OF,行业均衡基金,行业均衡基金,行业均衡基金,行业均衡基金,行业均衡基金,行业均衡基金,稳定行业均衡基金
127,002229.OF,行业均衡基金,行业均衡基金,行业均衡基金,行业均衡基金,行业均衡基金,行业均衡基金,稳定行业均衡基金
128,002939.OF,行业均衡基金,行业均衡基金,行业均衡基金,行业均衡基金,行业均衡基金,行业均衡基金,稳定行业均衡基金
129,375010.OF,行业均衡基金,行业均衡基金,行业均衡基金,行业均衡基金,行业均衡基金,行业均衡基金,稳定行业均衡基金
130,519712.OF,行业均衡基金,行业均衡基金,行业均衡基金,行业均衡基金,行业均衡基金,行业均衡基金,稳定行业均衡基金
131,481013.OF,行业均衡基金,行业均衡基金,消费行业基金,行业均衡基金,行业均衡基金,行业均衡基金,行业轮动基金
132,377240.OF,行业均衡基金,行业均衡基金,行业均衡基金,行业均衡基金,行业均衡基金,行业均衡基金,稳定行业均衡基金
133,270021.OF,行业均衡基金,行业均衡基金,行业均衡基金,行业均衡基金,行业均衡基金,行业均衡基金,稳定行业均衡基金
134,470009.OF,行业均衡基金,行业均衡基金,行业均衡基金,行业均衡基金,行业均衡基金,行业均衡基金,稳定行业均衡基金
135,162209.OF,行业均衡基金,行业均衡基金,行业均衡基金,行业均衡基金,行业均衡基金,行业均衡基金,稳定行业均衡基金
136,001222.OF,行业均衡基金,行业均衡基金,行业均衡基金,行业均衡基金,行业均衡基金,行业均衡基金,稳定行业均衡基金
137,519089.OF,行业均衡基金,行业均衡基金,行业均衡基金,行业均衡基金,行业均衡基金,行业均衡基金,稳定行业均衡基金
138,519025.OF,行业均衡基金,行业均衡基金,行业均衡基金,行业均衡基金,行业均衡基金,行业均衡基金,稳定行业均衡基金
139,519651.OF,行业均衡基金,行业均衡基金,行业均衡基金,行业均衡基金,行业均衡基金,行业均衡基金,稳定行业均衡基金
140,000520.OF,行业均衡基金,行业均衡基金,行业均衡基金,行业均衡基金,行业均衡基金,行业均衡基金,稳定行业均衡基金
141,270050.OF,行业均衡基金,行业均衡基金,行业均衡基金,行业均衡基金,行业均衡基金,行业均衡基金,稳定行业均衡基金
142,160624.OF,行业均衡基金,行业均衡基金,制造行业基金,制造行业基金,行业均衡基金,行业均衡基金,行业轮动基金
143,000866.OF,行业均衡基金,行业均衡基金,行业均衡基金,行业均衡基金,行业均衡基金,行业均衡基金,稳定行业均衡基金
144,050009.OF,行业均衡基金,制造行业基金,制造行业基金,行业均衡基金,行业均衡基金,行业均衡基金,行业轮动基金
145,550002.OF,行业均衡基金,行业均衡基金,行业均衡基金,行业均衡基金,行业均衡基金,行业均衡基金,稳定行业均衡基金
146,000309.OF,行业均衡基金,行业均衡基金,行业均衡基金,行业均衡基金,行业均衡基金,行业均衡基金,稳定行业均衡基金
147,001569.OF,行业均衡基金,行业均衡基金,行业均衡基金,行业均衡基金,行业均衡基金,行业均衡基金,稳定行业均衡基金
148,020005.OF,行业均衡基金,行业均衡基金,行业均衡基金,行业均衡基金,行业均衡基金,消费行业基金,行业轮动基金
149,000167.OF,行业均衡基金,行业均衡基金,行业均衡基金,消费行业基金,行业均衡基金,行业均衡基金,行业轮动基金
150,519690.OF,行业均衡基金,行业均衡基金,行业均衡基金,行业均衡基金,行业均衡基金,行业均衡基金,稳定行业均衡基金
151,420005.OF,行业均衡基金,周期行业基金,行业均衡基金,周期行业基金,行业均衡基金,行业均衡基金,行业轮动基金
152,000967.OF,行业均衡基金,行业均衡基金,行业均衡基金,行业均衡基金,行业均衡基金,行业均衡基金,稳定行业均衡基金
153,202011.OF,行业均衡基金,行业均衡基金,行业均衡基金,行业均衡基金,行业均衡基金,行业均衡基金,稳定行业均衡基金
154,180028.OF,行业均衡基金,行业均衡基金,行业均衡基金,行业均衡基金,行业均衡基金,行业均衡基金,稳定行业均衡基金
155,260103.OF,行业均衡基金,行业均衡基金,行业均衡基金,行业均衡基金,行业均衡基金,行业均衡基金,稳定行业均衡基金
156,160518.SZ,行业均衡基金,行业均衡基金,行业均衡基金,行业均衡基金,行业均衡基金,行业均衡基金,稳定行业均衡基金
157,519668.OF,行业均衡基金,行业均衡基金,行业均衡基金,行业均衡基金,行业均衡基金,行业均衡基金,稳定行业均衡基金
158,519991.OF,行业均衡基金,行业均衡基金,行业均衡基金,行业均衡基金,行业均衡基金,行业均衡基金,稳定行业均衡基金
159,070019.OF,行业均衡基金,行业均衡基金,行业均衡基金,行业均衡基金,行业均衡基金,行业均衡基金,稳定行业均衡基金
160,110015.OF,行业均衡基金,行业均衡基金,行业均衡基金,行业均衡基金,行业均衡基金,行业均衡基金,稳定行业均衡基金
161,020023.OF,行业均衡基金,行业均衡基金,行业均衡基金,行业均衡基金,行业均衡基金,行业均衡基金,稳定行业均衡基金
162,460007.OF,行业均衡基金,行业均衡基金,行业均衡基金,行业均衡基金,行业均衡基金,行业均衡基金,稳定行业均衡基金
163,100022.OF,行业均衡基金,行业均衡基金,行业均衡基金,行业均衡基金,行业均衡基金,行业均衡基金,稳定行业均衡基金
164,005028.OF,行业均衡基金,行业均衡基金,行业均衡基金,行业均衡基金,行业均衡基金,行业均衡基金,稳定行业均衡基金
165,040015.OF,行业均衡基金,行业均衡基金,行业均衡基金,行业均衡基金,行业均衡基金,行业均衡基金,稳定行业均衡基金
166,233007.OF,行业均衡基金,医药行业基金,医药行业基金,行业均衡基金,行业均衡基金,行业均衡基金,行业轮动基金
167,090009.OF,行业均衡基金,行业均衡基金,行业均衡基金,行业均衡基金,行业均衡基金,行业均衡基金,稳定行业均衡基金
168,000011.OF,行业均衡基金,行业均衡基金,行业均衡基金,行业均衡基金,行业均衡基金,行业均衡基金,稳定行业均衡基金
169,001398.OF,行业均衡基金,行业均衡基金,行业均衡基金,行业均衡基金,行业均衡基金,行业均衡基金,稳定行业均衡基金
170,519017.OF,行业均衡基金,行业均衡基金,行业均衡基金,行业均衡基金,行业均衡基金,行业均衡基金,稳定行业均衡基金
171,162703.SZ,行业均衡基金,行业均衡基金,行业均衡基金,行业均衡基金,行业均衡基金,行业均衡基金,稳定行业均衡基金
172,519767.OF,行业均衡基金,行业均衡基金,行业均衡基金,行业均衡基金,行业均衡基金,行业均衡基金,稳定行业均衡基金
173,001382.OF,行业均衡基金,行业均衡基金,消费行业基金,消费行业基金,消费行业基金,消费行业基金,行业轮动基金
174,270005.OF,行业均衡基金,行业均衡基金,行业均衡基金,行业均衡基金,行业均衡基金,行业均衡基金,稳定行业均衡基金
175,162208.OF,行业均衡基金,行业均衡基金,行业均衡基金,行业均衡基金,行业均衡基金,行业均衡基金,稳定行业均衡基金
176,003745.OF,行业均衡基金,行业均衡基金,行业均衡基金,行业均衡基金,行业均衡基金,行业均衡基金,稳定行业均衡基金
177,519736.OF,行业均衡基金,行业均衡基金,行业均衡基金,行业均衡基金,行业均衡基金,行业均衡基金,稳定行业均衡基金
178,700003.OF,行业均衡基金,行业均衡基金,行业均衡基金,行业均衡基金,行业均衡基金,行业均衡基金,稳定行业均衡基金
179,001125.OF,行业均衡基金,行业均衡基金,行业均衡基金,行业均衡基金,行业均衡基金,行业均衡基金,稳定行业均衡基金
180,233006.OF,行业均衡基金,行业均衡基金,行业均衡基金,行业均衡基金,行业均衡基金,行业均衡基金,稳定行业均衡基金
181,180013.OF,行业均衡基金,行业均衡基金,行业均衡基金,行业均衡基金,行业均衡基金,行业均衡基金,稳定行业均衡基金
182,180018.OF,行业均衡基金,行业均衡基金,行业均衡基金,行业均衡基金,行业均衡基金,行业均衡基金,稳定行业均衡基金
183,001790.OF,行业均衡基金,行业均衡基金,行业均衡基金,行业均衡基金,制造行业基金,行业均衡基金,行业轮动基金
184,040004.OF,行业均衡基金,行业均衡基金,行业均衡基金,行业均衡基金,行业均衡基金,消费行业基金,行业轮动基金
185,630006.OF,行业均衡基金,行业均衡基金,行业均衡基金,行业均衡基金,行业均衡基金,行业均衡基金,稳定行业均衡基金
186,163406.SZ,行业均衡基金,行业均衡基金,行业均衡基金,行业均衡基金,行业均衡基金,行业均衡基金,稳定行业均衡基金
187,000991.OF,行业均衡基金,行业均衡基金,行业均衡基金,行业均衡基金,行业均衡基金,行业均衡基金,稳定行业均衡基金
188,004434.OF,行业均衡基金,制造行业基金,行业均衡基金,行业均衡基金,行业均衡基金,行业均衡基金,行业轮动基金
189,320012.OF,行业均衡基金,行业均衡基金,行业均衡基金,行业均衡基金,行业均衡基金,行业均衡基金,稳定行业均衡基金
190,001158.OF,行业均衡基金,行业均衡基金,行业均衡基金,行业均衡基金,行业均衡基金,行业均衡基金,稳定行业均衡基金
191,001256.OF,行业均衡基金,行业均衡基金,行业均衡基金,行业均衡基金,行业均衡基金,行业均衡基金,稳定行业均衡基金
192,270006.OF,行业均衡基金,行业均衡基金,行业均衡基金,行业均衡基金,行业均衡基金,行业均衡基金,稳定行业均衡基金
193,005241.OF,行业均衡基金,行业均衡基金,行业均衡基金,行业均衡基金,行业均衡基金,行业均衡基金,稳定行业均衡基金
194,160918.SZ,行业均衡基金,行业均衡基金,行业均衡基金,行业均衡基金,行业均衡基金,行业均衡基金,稳定行业均衡基金
195,002808.OF,行业均衡基金,行业均衡基金,行业均衡基金,行业均衡基金,行业均衡基金,行业均衡基金,稳定行业均衡基金
196,001410.OF,行业均衡基金,行业均衡基金,行业均衡基金,行业均衡基金,行业均衡基金,行业均衡基金,稳定行业均衡基金
197,161810.SZ,行业均衡基金,行业均衡基金,行业均衡基金,行业均衡基金,行业均衡基金,行业均衡基金,稳定行业均衡基金
198,340007.OF,行业均衡基金,行业均衡基金,行业均衡基金,行业均衡基金,行业均衡基金,行业均衡基金,稳定行业均衡基金
199,001373.OF,行业均衡基金,行业均衡基金,行业均衡基金,行业均衡基金,行业均衡基金,行业均衡基金,稳定行业均衡基金
200,165313.SZ,行业均衡基金,行业均衡基金,行业均衡基金,行业均衡基金,行业均衡基金,行业均衡基金,稳定行业均衡基金
201,002168.OF,行业均衡基金,行业均衡基金,行业均衡基金,行业均衡基金,行业均衡基金,行业均衡基金,稳定行业均衡基金
202,160421.SZ,行业均衡基金,行业均衡基金,行业均衡基金,行业均衡基金,行业均衡基金,行业均衡基金,稳定行业均衡基金
203,163822.OF,行业均衡基金,行业均衡基金,行业均衡基金,行业均衡基金,行业均衡基金,行业均衡基金,稳定行业均衡基金
204,005299.OF,行业均衡基金,行业均衡基金,行业均衡基金,行业均衡基金,行业均衡基金,行业均衡基金,稳定行业均衡基金
205,040005.OF,行业均衡基金,行业均衡基金,行业均衡基金,行业均衡基金,行业均衡基金,行业均衡基金,稳定行业均衡基金
206,000117.OF,行业均衡基金,行业均衡基金,行业均衡基金,行业均衡基金,行业均衡基金,行业均衡基金,稳定行业均衡基金
207,519672.OF,行业均衡基金,行业均衡基金,行业均衡基金,行业均衡基金,行业均衡基金,行业均衡基金,稳定行业均衡基金
208,233009.OF,行业均衡基金,行业均衡基金,行业均衡基金,行业均衡基金,行业均衡基金,行业均衡基金,稳定行业均衡基金
209,000619.OF,行业均衡基金,行业均衡基金,行业均衡基金,行业均衡基金,行业均衡基金,行业均衡基金,稳定行业均衡基金
210,001672.OF,行业均衡基金,行业均衡基金,行业均衡基金,行业均衡基金,行业均衡基金,行业均衡基金,稳定行业均衡基金
211,003984.OF,行业均衡基金,行业均衡基金,行业均衡基金,行业均衡基金,行业均衡基金,行业均衡基金,稳定行业均衡基金
212,160613.SZ,行业均衡基金,行业均衡基金,行业均衡基金,行业均衡基金,行业均衡基金,行业均衡基金,稳定行业均衡基金
213,398021.OF,行业均衡基金,制造行业基金,制造行业基金,制造行业基金,制造行业基金,行业均衡基金,行业轮动基金
214,000939.OF,行业均衡基金,行业均衡基金,行业均衡基金,行业均衡基金,行业均衡基金,行业均衡基金,稳定行业均衡基金
215,550008.OF,行业均衡基金,行业均衡基金,行业均衡基金,行业均衡基金,行业均衡基金,行业均衡基金,稳定行业均衡基金
216,378010.OF,行业均衡基金,行业均衡基金,行业均衡基金,行业均衡基金,行业均衡基金,行业均衡基金,稳定行业均衡基金
217,163807.OF,行业均衡基金,行业均衡基金,行业均衡基金,行业均衡基金,行业均衡基金,行业均衡基金,稳定行业均衡基金
218,160314.SZ,行业均衡基金,行业均衡基金,行业均衡基金,行业均衡基金,行业均衡基金,行业均衡基金,稳定行业均衡基金
219,519021.OF,行业均衡基金,行业均衡基金,行业均衡基金,行业均衡基金,行业均衡基金,行业均衡基金,稳定行业均衡基金
220,570008.OF,行业均衡基金,行业均衡基金,行业均衡基金,行业均衡基金,行业均衡基金,行业均衡基金,稳定行业均衡基金
221,519029.OF,行业均衡基金,行业均衡基金,行业均衡基金,行业均衡基金,行业均衡基金,行业均衡基金,稳定行业均衡基金
222,161606.OF,行业均衡基金,行业均衡基金,行业均衡基金,行业均衡基金,制造行业基金,行业均衡基金,行业轮动基金
223,630010.OF,行业均衡基金,行业均衡基金,行业均衡基金,行业均衡基金,行业均衡基金,行业均衡基金,稳定行业均衡基金
224,000264.OF,行业均衡基金,行业均衡基金,行业均衡基金,行业均衡基金,行业均衡基金,行业均衡基金,稳定行业均衡基金
225,070032.OF,行业均衡基金,行业均衡基金,行业均衡基金,行业均衡基金,行业均衡基金,行业均衡基金,稳定行业均衡基金
226,001985.OF,行业均衡基金,行业均衡基金,行业均衡基金,行业均衡基金,行业均衡基金,行业均衡基金,稳定行业均衡基金
227,001857.OF,行业均衡基金,行业均衡基金,行业均衡基金,行业均衡基金,行业均衡基金,消费行业基金,行业轮动基金
228,410007.OF,行业均衡基金,行业均衡基金,行业均衡基金,行业均衡基金,行业均衡基金,行业均衡基金,稳定行业均衡基金
229,519908.OF,行业均衡基金,行业均衡基金,制造行业基金,行业均衡基金,行业均衡基金,制造行业基金,行业轮动基金
230,001725.OF,行业均衡基金,行业均衡基金,行业均衡基金,行业均衡基金,行业均衡基金,行业均衡基金,稳定行业均衡基金
231,570001.OF,行业均衡基金,行业均衡基金,行业均衡基金,行业均衡基金,行业均衡基金,行业均衡基金,稳定行业均衡基金
232,001126.OF,行业均衡基金,行业均衡基金,行业均衡基金,行业均衡基金,行业均衡基金,行业均衡基金,稳定行业均衡基金
233,288002.OF,行业均衡基金,行业均衡基金,行业均衡基金,行业均衡基金,行业均衡基金,行业均衡基金,稳定行业均衡基金
234,202212.OF,行业均衡基金,行业均衡基金,行业均衡基金,行业均衡基金,行业均衡基金,行业均衡基金,稳定行业均衡基金
235,001468.OF,行业均衡基金,行业均衡基金,行业均衡基金,行业均衡基金,周期行业基金,行业均衡基金,行业轮动基金
236,001832.OF,行业均衡基金,周期行业基金,行业均衡基金,行业均衡基金,行业均衡基金,行业均衡基金,行业轮动基金
237,161706.SZ,行业均衡基金,行业均衡基金,行业均衡基金,行业均衡基金,行业均衡基金,行业均衡基金,稳定行业均衡基金
238,001910.OF,行业均衡基金,行业均衡基金,行业均衡基金,行业均衡基金,行业均衡基金,行业均衡基金,稳定行业均衡基金
239,001291.OF,行业均衡基金,行业均衡基金,行业均衡基金,行业均衡基金,行业均衡基金,行业均衡基金,稳定行业均衡基金
240,000017.OF,行业均衡基金,行业均衡基金,行业均衡基金,行业均衡基金,行业均衡基金,行业均衡基金,稳定行业均衡基金
241,003715.OF,行业均衡基金,行业均衡基金,行业均衡基金,行业均衡基金,行业均衡基金,行业均衡基金,稳定行业均衡基金
242,519193.OF,行业均衡基金,行业均衡基金,行业均衡基金,行业均衡基金,行业均衡基金,行业均衡基金,稳定行业均衡基金
243,213003.OF,行业均衡基金,制造行业基金,行业均衡基金,行业均衡基金,行业均衡基金,行业均衡基金,行业轮动基金
244,000592.OF,行业均衡基金,行业均衡基金,行业均衡基金,行业均衡基金,行业均衡基金,行业均衡基金,稳定行业均衡基金
245,001975.OF,行业均衡基金,行业均衡基金,行业均衡基金,行业均衡基金,行业均衡基金,行业均衡基金,稳定行业均衡基金
246,000457.OF,行业均衡基金,行业均衡基金,行业均衡基金,行业均衡基金,行业均衡基金,行业均衡基金,稳定行业均衡基金
247,202005.OF,行业均衡基金,行业均衡基金,行业均衡基金,行业均衡基金,行业均衡基金,行业均衡基金,稳定行业均衡基金
248,410003.OF,行业均衡基金,行业均衡基金,行业均衡基金,行业均衡基金,行业均衡基金,行业均衡基金,稳定行业均衡基金
249,003145.OF,行业均衡基金,行业均衡基金,行业均衡基金,行业均衡基金,行业均衡基金,行业均衡基金,稳定行业均衡基金
250,000996.OF,行业均衡基金,行业均衡基金,行业均衡基金,行业均衡基金,行业均衡基金,行业均衡基金,稳定行业均衡基金
251,001028.OF,行业均衡基金,行业均衡基金,行业均衡基金,行业均衡基金,行业均衡基金,行业均衡基金,稳定行业均衡基金
252,377010.OF,行业均衡基金,行业均衡基金,行业均衡基金,行业均衡基金,行业均衡基金,行业均衡基金,稳定行业均衡基金
253,000977.OF,行业均衡基金,行业均衡基金,行业均衡基金,行业均衡基金,行业均衡基金,行业均衡基金,稳定行业均衡基金
254,260101.OF,行业均衡基金,行业均衡基金,行业均衡基金,行业均衡基金,行业均衡基金,行业均衡基金,稳定行业均衡基金
255,000652.OF,行业均衡基金,行业均衡基金,行业均衡基金,行业均衡基金,行业均衡基金,行业均衡基金,稳定行业均衡基金
256,070002.OF,行业均衡基金,行业均衡基金,行业均衡基金,行业均衡基金,行业均衡基金,行业均衡基金,稳定行业均衡基金
257,370027.OF,行业均衡基金,行业均衡基金,行业均衡基金,行业均衡基金,行业均衡基金,行业均衡基金,稳定行业均衡基金
258,340006.OF,行业均衡基金,行业均衡基金,行业均衡基金,行业均衡基金,行业均衡基金,行业均衡基金,稳定行业均衡基金
259,001437.OF,行业均衡基金,行业均衡基金,周期行业基金,TMT行业基金,行业均衡基金,TMT行业基金,行业轮动基金
260,100060.OF,行业均衡基金,行业均衡基金,行业均衡基金,TMT行业基金,行业均衡基金,行业均衡基金,行业轮动基金
261,001457.OF,行业均衡基金,行业均衡基金,行业均衡基金,行业均衡基金,行业均衡基金,行业均衡基金,稳定行业均衡基金
262,001726.OF,行业均衡基金,消费行业基金,行业均衡基金,行业均衡基金,行业均衡基金,行业均衡基金,行业轮动基金
263,519727.OF,行业均衡基金,行业均衡基金,行业均衡基金,行业均衡基金,行业均衡基金,行业均衡基金,稳定行业均衡基金
264,001009.OF,行业均衡基金,制造行业基金,行业均衡基金,行业均衡基金,行业均衡基金,行业均衡基金,行业轮动基金
265,400025.OF,行业均衡基金,行业均衡基金,消费行业基金,行业均衡基金,行业均衡基金,消费行业基金,行业轮动基金
266,000549.OF,行业均衡基金,行业均衡基金,行业均衡基金,行业均衡基金,行业均衡基金,行业均衡基金,稳定行业均衡基金
267,630002.OF,行业均衡基金,行业均衡基金,周期行业基金,周期行业基金,周期行业基金,行业均衡基金,行业轮动基金
268,400007.OF,行业均衡基金,行业均衡基金,行业均衡基金,行业均衡基金,行业均衡基金,消费行业基金,行业轮动基金
269,004183.OF,行业均衡基金,行业均衡基金,行业均衡基金,行业均衡基金,行业均衡基金,行业均衡基金,稳定行业均衡基金
270,000173.OF,行业均衡基金,行业均衡基金,行业均衡基金,行业均衡基金,行业均衡基金,行业均衡基金,稳定行业均衡基金
271,481008.OF,行业均衡基金,行业均衡基金,行业均衡基金,行业均衡基金,行业均衡基金,行业均衡基金,稳定行业均衡基金
272,070006.OF,行业均衡基金,行业均衡基金,行业均衡基金,行业均衡基金,行业均衡基金,行业均衡基金,稳定行业均衡基金
273,000031.OF,行业均衡基金,行业均衡基金,行业均衡基金,行业均衡基金,行业均衡基金,行业均衡基金,稳定行业均衡基金
274,519026.OF,行业均衡基金,制造行业基金,行业均衡基金,行业均衡基金,行业均衡基金,行业均衡基金,行业轮动基金
275,004374.OF,行业均衡基金,行业均衡基金,行业均衡基金,行业均衡基金,行业均衡基金,行业均衡基金,稳定行业均衡基金
276,166301.OF,行业均衡基金,行业均衡基金,行业均衡基金,周期行业基金,周期行业基金,行业均衡基金,行业轮动基金
277,000612.OF,行业均衡基金,行业均衡基金,行业均衡基金,行业均衡基金,行业均衡基金,行业均衡基金,稳定行业均衡基金
278,001651.OF,行业均衡基金,行业均衡基金,行业均衡基金,行业均衡基金,行业均衡基金,行业均衡基金,稳定行业均衡基金
279,000263.OF,行业均衡基金,行业均衡基金,行业均衡基金,行业均衡基金,行业均衡基金,行业均衡基金,稳定行业均衡基金
280,163409.SZ,行业均衡基金,行业均衡基金,行业均衡基金,行业均衡基金,行业均衡基金,行业均衡基金,稳定行业均衡基金
281,163411.OF,行业均衡基金,行业均衡基金,行业均衡基金,行业均衡基金,行业均衡基金,行业均衡基金,稳定行业均衡基金
282,000976.OF,行业均衡基金,行业均衡基金,行业均衡基金,行业均衡基金,行业均衡基金,行业均衡基金,稳定行业均衡基金
283,004394.OF,行业均衡基金,行业均衡基金,行业均衡基金,行业均衡基金,行业均衡基金,行业均衡基金,稳定行业均衡基金
284,519704.OF,行业均衡基金,行业均衡基金,行业均衡基金,行业均衡基金,行业均衡基金,行业均衡基金,稳定行业均衡基金
285,001476.OF,行业均衡基金,行业均衡基金,行业均衡基金,行业均衡基金,制造行业基金,制造行业基金,行业轮动基金
286,001496.OF,行业均衡基金,行业均衡基金,行业均衡基金,行业均衡基金,行业均衡基金,行业均衡基金,稳定行业均衡基金
287,162006.SZ,行业均衡基金,行业均衡基金,行业均衡基金,行业均衡基金,行业均衡基金,行业均衡基金,稳定行业均衡基金
288,000628.OF,行业均衡基金,行业均衡基金,行业均衡基金,行业均衡基金,行业均衡基金,行业均衡基金,稳定行业均衡基金
289,519688.OF,行业均衡基金,行业均衡基金,行业均衡基金,行业均衡基金,行业均衡基金,行业均衡基金,稳定行业均衡基金
290,001605.OF,行业均衡基金,行业均衡基金,行业均衡基金,行业均衡基金,行业均衡基金,行业均衡基金,稳定行业均衡基金
291,000513.OF,行业均衡基金,行业均衡基金,行业均衡基金,行业均衡基金,行业均衡基金,行业均衡基金,稳定行业均衡基金
292,003834.OF,行业均衡基金,行业均衡基金,周期行业基金,行业均衡基金,行业均衡基金,行业均衡基金,行业轮动基金
293,003131.OF,行业均衡基金,行业均衡基金,行业均衡基金,行业均衡基金,行业均衡基金,行业均衡基金,稳定行业均衡基金
294,000746.OF,行业均衡基金,行业均衡基金,行业均衡基金,行业均衡基金,行业均衡基金,行业均衡基金,稳定行业均衡基金
295,450002.OF,行业均衡基金,行业均衡基金,行业均衡基金,行业均衡基金,行业均衡基金,行业均衡基金,稳定行业均衡基金
296,217020.OF,行业均衡基金,行业均衡基金,行业均衡基金,行业均衡基金,行业均衡基金,行业均衡基金,稳定行业均衡基金
297,005268.OF,行业均衡基金,行业均衡基金,行业均衡基金,行业均衡基金,行业均衡基金,行业均衡基金,稳定行业均衡基金
298,000751.OF,行业均衡基金,行业均衡基金,行业均衡基金,行业均衡基金,行业均衡基金,行业均衡基金,稳定行业均衡基金
299,550001.OF,行业均衡基金,行业均衡基金,行业均衡基金,行业均衡基金,行业均衡基金,行业均衡基金,稳定行业均衡基金
300,001810.OF,行业均衡基金,行业均衡基金,行业均衡基金,行业均衡基金,行业均衡基金,行业均衡基金,稳定行业均衡基金
301,530001.OF,行业均衡基金,行业均衡基金,行业均衡基金,制造行业基金,行业均衡基金,行业均衡基金,行业轮动基金
302,001040.OF,行业均衡基金,行业均衡基金,行业均衡基金,行业均衡基金,行业均衡基金,行业均衡基金,稳定行业均衡基金
303,519035.OF,行业均衡基金,行业均衡基金,行业均衡基金,行业均衡基金,行业均衡基金,行业均衡基金,稳定行业均衡基金
304,000390.OF,行业均衡基金,行业均衡基金,周期行业基金,周期行业基金,周期行业基金,行业均衡基金,行业轮动基金
305,001102.OF,行业均衡基金,行业均衡基金,行业均衡基金,行业均衡基金,行业均衡基金,行业均衡基金,稳定行业均衡基金
306,688888.OF,行业均衡基金,行业均衡基金,行业均衡基金,行业均衡基金,行业均衡基金,行业均衡基金,稳定行业均衡基金
307,000971.OF,行业均衡基金,行业均衡基金,行业均衡基金,行业均衡基金,行业均衡基金,行业均衡基金,稳定行业均衡基金
308,001473.OF,行业均衡基金,行业均衡基金,行业均衡基金,行业均衡基金,行业均衡基金,行业均衡基金,稳定行业均衡基金
309,001416.OF,行业均衡基金,行业均衡基金,行业均衡基金,行业均衡基金,行业均衡基金,行业均衡基金,稳定行业均衡基金
310,004640.OF,行业均衡基金,行业均衡基金,行业均衡基金,行业均衡基金,行业均衡基金,行业均衡基金,稳定行业均衡基金
311,460001.OF,行业均衡基金,行业均衡基金,行业均衡基金,行业均衡基金,行业均衡基金,行业均衡基金,稳定行业均衡基金
312,000308.OF,行业均衡基金,行业均衡基金,行业均衡基金,行业均衡基金,行业均衡基金,行业均衡基金,稳定行业均衡基金
313,450009.OF,行业均衡基金,行业均衡基金,行业均衡基金,行业均衡基金,行业均衡基金,行业均衡基金,稳定行业均衡基金
314,000595.OF,行业均衡基金,行业均衡基金,行业均衡基金,行业均衡基金,行业均衡基金,行业均衡基金,稳定行业均衡基金
315,530003.OF,行业均衡基金,行业均衡基金,行业均衡基金,行业均衡基金,行业均衡基金,行业均衡基金,稳定行业均衡基金
316,519008.OF,行业均衡基金,行业均衡基金,行业均衡基金,行业均衡基金,行业均衡基金,行业均衡基金,稳定行业均衡基金
317,519087.OF,行业均衡基金,行业均衡基金,行业均衡基金,行业均衡基金,行业均衡基金,行业均衡基金,稳定行业均衡基金
318,257020.OF,行业均衡基金,行业均衡基金,行业均衡基金,行业均衡基金,行业均衡基金,行业均衡基金,稳定行业均衡基金
319,530006.OF,行业均衡基金,行业均衡基金,行业均衡基金,行业均衡基金,行业均衡基金,行业均衡基金,稳定行业均衡基金
320,090015.OF,行业均衡基金,行业均衡基金,行业均衡基金,行业均衡基金,消费行业基金,行业均衡基金,行业轮动基金
321,481006.OF,行业均衡基金,行业均衡基金,行业均衡基金,行业均衡基金,行业均衡基金,行业均衡基金,稳定行业均衡基金
322,001955.OF,行业均衡基金,行业均衡基金,行业均衡基金,行业均衡基金,行业均衡基金,行业均衡基金,稳定行业均衡基金
323,501051.SH,行业均衡基金,行业均衡基金,行业均衡基金,行业均衡基金,行业均衡基金,行业均衡基金,稳定行业均衡基金
324,001054.OF,行业均衡基金,行业均衡基金,行业均衡基金,行业均衡基金,行业均衡基金,行业均衡基金,稳定行业均衡基金
325,002210.OF,行业均衡基金,行业均衡基金,行业均衡基金,行业均衡基金,行业均衡基金,行业均衡基金,稳定行业均衡基金
326,166005.OF,行业均衡基金,行业均衡基金,行业均衡基金,行业均衡基金,行业均衡基金,行业均衡基金,稳定行业均衡基金
327,000021.OF,行业均衡基金,行业均衡基金,行业均衡基金,行业均衡基金,行业均衡基金,行业均衡基金,稳定行业均衡基金
328,163415.SZ,行业均衡基金,行业均衡基金,行业均衡基金,行业均衡基金,行业均衡基金,行业均衡基金,稳定行业均衡基金
329,540008.OF,行业均衡基金,行业均衡基金,行业均衡基金,行业均衡基金,行业均衡基金,行业均衡基金,稳定行业均衡基金
330,005267.OF,行业均衡基金,行业均衡基金,行业均衡基金,行业均衡基金,行业均衡基金,行业均衡基金,稳定行业均衡基金
331,217013.OF,行业均衡基金,行业均衡基金,行业均衡基金,行业均衡基金,行业均衡基金,行业均衡基金,稳定行业均衡基金
332,700001.OF,行业均衡基金,行业均衡基金,行业均衡基金,行业均衡基金,行业均衡基金,行业均衡基金,稳定行业均衡基金
333,001070.OF,行业均衡基金,行业均衡基金,行业均衡基金,行业均衡基金,行业均衡基金,行业均衡基金,稳定行业均衡基金
334,001008.OF,行业均衡基金,行业均衡基金,行业均衡基金,行业均衡基金,行业均衡基金,行业均衡基金,稳定行业均衡基金
335,000893.OF,行业均衡基金,行业均衡基金,行业均衡基金,行业均衡基金,行业均衡基金,行业均衡基金,稳定行业均衡基金
336,229002.OF,行业均衡基金,行业均衡基金,行业均衡基金,行业均衡基金,行业均衡基金,行业均衡基金,稳定行业均衡基金
337,481001.OF,行业均衡基金,行业均衡基金,行业均衡基金,行业均衡基金,行业均衡基金,行业均衡基金,稳定行业均衡基金
338,040020.OF,行业均衡基金,行业均衡基金,行业均衡基金,行业均衡基金,行业均衡基金,行业均衡基金,稳定行业均衡基金
339,004476.OF,行业均衡基金,行业均衡基金,行业均衡基金,行业均衡基金,行业均衡基金,行业均衡基金,稳定行业均衡基金
340,501049.SH,行业均衡基金,行业均衡基金,行业均衡基金,行业均衡基金,行业均衡基金,行业均衡基金,稳定行业均衡基金
341,519975.OF,行业均衡基金,行业均衡基金,行业均衡基金,行业均衡基金,行业均衡基金,行业均衡基金,稳定行业均衡基金
342,000471.OF,行业均衡基金,行业均衡基金,行业均衡基金,行业均衡基金,行业均衡基金,行业均衡基金,稳定行业均衡基金
343,040016.OF,行业均衡基金,行业均衡基金,行业均衡基金,行业均衡基金,行业均衡基金,行业均衡基金,稳定行业均衡基金
344,750001.OF,行业均衡基金,行业均衡基金,行业均衡基金,行业均衡基金,行业均衡基金,行业均衡基金,稳定行业均衡基金
345,040008.OF,行业均衡基金,行业均衡基金,行业均衡基金,行业均衡基金,行业均衡基金,行业均衡基金,稳定行业均衡基金
346,070001.OF,行业均衡基金,行业均衡基金,行业均衡基金,行业均衡基金,行业均衡基金,行业均衡基金,稳定行业均衡基金
347,168101.SZ,行业均衡基金,行业均衡基金,行业均衡基金,行业均衡基金,行业均衡基金,行业均衡基金,稳定行业均衡基金
348,090004.OF,行业均衡基金,行业均衡基金,行业均衡基金,行业均衡基金,行业均衡基金,行业均衡基金,稳定行业均衡基金
349,002593.OF,行业均衡基金,行业均衡基金,行业均衡基金,行业均衡基金,行业均衡基金,行业均衡基金,稳定行业均衡基金
350,100026.OF,行业均衡基金,行业均衡基金,行业均衡基金,行业均衡基金,行业均衡基金,行业均衡基金,稳定行业均衡基金
351,233011.OF,行业均衡基金,行业均衡基金,行业均衡基金,行业均衡基金,行业均衡基金,行业均衡基金,稳定行业均衡基金
352,163805.OF,行业均衡基金,行业均衡基金,行业均衡基金,行业均衡基金,行业均衡基金,行业均衡基金,稳定行业均衡基金
353,001869.OF,行业均衡基金,行业均衡基金,行业均衡基金,行业均衡基金,行业均衡基金,行业均衡基金,稳定行业均衡基金
354,320005.OF,行业均衡基金,行业均衡基金,行业均衡基金,行业均衡基金,行业均衡基金,行业均衡基金,稳定行业均衡基金
355,519003.OF,行业均衡基金,行业均衡基金,行业均衡基金,行业均衡基金,行业均衡基金,行业均衡基金,稳定行业均衡基金
356,202007.OF,行业均衡基金,行业均衡基金,行业均衡基金,行业均衡基金,行业均衡基金,行业均衡基金,稳定行业均衡基金
357,000577.OF,行业均衡基金,行业均衡基金,行业均衡基金,行业均衡基金,行业均衡基金,行业均衡基金,稳定行业均衡基金
358,002259.OF,行业均衡基金,行业均衡基金,行业均衡基金,行业均衡基金,行业均衡基金,行业均衡基金,稳定行业均衡基金
359,002124.OF,行业均衡基金,行业均衡基金,行业均衡基金,行业均衡基金,行业均衡基金,行业均衡基金,稳定行业均衡基金
360,202023.OF,行业均衡基金,行业均衡基金,行业均衡基金,行业均衡基金,行业均衡基金,行业均衡基金,稳定行业均衡基金
361,519133.OF,行业均衡基金,行业均衡基金,行业均衡基金,行业均衡基金,行业均衡基金,行业均衡基金,稳定行业均衡基金
362,400001.OF,行业均衡基金,行业均衡基金,行业均衡基金,行业均衡基金,行业均衡基金,行业均衡基金,稳定行业均衡基金
363,005521.OF,行业均衡基金,行业均衡基金,行业均衡基金,行业均衡基金,行业均衡基金,行业均衡基金,稳定行业均衡基金
364,001490.OF,行业均衡基金,行业均衡基金,行业均衡基金,行业均衡基金,行业均衡基金,行业均衡基金,稳定行业均衡基金
365,160133.SZ,行业均衡基金,行业均衡基金,行业均衡基金,行业均衡基金,行业均衡基金,行业均衡基金,稳定行业均衡基金
366,001607.OF,行业均衡基金,行业均衡基金,行业均衡基金,行业均衡基金,行业均衡基金,行业均衡基金,稳定行业均衡基金
367,001117.OF,行业均衡基金,行业均衡基金,行业均衡基金,行业均衡基金,行业均衡基金,行业均衡基金,稳定行业均衡基金
368,260116.OF,行业均衡基金,行业均衡基金,行业均衡基金,行业均衡基金,行业均衡基金,行业均衡基金,稳定行业均衡基金
369,320003.OF,行业均衡基金,行业均衡基金,行业均衡基金,行业均衡基金,行业均衡基金,行业均衡基金,稳定行业均衡基金
370,320011.OF,行业均衡基金,行业均衡基金,行业均衡基金,行业均衡基金,行业均衡基金,行业均衡基金,稳定行业均衡基金
371,003378.OF,行业均衡基金,行业均衡基金,行业均衡基金,行业均衡基金,行业均衡基金,行业均衡基金,稳定行业均衡基金
372,160603.OF,行业均衡基金,行业均衡基金,行业均衡基金,行业均衡基金,行业均衡基金,行业均衡基金,稳定行业均衡基金
373,320015.OF,行业均衡基金,行业均衡基金,行业均衡基金,行业均衡基金,行业均衡基金,行业均衡基金,稳定行业均衡基金
374,000527.OF,行业均衡基金,行业均衡基金,行业均衡基金,行业均衡基金,行业均衡基金,行业均衡基金,稳定行业均衡基金
375,004477.OF,行业均衡基金,行业均衡基金,行业均衡基金,行业均衡基金,行业均衡基金,行业均衡基金,稳定行业均衡基金
376,110029.OF,行业均衡基金,行业均衡基金,行业均衡基金,行业均衡基金,行业均衡基金,行业均衡基金,稳定行业均衡基金
377,001053.OF,行业均衡基金,行业均衡基金,行业均衡基金,行业均衡基金,行业均衡基金,行业均衡基金,稳定行业均衡基金
378,070099.OF,行业均衡基金,行业均衡基金,行业均衡基金,行业均衡基金,行业均衡基金,行业均衡基金,稳定行业均衡基金
379,000747.OF,行业均衡基金,行业均衡基金,行业均衡基金,行业均衡基金,行业均衡基金,行业均衡基金,稳定行业均衡基金
380,002803.OF,行业均衡基金,行业均衡基金,行业均衡基金,行业均衡基金,行业均衡基金,行业均衡基金,稳定行业均衡基金
381,660004.OF,行业均衡基金,行业均衡基金,行业均衡基金,行业均衡基金,行业均衡基金,行业均衡基金,稳定行业均衡基金
382,202003.OF,行业均衡基金,行业均衡基金,行业均衡基金,行业均衡基金,行业均衡基金,行业均衡基金,稳定行业均衡基金
383,001528.OF,行业均衡基金,行业均衡基金,行业均衡基金,行业均衡基金,行业均衡基金,行业均衡基金,稳定行业均衡基金
384,580008.OF,行业均衡基金,行业均衡基金,行业均衡基金,行业均衡基金,行业均衡基金,行业均衡基金,稳定行业均衡基金
385,020010.OF,行业均衡基金,行业均衡基金,行业均衡基金,行业均衡基金,行业均衡基金,行业均衡基金,稳定行业均衡基金
386,000020.OF,行业均衡基金,行业均衡基金,行业均衡基金,行业均衡基金,行业均衡基金,行业均衡基金,稳定行业均衡基金
387,001036.OF,行业均衡基金,行业均衡基金,行业均衡基金,行业均衡基金,行业均衡基金,行业均衡基金,稳定行业均衡基金
388,470008.OF,行业均衡基金,行业均衡基金,行业均衡基金,行业均衡基金,行业均衡基金,行业均衡基金,稳定行业均衡基金
389,000925.OF,行业均衡基金,行业均衡基金,行业均衡基金,行业均衡基金,行业均衡基金,行业均衡基金,稳定行业均衡基金
390,206009.OF,行业均衡基金,行业均衡基金,行业均衡基金,行业均衡基金,行业均衡基金,行业均衡基金,稳定行业均衡基金
391,481004.OF,行业均衡基金,行业均衡基金,行业均衡基金,行业均衡基金,行业均衡基金,行业均衡基金,稳定行业均衡基金
392,121003.OF,行业均衡基金,行业均衡基金,行业均衡基金,行业均衡基金,行业均衡基金,行业均衡基金,稳定行业均衡基金
393,005250.OF,行业均衡基金,行业均衡基金,行业均衡基金,行业均衡基金,行业均衡基金,行业均衡基金,稳定行业均衡基金
394,001837.OF,行业均衡基金,行业均衡基金,行业均衡基金,行业均衡基金,行业均衡基金,行业均衡基金,稳定行业均衡基金
395,690007.OF,行业均衡基金,行业均衡基金,行业均衡基金,行业均衡基金,行业均衡基金,行业均衡基金,稳定行业均衡基金
396,000589.OF,行业均衡基金,行业均衡基金,行业均衡基金,行业均衡基金,行业均衡基金,行业均衡基金,稳定行业均衡基金
397,166001.SZ,行业均衡基金,行业均衡基金,行业均衡基金,行业均衡基金,行业均衡基金,行业均衡基金,稳定行业均衡基金
398,001184.OF,行业均衡基金,行业均衡基金,行业均衡基金,行业均衡基金,行业均衡基金,行业均衡基金,稳定行业均衡基金
399,002624.OF,行业均衡基金,行业均衡基金,行业均衡基金,行业均衡基金,行业均衡基金,行业均衡基金,稳定行业均衡基金
400,001179.OF,行业均衡基金,行业均衡基金,行业均衡基金,行业均衡基金,行业均衡基金,行业均衡基金,稳定行业均衡基金
401,166002.OF,行业均衡基金,行业均衡基金,行业均衡基金,行业均衡基金,行业均衡基金,行业均衡基金,稳定行业均衡基金
402,376510.OF,行业均衡基金,行业均衡基金,行业均衡基金,行业均衡基金,行业均衡基金,行业均衡基金,稳定行业均衡基金
403,270025.OF,行业均衡基金,行业均衡基金,行业均衡基金,行业均衡基金,行业均衡基金,行业均衡基金,稳定行业均衡基金
404,100020.OF,行业均衡基金,行业均衡基金,行业均衡基金,行业均衡基金,行业均衡基金,行业均衡基金,稳定行业均衡基金
405,161224.SZ,行业均衡基金,行业均衡基金,行业均衡基金,行业均衡基金,行业均衡基金,行业均衡基金,稳定行业均衡基金
406,000955.OF,行业均衡基金,行业均衡基金,行业均衡基金,行业均衡基金,行业均衡基金,行业均衡基金,稳定行业均衡基金
407,270008.OF,行业均衡基金,行业均衡基金,行业均衡基金,行业均衡基金,行业均衡基金,行业均衡基金,稳定行业均衡基金
408,005335.OF,行业均衡基金,行业均衡基金,行业均衡基金,行业均衡基金,行业均衡基金,行业均衡基金,稳定行业均衡基金
409,001297.OF,行业均衡基金,行业均衡基金,行业均衡基金,行业均衡基金,行业均衡基金,行业均衡基金,稳定行业均衡基金
410,001236.OF,行业均衡基金,行业均衡基金,行业均衡基金,行业均衡基金,行业均衡基金,行业均衡基金,稳定行业均衡基金
411,070017.OF,行业均衡基金,行业均衡基金,行业均衡基金,行业均衡基金,行业均衡基金,行业均衡基金,稳定行业均衡基金
412,000979.OF,行业均衡基金,行业均衡基金,行业均衡基金,行业均衡基金,行业均衡基金,行业均衡基金,稳定行业均衡基金
413,070011.OF,行业均衡基金,行业均衡基金,行业均衡基金,行业均衡基金,行业均衡基金,行业均衡基金,稳定行业均衡基金
414,002562.OF,行业均衡基金,行业均衡基金,行业均衡基金,行业均衡基金,行业均衡基金,行业均衡基金,稳定行业均衡基金
415,487021.OF,行业均衡基金,行业均衡基金,行业均衡基金,行业均衡基金,行业均衡基金,行业均衡基金,稳定行业均衡基金
416,519001.OF,行业均衡基金,行业均衡基金,行业均衡基金,行业均衡基金,行业均衡基金,行业均衡基金,稳定行业均衡基金
417,000242.OF,行业均衡基金,行业均衡基金,行业均衡基金,行业均衡基金,行业均衡基金,行业均衡基金,稳定行业均衡基金
418,519018.OF,行业均衡基金,行业均衡基金,行业均衡基金,行业均衡基金,行业均衡基金,行业均衡基金,稳定行业均衡基金
419,005244.OF,行业均衡基金,行业均衡基金,行业均衡基金,行业均衡基金,行业均衡基金,行业均衡基金,稳定行业均衡基金
420,005258.OF,行业均衡基金,行业均衡基金,行业均衡基金,行业均衡基金,行业均衡基金,行业均衡基金,稳定行业均衡基金
421,090013.OF,行业均衡基金,行业均衡基金,行业均衡基金,行业均衡基金,行业均衡基金,行业均衡基金,稳定行业均衡基金
422,001366.OF,行业均衡基金,行业均衡基金,行业均衡基金,行业均衡基金,行业均衡基金,行业均衡基金,稳定行业均衡基金
423,240008.OF,行业均衡基金,行业均衡基金,行业均衡基金,行业均衡基金,行业均衡基金,行业均衡基金,稳定行业均衡基金
424,001990.OF,行业均衡基金,行业均衡基金,行业均衡基金,行业均衡基金,行业均衡基金,行业均衡基金,稳定行业均衡基金
425,166024.SZ,行业均衡基金,行业均衡基金,行业均衡基金,行业均衡基金,行业均衡基金,行业均衡基金,稳定行业均衡基金
426,160916.SZ,行业均衡基金,行业均衡基金,行业均衡基金,行业均衡基金,行业均衡基金,行业均衡基金,稳定行业均衡基金
427,320022.OF,行业均衡基金,行业均衡基金,行业均衡基金,行业均衡基金,行业均衡基金,行业均衡基金,稳定行业均衡基金
428,001825.OF,行业均衡基金,行业均衡基金,行业均衡基金,行业均衡基金,行业均衡基金,行业均衡基金,稳定行业均衡基金
429,001349.OF,行业均衡基金,行业均衡基金,行业均衡基金,行业均衡基金,行业均衡基金,行业均衡基金,稳定行业均衡基金
430,040011.OF,行业均衡基金,行业均衡基金,行业均衡基金,行业均衡基金,行业均衡基金,行业均衡基金,稳定行业均衡基金
431,001371.OF,行业均衡基金,行业均衡基金,行业均衡基金,行业均衡基金,行业均衡基金,行业均衡基金,稳定行业均衡基金
432,450003.OF,行业均衡基金,行业均衡基金,行业均衡基金,行业均衡基金,行业均衡基金,行业均衡基金,稳定行业均衡基金
433,420001.OF,行业均衡基金,行业均衡基金,行业均衡基金,行业均衡基金,行业均衡基金,行业均衡基金,稳定行业均衡基金
434,001645.OF,行业均衡基金,行业均衡基金,行业均衡基金,行业均衡基金,行业均衡基金,行业均衡基金,稳定行业均衡基金
435,168102.SZ,行业均衡基金,行业均衡基金,金融地产行业基金,行业均衡基金,行业均衡基金,行业均衡基金,行业轮动基金
436,161610.SZ,行业均衡基金,行业均衡基金,行业均衡基金,行业均衡基金,行业均衡基金,行业均衡基金,稳定行业均衡基金
437,121008.OF,行业均衡基金,行业均衡基金,行业均衡基金,行业均衡基金,行业均衡基金,行业均衡基金,稳定行业均衡基金
438,001616.OF,行业均衡基金,行业均衡基金,行业均衡基金,行业均衡基金,行业均衡基金,行业均衡基金,稳定行业均衡基金
439,519694.OF,行业均衡基金,行业均衡基金,行业均衡基金,行业均衡基金,行业均衡基金,行业均衡基金,稳定行业均衡基金
440,519692.OF,行业均衡基金,行业均衡基金,行业均衡基金,行业均衡基金,行业均衡基金,行业均衡基金,稳定行业均衡基金
441,519983.OF,行业均衡基金,行业均衡基金,行业均衡基金,行业均衡基金,行业均衡基金,行业均衡基金,稳定行业均衡基金
442,002545.OF,行业均衡基金,行业均衡基金,行业均衡基金,行业均衡基金,行业均衡基金,行业均衡基金,稳定行业均衡基金
443,000978.OF,行业均衡基金,行业均衡基金,行业均衡基金,行业均衡基金,行业均衡基金,行业均衡基金,稳定行业均衡基金
444,460009.OF,行业均衡基金,行业均衡基金,行业均衡基金,行业均衡基金,行业均衡基金,行业均衡基金,稳定行业均衡基金
445,002249.OF,行业均衡基金,行业均衡基金,行业均衡基金,行业均衡基金,行业均衡基金,行业均衡基金,稳定行业均衡基金
446,519069.OF,行业均衡基金,行业均衡基金,行业均衡基金,行业均衡基金,行业均衡基金,行业均衡基金,稳定行业均衡基金
447,217009.OF,行业均衡基金,行业均衡基金,行业均衡基金,行业均衡基金,行业均衡基金,行业均衡基金,稳定行业均衡基金
448,217010.OF,行业均衡基金,行业均衡基金,行业均衡基金,行业均衡基金,行业均衡基金,行业均衡基金,稳定行业均衡基金
449,005075.OF,行业均衡基金,行业均衡基金,行业均衡基金,行业均衡基金,行业均衡基金,行业均衡基金,稳定行业均衡基金
450,660010.OF,行业均衡基金,行业均衡基金,行业均衡基金,行业均衡基金,行业均衡基金,行业均衡基金,稳定行业均衡基金
451,000127.OF,行业均衡基金,行业均衡基金,行业均衡基金,行业均衡基金,行业均衡基金,行业均衡基金,稳定行业均衡基金
452,166009.SZ,行业均衡基金,行业均衡基金,行业均衡基金,行业均衡基金,行业均衡基金,行业均衡基金,稳定行业均衡基金
453,001736.OF,行业均衡基金,行业均衡基金,行业均衡基金,行业均衡基金,行业均衡基金,行业均衡基金,稳定行业均衡基金
454,003293.OF,行业均衡基金,行业均衡基金,行业均衡基金,行业均衡基金,行业均衡基金,行业均衡基金,稳定行业均衡基金
455,001637.OF,行业均衡基金,行业均衡基金,行业均衡基金,行业均衡基金,行业均衡基金,行业均衡基金,稳定行业均衡基金
456,519756.OF,行业均衡基金,行业均衡基金,行业均衡基金,行业均衡基金,行业均衡基金,行业均衡基金,稳定行业均衡基金
457,000965.OF,行业均衡基金,行业均衡基金,行业均衡基金,TMT行业基金,TMT行业基金,TMT行业基金,行业轮动基金
458,000880.OF,行业均衡基金,行业均衡基金,行业均衡基金,消费行业基金,行业均衡基金,行业均衡基金,行业轮动基金
459,519002.OF,行业均衡基金,行业均衡基金,行业均衡基金,行业均衡基金,行业均衡基金,行业均衡基金,稳定行业均衡基金
460,004958.OF,行业均衡基金,行业均衡基金,行业均衡基金,行业均衡基金,行业均衡基金,行业均衡基金,稳定行业均衡基金
461,000408.OF,行业均衡基金,行业均衡基金,行业均衡基金,行业均衡基金,行业均衡基金,行业均衡基金,稳定行业均衡基金
462,690005.OF,行业均衡基金,行业均衡基金,行业均衡基金,行业均衡基金,行业均衡基金,行业均衡基金,稳定行业均衡基金
463,001280.OF,行业均衡基金,行业均衡基金,行业均衡基金,行业均衡基金,行业均衡基金,行业均衡基金,稳定行业均衡基金
464,002340.OF,行业均衡基金,行业均衡基金,行业均衡基金,行业均衡基金,行业均衡基金,行业均衡基金,稳定行业均衡基金
465,110013.OF,行业均衡基金,行业均衡基金,行业均衡基金,行业均衡基金,行业均衡基金,行业均衡基金,稳定行业均衡基金
466,001018.OF,行业均衡基金,行业均衡基金,行业均衡基金,行业均衡基金,行业均衡基金,行业均衡基金,稳定行业均衡基金
467,001667.OF,行业均衡基金,行业均衡基金,行业均衡基金,行业均衡基金,行业均衡基金,行业均衡基金,稳定行业均衡基金
468,257010.OF,行业均衡基金,行业均衡基金,行业均衡基金,行业均衡基金,行业均衡基金,行业均衡基金,稳定行业均衡基金
469,519020.OF,行业均衡基金,行业均衡基金,TMT行业基金,TMT行业基金,行业均衡基金,行业均衡基金,行业轮动基金
470,450004.OF,行业均衡基金,行业均衡基金,行业均衡基金,行业均衡基金,行业均衡基金,行业均衡基金,稳定行业均衡基金
471,001705.OF,行业均衡基金,行业均衡基金,行业均衡基金,行业均衡基金,行业均衡基金,行业均衡基金,稳定行业均衡基金
472,519965.OF,行业均衡基金,行业均衡基金,行业均衡基金,行业均衡基金,行业均衡基金,行业均衡基金,稳定行业均衡基金
473,001564.OF,行业均衡基金,行业均衡基金,行业均衡基金,行业均衡基金,行业均衡基金,行业均衡基金,稳定行业均衡基金
474,000172.OF,行业均衡基金,行业均衡基金,行业均衡基金,行业均衡基金,行业均衡基金,行业均衡基金,稳定行业均衡基金
475,000480.OF,行业均衡基金,行业均衡基金,行业均衡基金,行业均衡基金,行业均衡基金,行业均衡基金,稳定行业均衡基金
476,166006.SZ,行业均衡基金,行业均衡基金,行业均衡基金,行业均衡基金,行业均衡基金,行业均衡基金,稳定行业均衡基金
477,000877.OF,行业均衡基金,行业均衡基金,行业均衡基金,行业均衡基金,行业均衡基金,行业均衡基金,稳定行业均衡基金
478,001074.OF,行业均衡基金,行业均衡基金,行业均衡基金,行业均衡基金,行业均衡基金,行业均衡基金,稳定行业均衡基金
479,001017.OF,行业均衡基金,行业均衡基金,行业均衡基金,行业均衡基金,行业均衡基金,行业均衡基金,稳定行业均衡基金
480,161005.SZ,行业均衡基金,行业均衡基金,行业均衡基金,行业均衡基金,行业均衡基金,行业均衡基金,稳定行业均衡基金
481,004881.OF,行业均衡基金,行业均衡基金,行业均衡基金,行业均衡基金,行业均衡基金,行业均衡基金,稳定行业均衡基金
482,002121.OF,行业均衡基金,行业均衡基金,行业均衡基金,行业均衡基金,行业均衡基金,行业均衡基金,稳定行业均衡基金
483,180010.OF,行业均衡基金,行业均衡基金,行业均衡基金,行业均衡基金,行业均衡基金,行业均衡基金,稳定行业均衡基金
484,550003.OF,行业均衡基金,行业均衡基金,行业均衡基金,行业均衡基金,行业均衡基金,行业均衡基金,稳定行业均衡基金
485,660006.OF,行业均衡基金,行业均衡基金,行业均衡基金,行业均衡基金,行业均衡基金,行业均衡基金,稳定行业均衡基金
486,001974.OF,行业均衡基金,行业均衡基金,行业均衡基金,行业均衡基金,行业均衡基金,行业均衡基金,稳定行业均衡基金
487,000082.OF,行业均衡基金,行业均衡基金,行业均衡基金,行业均衡基金,行业均衡基金,行业均衡基金,稳定行业均衡基金
488,001186.OF,行业均衡基金,行业均衡基金,行业均衡基金,行业均衡基金,行业均衡基金,行业均衡基金,稳定行业均衡基金
489,001583.OF,行业均衡基金,行业均衡基金,行业均衡基金,行业均衡基金,行业均衡基金,行业均衡基金,稳定行业均衡基金
490,003580.OF,行业均衡基金,行业均衡基金,行业均衡基金,行业均衡基金,行业均衡基金,行业均衡基金,稳定行业均衡基金
491,001878.OF,行业均衡基金,行业均衡基金,行业均衡基金,行业均衡基金,行业均衡基金,行业均衡基金,稳定行业均衡基金
492,002653.OF,行业均衡基金,行业均衡基金,行业均衡基金,行业均衡基金,行业均衡基金,行业均衡基金,稳定行业均衡基金
493,001703.OF,行业均衡基金,行业均衡基金,行业均衡基金,行业均衡基金,行业均衡基金,行业均衡基金,稳定行业均衡基金
494,004263.OF,行业均衡基金,行业均衡基金,行业均衡基金,行业均衡基金,行业均衡基金,行业均衡基金,稳定行业均衡基金
495,519139.OF,行业均衡基金,行业均衡基金,行业均衡基金,行业均衡基金,行业均衡基金,行业均衡基金,稳定行业均衡基金
496,002685.OF,行业均衡基金,行业均衡基金,行业均衡基金,行业均衡基金,行业均衡基金,行业均衡基金,稳定行业均衡基金
