,thscode,ths_fund_code_fund,ths_fund_short_name_fund,ths_fund_supervisor_fund,ths_fund_manager_current_fund,ths_invest_type_second_classi_fund,ths_mergesize_fund,ACEtype,Fundtype
40,460008.OF,460008,华泰柏瑞稳健收益债券A,华泰柏瑞基金,罗远航,中长期纯债券型基金,2024333580.44,A,纯债基金
63,485022.OF,485022,工银尊益中短债债券F,工银瑞信,谷衡,短期纯债券型基金,6805084071.24,,纯债基金
64,485105.OF,485105,工银增强收益债券A,工银瑞信,"杜海涛,张略钊",混合债券型基金(一级),852244655.23,A,纯债基金
65,485107.OF,485107,工银添利债券A,工银瑞信,谷衡,混合债券型基金(一级),2436796030.14,A,纯债基金
70,485120.OF,485120,工银14天理财债券发起A,工银瑞信,李娜,短期纯债券型基金,233068326.8,A,纯债基金
87,519137.OF,519137,海富通瑞福债券A,海富通基金,"方昆明,张靖爽",混合债券型基金(一级),3974017749.46,A,纯债基金
88,519138.OF,519138,海富通瑞祥一年定开债券,海富通基金,张靖爽,混合债券型基金(一级),1274385266.51,,纯债基金
104,519225.OF,519225,海富通集利债券,海富通基金,方昆明,混合债券型基金(一级),412517911.92,,纯债基金
106,519322.OF,519322,浦银安盛盛元定开债券A,浦银安盛基金,章潇枫,中长期纯债券型基金,10052999990.31,A,纯债基金
108,519324.OF,519324,浦银安盛盛鑫定开债券A,浦银安盛基金,章潇枫,混合债券型基金(一级),347630735.64,A,纯债基金
110,519328.OF,519328,浦银安盛盛泰纯债债券A,浦银安盛基金,陶祺,中长期纯债券型基金,1036786664.02,A,纯债基金
112,519330.OF,519330,浦银安盛盛跃纯债债券A,浦银安盛基金,陶祺,中长期纯债券型基金,1705817746.95,A,纯债基金
114,519332.OF,519332,浦银安盛盛达纯债债券A,浦银安盛基金,章潇枫,中长期纯债券型基金,9502038173.51,A,纯债基金
116,519334.OF,519334,浦银安盛盛勤定开债券A,浦银安盛基金,李羿,中长期纯债券型基金,1328241064.23,A,纯债基金
130,519680.OF,519680,交银增利债券A/B,交银施罗德,"张顺晨,魏玉敏",混合债券型基金(一级),2749716961.99,AB,纯债基金
135,519718.OF,519718,交银纯债债券A/B,交银施罗德,"于海颖,魏玉敏",中长期纯债券型基金,5667015184.93,AB,纯债基金
146,519743.OF,519743,交银丰润收益债券A,交银施罗德,季参平,中长期纯债券型基金,5494369730.79,A,纯债基金
148,519746.OF,519746,交银丰享收益债券A,交银施罗德,黄莹洁,中长期纯债券型基金,1852270088.45,A,纯债基金
151,519762.OF,519762,交银裕通纯债债券A,交银施罗德,季参平,中长期纯债券型基金,653070619.1,A,纯债基金
153,519776.OF,519776,交银裕盈纯债债券A,交银施罗德,"于海颖,姬静",中长期纯债券型基金,9062519035.32,A,纯债基金
155,519782.OF,519782,交银裕隆纯债债券A,交银施罗德,黄莹洁,中长期纯债券型基金,14263070755.33,A,纯债基金
157,519784.OF,519784,交银境尚收益债券A,交银施罗德,"姬静,黄莹洁",中长期纯债券型基金,1815055127.69,A,纯债基金
183,530021.OF,530021,建信纯债A,建信基金,"黎颖芳,彭紫云",中长期纯债券型基金,8817650175.28,A,纯债基金
185,530029.OF,530029,建信荣元一年定开债券发起式,建信基金,"刘思,闫晗",中长期纯债券型基金,8511282994.770001,,纯债基金
192,531028.OF,531028,建信短债债券A,建信基金,"陈建良,李星佑,吴沛文",短期纯债券型基金,19934409386.8,A,纯债基金
216,650001.OF,650001,英大纯债债券A,英大基金,"张大铮,张婧珣,易祺坤",混合债券型基金(一级),486167478.04,A,纯债基金
225,675041.OF,675041,西部利得合享A,西部利得基金,刘心峰,混合债券型基金(一级),3496499419.91,A,纯债基金
329,960040.OF,960040,南方多利增强债券H,南方基金,李璇,混合债券型基金(一级),,,纯债基金
390,970096.OF,970096,东证融汇禧悦90天滚动A,东证融汇,"李卿睿,应洁茜,郑铮",混合债券型基金(一级),13814445985.13,A,纯债基金
392,970098.OF,970098,东证融汇鑫享30天滚动A,东证融汇,"李卿睿,应洁茜,郑铮",混合债券型基金(一级),10574052547.91,A,纯债基金
414,970132.OF,970132,东证融汇添添益中短债A,东证融汇,"郑铮,李卿睿,应洁茜",短期纯债券型基金,2634814198.25,A,纯债基金
456,H000355.OF,H000355,南方丰元H,南方基金,李璇,混合债券型基金(一级),,,纯债基金
457,H202108.OF,H202108,南方润元纯债债券H,南方基金,金凌志,中长期纯债券型基金,,,纯债基金
458,H217003.OF,H217003,招商安泰债券H,招商基金,刘万锋,混合债券型基金(一级),,,纯债基金
464,160128.SZ,160128,南方金利定开债券A,南方基金,李璇,中长期纯债券型基金,321560691.95,A,纯债基金
466,160515.SZ,160515,博时安丰18个月定开债A,博时基金,王帅,中长期纯债券型基金,455014395.25,A,纯债基金
468,160618.SZ,160618,鹏华丰泽债券(LOF),鹏华基金,"祝松,邓明明",混合债券型基金(一级),1420249132.36,,纯债基金
472,161014.SZ,161014,富国汇利回报定期开放债券,富国基金,黄纪亮,混合债券型基金(一级),1301474556.61,,纯债基金
474,161019.SZ,161019,富国新天锋债券(LOF)A,富国基金,武磊,混合债券型基金(一级),2759163077.72,A,纯债基金
475,161115.SZ,161115,易方达岁丰添利债券A,易方达基金,"张凯頔,胡剑",混合债券型基金(一级),7814961069.22,A,纯债基金
476,161117.SZ,161117,易方达永旭定期开放债券,易方达基金,李一硕,中长期纯债券型基金,1722648227.58,,纯债基金
492,162715.SZ,162715,广发聚源债券(LOF)A,广发基金,吴迪,中长期纯债券型基金,1424931930.49,A,纯债基金
505,164703.SZ,164703,汇添富纯债(LOF),汇添富基金,胡娜,混合债券型基金(一级),1530020079.01,,纯债基金
537,000005.OF,000005,嘉实增强信用定期债券,嘉实基金,轩璇,混合债券型基金(一级),240889487.74,,纯债基金
544,000032.OF,000032,易方达信用债债券A,易方达基金,"胡剑,纪玲云",中长期纯债券型基金,10872700695.31,A,纯债基金
546,000037.OF,000037,广发景宁纯债A,广发基金,宋倩倩,中长期纯债券型基金,7544181269.79,A,纯债基金
551,000053.OF,000053,鹏华永诚一年定开债券,鹏华基金,刘涛,中长期纯债券型基金,755075043.66,,纯债基金
564,000084.OF,000084,博时安盈债券A,博时基金,黄海峰,短期纯债券型基金,10290942347.83,A,纯债基金
568,000090.OF,000090,民生加银高等级信用债债券A,民生加银基金,李文君,短期纯债券型基金,1394147778.25,A,纯债基金
575,000111.OF,000111,易方达纯债1年定期开放债券A,易方达基金,李一硕,中长期纯债券型基金,3184206302.28,A,纯债基金
577,000116.OF,000116,嘉实丰益纯债定期债券,嘉实基金,"程剑,闵锐",中长期纯债券型基金,316727723.87,,纯债基金
588,000137.OF,000137,民生加银岁岁增利债券A,民生加银基金,李文君,中长期纯债券型基金,1632056377.36,A,纯债基金
590,000139.OF,000139,富国国有企业债债券A/B,富国基金,张波,中长期纯债券型基金,12043362984.99,AB,纯债基金
594,000147.OF,000147,易方达高等级信用债债券A,易方达基金,胡剑,中长期纯债券型基金,368405461.25,A,纯债基金
605,000183.OF,000183,嘉实丰益策略定期债券,嘉实基金,轩璇,混合债券型基金(一级),1420432423.85,,纯债基金
608,000186.OF,000186,华泰柏瑞季季红债券A,华泰柏瑞基金,罗远航,中长期纯债券型基金,8997794015.49,A,纯债基金
609,000187.OF,000187,华泰柏瑞丰盛纯债债券A,华泰柏瑞基金,何子建,中长期纯债券型基金,3634139704.65,A,纯债基金
612,000191.OF,000191,富国信用债债券A/B,富国基金,"黄纪亮,吕春杰,陈倩",中长期纯债券型基金,18139279969.3,AB,纯债基金
618,000205.OF,000205,易方达投资级信用债债券A,易方达基金,王晓晨,中长期纯债券型基金,5853497901.520001,A,纯债基金
620,000207.OF,000207,建信双债增强A,建信基金,彭紫云,混合债券型基金(一级),227529341.03,A,纯债基金
631,000244.OF,000244,天弘稳利定期开放A,天弘基金,柴文婷,混合债券型基金(一级),1058225062.19,A,纯债基金
633,000252.OF,000252,景顺长城景兴信用纯债债券A,景顺长城基金,何江波,中长期纯债券型基金,801238397.34,A,纯债基金
635,000254.OF,000254,长城定期开放债券A,长城基金,张棪,混合债券型基金(一级),88836978.37,A,纯债基金
637,000265.OF,000265,易方达恒久1年定期债券A,易方达基金,藏海涛,中长期纯债券型基金,2572282054.56,A,纯债基金
649,000295.OF,000295,鹏华丰实定期开放债券A,鹏华基金,"方昶,王石千",混合债券型基金(一级),1987603223.97,A,纯债基金
667,000345.OF,000345,鹏华丰融定期开放债券,鹏华基金,刘涛,混合债券型基金(一级),825086409.53,,纯债基金
668,000346.OF,000346,建信安心回报6个月定期开放债券A,建信基金,"闫晗,彭紫云",混合债券型基金(一级),3083954098.84,A,纯债基金
672,000355.OF,000355,南方丰元信用增强债券A,南方基金,李璇,混合债券型基金(一级),551642077.96,A,纯债基金
682,000402.OF,000402,工银纯债债券A,工银瑞信,"张略钊,谷衡",中长期纯债券型基金,11970146170.41,A,纯债基金
691,000469.OF,000469,富国目标齐利一年期纯债债券,富国基金,"张洋,黄纪亮",中长期纯债券型基金,952113348.31,,纯债基金
699,000516.OF,000516,富国祥利一年期定期开放债券型A,富国基金,黄纪亮,中长期纯债券型基金,3545284677.04,A,纯债基金
703,000546.OF,000546,兴业定开债券A,兴业基金,"腊博,周鸣",混合债券型基金(一级),2725669101.49,A,纯债基金
704,000552.OF,000552,中加纯债一年A,中加基金,闫沛贤,中长期纯债券型基金,1024296360.29,A,纯债基金
713,000606.OF,000606,天弘优选债券,天弘基金,刘洋,中长期纯债券型基金,2709794727.07,,纯债基金
728,000783.OF,000783,博时季季享三个月持有期债券A,博时基金,"于渤洋,黄海峰",短期纯债券型基金,9636871112.0,A,纯债基金
732,000799.OF,000799,民生加银半年理财,民生加银基金,李文君,短期纯债券型基金,5107201155.87,,纯债基金
740,000815.OF,000815,鑫元合享纯债A,鑫元基金,郭卉,中长期纯债券型基金,387970847.1,A,纯债基金
753,000914.OF,000914,中加纯债债券,中加基金,闫沛贤,中长期纯债券型基金,13067389262.94,,纯债基金
754,000931.OF,000931,国寿安保尊益信用纯债债券,国寿安保基金,"陶尹斌,丁宇佳",混合债券型基金(一级),664748958.78,,纯债基金
755,000943.OF,000943,工银中高等级信用债债券A,工银瑞信,陈桂都,中长期纯债券型基金,366485090.62,A,纯债基金
786,001246.OF,001246,兴银长乐定开债,兴银基金,"范泰奇,陶国峰,王深",中长期纯债券型基金,5068367145.24,,纯债基金
790,001299.OF,001299,兴业添利债券,兴业基金,"伍方方,周鸣",中长期纯债券型基金,9674482006.16,,纯债基金
792,001368.OF,001368,兴业稳固收益一年理财债券,兴业基金,"周鸣,王卓然",中长期纯债券型基金,8026488292.68,,纯债基金
793,001369.OF,001369,兴业稳固收益两年理财债券,兴业基金,唐丁祥,中长期纯债券型基金,7867104836.33,,纯债基金
797,001545.OF,001545,博时裕嘉3个月定开债发起式,博时基金,郭思洁,中长期纯债券型基金,1378381458.01,,纯债基金
799,001578.OF,001578,博时裕瑞纯债债券,博时基金,"李汉楠,李秋实,何平",中长期纯债券型基金,7234119449.98,,纯债基金
800,001619.OF,001619,兴银汇福定开债,兴银基金,范泰奇,中长期纯债券型基金,2984434212.87,,纯债基金
807,001783.OF,001783,兴银合盈债券A,兴银基金,王深,中长期纯债券型基金,5083588740.87,A,纯债基金
809,001785.OF,001785,民生加银岁岁增利债券D,民生加银基金,李文君,中长期纯债券型基金,1632056377.36,,纯债基金
811,001819.OF,001819,兴全稳益定开债券,兴证全球基金,"翟秀华,王健,石广翔",中长期纯债券型基金,10022827846.32,,纯债基金
818,001911.OF,001911,博时裕恒纯债债券,博时基金,郭思洁,中长期纯债券型基金,2548278478.12,,纯债基金
827,001960.OF,001960,兴银瑞益,兴银基金,"洪木妹,王深,陶国峰",中长期纯债券型基金,3645260799.97,,纯债基金
828,001961.OF,001961,博时裕荣纯债债券,博时基金,郭思洁,中长期纯债券型基金,3705514311.15,,纯债基金
835,001993.OF,001993,博时裕泰纯债债券,博时基金,李汉楠,中长期纯债券型基金,1411750441.29,,纯债基金
844,002109.OF,002109,博时裕丰3个月定开债发起式,博时基金,"王帅,程卓",中长期纯债券型基金,1953709018.72,,纯债基金
848,002140.OF,002140,博时裕诚纯债债券,博时基金,郭思洁,中长期纯债券型基金,1113804248.08,,纯债基金
849,002143.OF,002143,博时裕坤3个月定开债发起式,博时基金,郭思洁,中长期纯债券型基金,300226352.14,,纯债基金
850,002169.OF,002169,永赢稳益债券,永赢基金,陶毅,中长期纯债券型基金,7919436092.67,,纯债基金
851,002175.OF,002175,博时裕乾纯债A,博时基金,何平,中长期纯债券型基金,2047454042.47,A,纯债基金
852,002188.OF,002188,鹏华丰华债券,鹏华基金,刘涛,中长期纯债券型基金,1852778268.86,,纯债基金
853,002198.OF,002198,博时裕达纯债,博时基金,王帅,中长期纯债券型基金,1293363471.64,,纯债基金
854,002206.OF,002206,博时裕康纯债,博时基金,王帅,中长期纯债券型基金,511431263.58,,纯债基金
861,002268.OF,002268,兴业丰利债券,兴业基金,伍方方,中长期纯债券型基金,4407654244.46,,纯债基金
870,002301.OF,002301,兴业短债债券A,兴业基金,刘禹含,短期纯债券型基金,8834703715.05,A,纯债基金
871,002336.OF,002336,创金合信尊享纯债债券A,创金合信基金,郑振源,中长期纯债券型基金,1095143841.49,A,纯债基金
874,002341.OF,002341,招商招瑞纯债债券发起式A,招商基金,刘万锋,中长期纯债券型基金,1548279051.96,A,纯债基金
878,002354.OF,002354,博时裕腾纯债,博时基金,李秋实,中长期纯债券型基金,434788820.07,,纯债基金
883,002377.OF,002377,建信睿怡纯债A,建信基金,"吴沛文,闫晗",混合债券型基金(一级),472300946.67,A,纯债基金
889,002395.OF,002395,鹏华丰尚定期开放债券A,鹏华基金,刘涛,混合债券型基金(一级),2721917263.84,A,纯债基金
902,002438.OF,002438,创金合信尊盛纯债债券,创金合信基金,郑振源,中长期纯债券型基金,1009141329.37,,纯债基金
905,002445.OF,002445,兴业丰泰债券,兴业基金,王卓然,中长期纯债券型基金,4375203424.95,,纯债基金
906,002447.OF,002447,博时裕安一年定开债发起式,博时基金,李汉楠,中长期纯债券型基金,976107322.94,,纯债基金
911,002466.OF,002466,博时裕新纯债,博时基金,郭思洁,中长期纯债券型基金,3685380688.75,,纯债基金
913,002483.OF,002483,富国泰利定期开放债券发起式,富国基金,俞晓斌,混合债券型基金(一级),240992926.55,,纯债基金
927,002524.OF,002524,兴业福益债券,兴业基金,唐丁祥,混合债券型基金(一级),2064622616.63,,纯债基金
931,002548.OF,002548,嘉实稳瑞纯债债券,嘉实基金,"王立芹,韩同利,闫红蕾",中长期纯债券型基金,1477747465.66,,纯债基金
932,002549.OF,002549,嘉实稳祥纯债债券A,嘉实基金,王亚洲,中长期纯债券型基金,8247415592.12,A,纯债基金
933,002550.OF,002550,嘉实稳荣债券,嘉实基金,"程剑,闵锐",中长期纯债券型基金,1302620073.93,,纯债基金
934,002552.OF,002552,华夏恒利3个月定开债券,华夏基金,孙蕾,混合债券型基金(一级),2996858014.84,,纯债基金
935,002568.OF,002568,博时裕发纯债债券,博时基金,于渤洋,中长期纯债券型基金,1013607954.58,,纯债基金
937,002578.OF,002578,博时裕泉纯债债券,博时基金,李秋实,中长期纯债券型基金,5116718983.53,,纯债基金
941,002600.OF,002600,易方达裕景添利6个月定期开放债券,易方达基金,李一硕,混合债券型基金(一级),1838890483.94,,纯债基金
942,002603.OF,002603,工银瑞信瑞丰半年定期开放纯债债券,工银瑞信,李娜,中长期纯债券型基金,14931372786.95,,纯债基金
943,002625.OF,002625,博时安怡6个月定开债,博时基金,王帅,混合债券型基金(一级),305345188.13,,纯债基金
949,002638.OF,002638,兴业天融债券,兴业基金,雷志强,中长期纯债券型基金,9151058710.85,,纯债基金
959,002698.OF,002698,博时裕利纯债债券,博时基金,陈黎,中长期纯债券型基金,6120087730.91,,纯债基金
966,002716.OF,002716,博时裕通3个月定开债发起式A,博时基金,何平,中长期纯债券型基金,3061674865.57,A,纯债基金
980,002750.OF,002750,工银泰享三年理财债券,工银瑞信,陈桂都,中长期纯债券型基金,15379871170.64,,纯债基金
981,002754.OF,002754,博时裕创纯债,博时基金,李汉楠,中长期纯债券型基金,1030405799.96,,纯债基金
982,002755.OF,002755,博时裕盛纯债,博时基金,李汉楠,中长期纯债券型基金,483561067.25,,纯债基金
989,002781.OF,002781,博时聚瑞6个月定开债发起式,博时基金,于渤洋,中长期纯债券型基金,5168199941.82,,纯债基金
1004,002832.OF,002832,工银恒享纯债债券A,工银瑞信,"杨曼丽,陈桂都",中长期纯债券型基金,1410480277.99,A,纯债基金
1007,002864.OF,002864,广发安泽短债A,广发基金,刘志辉,短期纯债券型基金,1132833147.67,A,纯债基金
1009,002868.OF,002868,鹏华丰茂债券,鹏华基金,杜培俊,中长期纯债券型基金,1084740903.55,,纯债基金
1017,002898.OF,002898,富国两年期理财债券A,富国基金,俞晓斌,中长期纯债券型基金,19945022424.13,A,纯债基金
1021,002904.OF,002904,博时安仁一年定开债发起式A,博时基金,李汉楠,中长期纯债券型基金,3146111975.93,A,纯债基金
1028,002927.OF,002927,长盛盛和纯债A,长盛基金,王贵君,中长期纯债券型基金,2158254427.56,A,纯债基金
1030,002929.OF,002929,博时聚盈纯债债券,博时基金,于渤洋,中长期纯债券型基金,1329302407.16,,纯债基金
1031,002930.OF,002930,博时聚润纯债债券,博时基金,王帅,中长期纯债券型基金,490838858.18,,纯债基金
1042,002970.OF,002970,博时裕昂纯债债券,博时基金,李汉楠,中长期纯债券型基金,444299264.64,,纯债基金
1045,002985.OF,002985,中银季季红定期开放债券,中银基金,易芳菲,混合债券型基金(一级),43199664.5,,纯债基金
1048,002991.OF,002991,嘉实稳鑫纯债债券,嘉实基金,李卓锴,中长期纯债券型基金,2566976678.74,,纯债基金
1049,002994.OF,002994,招商招裕纯债A,招商基金,"王闯,康晶",中长期纯债券型基金,56879202.52,A,纯债基金
1062,003039.OF,003039,广发集富纯债A,广发基金,吴迪,中长期纯债券型基金,994954709.49,A,纯债基金
1066,003056.OF,003056,嘉实稳泽纯债债券A,嘉实基金,"闵锐,祝杨",中长期纯债券型基金,5023972610.45,A,纯债基金
1076,003102.OF,003102,长盛盛裕纯债A,长盛基金,王贵君,中长期纯债券型基金,5266344800.2,A,纯债基金
1089,003155.OF,003155,中加丰尚纯债债券A,中加基金,王霈,中长期纯债券型基金,1999426238.6,A,纯债基金
1094,003162.OF,003162,博时富宁纯债债券,博时基金,李秋实,中长期纯债券型基金,3066586040.38,,纯债基金
1103,003188.OF,003188,博时聚源纯债债券A,博时基金,黄海峰,中长期纯债券型基金,6264778474.28,A,纯债基金
1104,003192.OF,003192,创金合信尊丰纯债,创金合信基金,郑振源,混合债券型基金(一级),956252699.62,,纯债基金
1105,003193.OF,003193,创金合信尊智纯债A,创金合信基金,郑振源,混合债券型基金(一级),206215111.63,A,纯债基金
1115,003209.OF,003209,鹏华丰达债券,鹏华基金,杜培俊,中长期纯债券型基金,3923109767.64,,纯债基金
1117,003213.OF,003213,中银悦享定期开放债券,中银基金,白洁,中长期纯债券型基金,21790016961.42,,纯债基金
1118,003214.OF,003214,易方达富惠纯债债券A,易方达基金,李一硕,中长期纯债券型基金,882702961.45,A,纯债基金
1124,003223.OF,003223,广发景丰纯债,广发基金,吴迪,中长期纯债券型基金,8613325818.13,,纯债基金
1131,003258.OF,003258,博时富祥纯债债券A,博时基金,陈黎,中长期纯债券型基金,3218252233.26,A,纯债基金
1133,003260.OF,003260,博时利发纯债债券A,博时基金,王帅,中长期纯债券型基金,268941034.32,A,纯债基金
1134,003265.OF,003265,招商招坤纯债A,招商基金,郭敏,中长期纯债券型基金,3604674619.68,A,纯债基金
1136,003268.OF,003268,博时悦楚纯债债券A,博时基金,郭思洁,中长期纯债券型基金,1533651114.11,A,纯债基金
1137,003269.OF,003269,招商招乾3个月定开债发起式A,招商基金,王梓林,中长期纯债券型基金,4693273485.85,A,纯债基金
1143,003280.OF,003280,鹏华丰恒债券,鹏华基金,方昶,中长期纯债券型基金,18442890152.58,,纯债基金
1144,003285.OF,003285,国寿安保安康纯债债券,国寿安保基金,李一鸣,中长期纯债券型基金,13185993024.62,,纯债基金
1148,003289.OF,003289,创金合信尊泰纯债,创金合信基金,郑振源,混合债券型基金(一级),1023543216.05,,纯债基金
1149,003290.OF,003290,长城久稳债券A,长城基金,吴冰燕,中长期纯债券型基金,813272684.88,A,纯债基金
1153,003309.OF,003309,兴业启元一年定开债券A,兴业基金,唐丁祥,混合债券型基金(一级),437617635.62,A,纯债基金
1155,003313.OF,003313,中银睿享定期开放债券,中银基金,白洁,中长期纯债券型基金,24524897347.84,,纯债基金
1157,003315.OF,003315,景顺长城政策性金融债A,景顺长城基金,"陈健宾,何江波",中长期纯债券型基金,4464180195.03,A,纯债基金
1160,003327.OF,003327,万家鑫璟纯债A,万家基金,"周慧,周潜玮",中长期纯债券型基金,9483346543.34,A,纯债基金
1162,003329.OF,003329,万家鑫安纯债A,万家基金,"周慧,周潜玮",中长期纯债券型基金,982194886.13,A,纯债基金
1188,003417.OF,003417,中加丰泽纯债,中加基金,袁素,中长期纯债券型基金,950518028.91,,纯债基金
1193,003428.OF,003428,中加丰盈一年定期开放债券型发起式,中加基金,于跃,混合债券型基金(一级),2158417471.64,,纯债基金
1201,003445.OF,003445,中加丰享纯债债券,中加基金,王霈,中长期纯债券型基金,6205198503.25,,纯债基金
1206,003452.OF,003452,招商招盛纯债A,招商基金,李家辉,中长期纯债券型基金,6742883777.09,A,纯债基金
1208,003454.OF,003454,招商招通纯债A,招商基金,黄晓婷,中长期纯债券型基金,1893214672.57,A,纯债基金
1232,003528.OF,003528,汇添富长添利定期开放债券A,汇添富基金,杨靖,混合债券型基金(一级),15364876632.58,A,纯债基金
1238,003547.OF,003547,鹏华丰禄债券,鹏华基金,刘涛,中长期纯债券型基金,5059400476.21,,纯债基金
1246,003571.OF,003571,招商招琪纯债A,招商基金,王梓林,中长期纯债券型基金,7689435678.5,A,纯债基金
1252,003590.OF,003590,建信睿富纯债债券,建信基金,刘思,中长期纯债券型基金,7273084384.65,,纯债基金
1253,003605.OF,003605,景顺长城景泰汇利定期开放债券A,景顺长城基金,何江波,混合债券型基金(一级),6828654178.84,A,纯债基金
1255,003607.OF,003607,博时富益纯债债券,博时基金,于渤洋,中长期纯债券型基金,1993719379.51,,纯债基金
1265,003640.OF,003640,兴业裕丰债券,兴业基金,冯小波,中长期纯债券型基金,2483602670.21,,纯债基金
1268,003651.OF,003651,博时丰达6个月定开债发起式,博时基金,郭思洁,中长期纯债券型基金,310246447.05,,纯债基金
1271,003660.OF,003660,中加纯债两年债券A,中加基金,于跃,混合债券型基金(一级),792481778.03,A,纯债基金
1273,003662.OF,003662,鹏华永盛定期开放债券,鹏华基金,"祝松,杜培俊,应琛",混合债券型基金(一级),641832220.11,,纯债基金
1278,003671.OF,003671,兴业裕恒债券,兴业基金,雷志强,中长期纯债券型基金,2651052426.46,,纯债基金
1280,003673.OF,003673,中加丰裕纯债债券A,中加基金,王霈,中长期纯债券型基金,1934910314.28,A,纯债基金
1287,003703.OF,003703,博时富鑫纯债债券A,博时基金,"唐薇,张李陵",中长期纯债券型基金,1900066978.91,A,纯债基金
1292,003730.OF,003730,博时富华纯债债券,博时基金,李汉楠,中长期纯债券型基金,1080083956.66,,纯债基金
1296,003746.OF,003746,广发汇瑞3个月定期开放债券,广发基金,赵子良,中长期纯债券型基金,7396358524.57,,纯债基金
1301,003770.OF,003770,中银丰庆定期开放债券,中银基金,白洁,中长期纯债券型基金,5633582525.35,,纯债基金
1310,003809.OF,003809,招商招顺纯债A,招商基金,刘万锋,中长期纯债券型基金,1680259438.04,A,纯债基金
1317,003832.OF,003832,中银丰润定期开放债券,中银基金,易芳菲,中长期纯债券型基金,16843138925.33,,纯债基金
1321,003847.OF,003847,华安鼎丰债券发起式A,华安基金,"李邦长,康钊,郑如熙",中长期纯债券型基金,4000447015.24,A,纯债基金
1322,003859.OF,003859,招商招旭纯债A,招商基金,郭敏,中长期纯债券型基金,5765290357.47,A,纯债基金
1324,003863.OF,003863,招商招祥纯债A,招商基金,"马龙,王梓林",中长期纯债券型基金,8082899883.78,A,纯债基金
1329,003869.OF,003869,长信稳势纯债债券,长信基金,"杜国昊,邹依恩",中长期纯债券型基金,4686377329.18,,纯债基金
1331,003880.OF,003880,嘉实稳骏纯债债券,嘉实基金,"闵锐,祝杨",中长期纯债券型基金,3036185883.14,,纯债基金
1339,003929.OF,003929,中银证券安进债券A,中银证券,"余亮,王玉玺",中长期纯债券型基金,33785904302.12,A,纯债基金
1341,003949.OF,003949,兴全稳泰债券A,兴证全球基金,王帅,中长期纯债券型基金,18068765249.93,A,纯债基金
1349,003983.OF,003983,鹏华丰惠债券,鹏华基金,杜培俊,中长期纯债券型基金,1661751702.2,,纯债基金
1353,004020.OF,004020,广发景祥纯债,广发基金,赵子良,中长期纯债券型基金,2311162565.79,,纯债基金
1359,004027.OF,004027,广发景源纯债A,广发基金,"刘志辉,方抗",中长期纯债券型基金,2873222978.84,A,纯债基金
1361,004030.OF,004030,嘉实丰安6个月定期债券,嘉实基金,王亚洲,中长期纯债券型基金,1056329647.66,,纯债基金
1362,004031.OF,004031,鑫元添利三个月定期开放债券,鑫元基金,郭卉,混合债券型基金(一级),1692119113.64,,纯债基金
1363,004032.OF,004032,工银丰淳半年定开债券,工银瑞信,陈桂都,中长期纯债券型基金,7604788254.65,,纯债基金
1365,004042.OF,004042,华夏鼎茂债券A,华夏基金,刘明宇,中长期纯债券型基金,10398739936.77,A,纯债基金
1368,004052.OF,004052,华夏鼎智债券A,华夏基金,孙蕾,中长期纯债券型基金,4591546392.23,A,纯债基金
1371,004061.OF,004061,华夏鼎隆债券A,华夏基金,孙蕾,中长期纯债券型基金,1014586168.47,A,纯债基金
1391,004118.OF,004118,博时裕鹏纯债债券,博时基金,王帅,中长期纯债券型基金,1130884670.86,,纯债基金
1392,004122.OF,004122,兴银长益三个月定开债,兴银基金,范泰奇,中长期纯债券型基金,3028735353.39,,纯债基金
1395,004126.OF,004126,浦银安盛稳健增利债券(LOF)A,浦银安盛基金,章潇枫,混合债券型基金(一级),608532457.36,A,纯债基金
1396,004127.OF,004127,鹏华丰康债券A,鹏华基金,"杜培俊,应琛,祝松",中长期纯债券型基金,3596870717.13,A,纯债基金
1397,004136.OF,004136,博时民泽纯债债券,博时基金,倪玉娟,中长期纯债券型基金,492435975.16,,纯债基金
1398,004140.OF,004140,兴业福鑫债券,兴业基金,伍方方,中长期纯债券型基金,6068513447.14,,纯债基金
1399,004141.OF,004141,兴业瑞丰6个月定开债券,兴业基金,冯小波,中长期纯债券型基金,2553393422.85,,纯债基金
1404,004200.OF,004200,博时富瑞纯债债券A,博时基金,倪玉娟,中长期纯债券型基金,13480874303.52,A,纯债基金
1407,004230.OF,004230,永赢添益债券,永赢基金,吴玮,中长期纯债券型基金,2544292512.15,,纯债基金
1408,004238.OF,004238,永赢瑞益债券A,永赢基金,"余国豪,杨凡颖",中长期纯债券型基金,6204699809.95,A,纯债基金
1414,004307.OF,004307,博时富元纯债债券,博时基金,"王帅,李汉楠",中长期纯债券型基金,3506524533.7,,纯债基金
1417,004322.OF,004322,创金尊隆纯债A,创金合信基金,郑振源,混合债券型基金(一级),495619236.44,A,纯债基金
1419,004334.OF,004334,博时广利3个月定开债发起式,博时基金,于渤洋,中长期纯债券型基金,6106496220.26,,纯债基金
1421,004366.OF,004366,博时汇享纯债债券A,博时基金,王帅,中长期纯债券型基金,1097291741.41,A,纯债基金
1425,004388.OF,004388,鹏华丰享债券,鹏华基金,方昶,中长期纯债券型基金,10846178443.42,,纯债基金
1436,004438.OF,004438,鹏华永安定期开放债券,鹏华基金,邓明明,中长期纯债券型基金,358310222.47,,纯债基金
1441,004459.OF,004459,鑫元瑞利定开债券,鑫元基金,郭卉,中长期纯债券型基金,1057012024.15,,纯债基金
1447,004479.OF,004479,博时富和纯债债券,博时基金,李秋实,中长期纯债券型基金,1946013112.81,,纯债基金
1449,004498.OF,004498,鹏华丰源债券,鹏华基金,刘涛,中长期纯债券型基金,1999161479.56,,纯债基金
1450,004499.OF,004499,鹏华丰瑞债券,鹏华基金,刘涛,中长期纯债券型基金,2946263322.66,,纯债基金
1451,004503.OF,004503,鹏华永泰定期开放债券,鹏华基金,"祝松,应琛",混合债券型基金(一级),690623614.08,,纯债基金
1452,004504.OF,004504,鹏华永泽定期开放债券,鹏华基金,"方昶,王石千",混合债券型基金(一级),433687981.4,,纯债基金
1455,004544.OF,004544,嘉实稳华纯债债券A,嘉实基金,王亚洲,中长期纯债券型基金,1902025988.07,A,纯债基金
1456,004547.OF,004547,华夏稳定双利债券A,华夏基金,张海静,混合债券型基金(一级),301914993.23,A,纯债基金
1458,004555.OF,004555,南方和元A,南方基金,"黄斌斌,施彦珏",中长期纯债券型基金,4417980968.91,A,纯债基金
1467,004601.OF,004601,博时富腾纯债债券,博时基金,郭思洁,中长期纯债券型基金,573547702.59,,纯债基金
1470,004614.OF,004614,鹏扬利泽债券A,鹏扬基金,"焦翠,陈钟闻",短期纯债券型基金,9857354601.19,A,纯债基金
1475,004637.OF,004637,华夏鼎兴债券A,华夏基金,孙蕾,中长期纯债券型基金,1030522134.01,A,纯债基金
1477,004639.OF,004639,华夏恒慧一年定开债券,华夏基金,张海静,中长期纯债券型基金,2241305374.54,,纯债基金
1480,004655.OF,004655,汇添富鑫汇债券A,汇添富基金,杨靖,混合债券型基金(一级),1120689356.62,A,纯债基金
1483,004672.OF,004672,华夏短债债券A,华夏基金,刘明宇,短期纯债券型基金,14806442065.2,A,纯债基金
1487,004689.OF,004689,博时丰庆纯债债券,博时基金,李汉楠,中长期纯债券型基金,497966176.68,,纯债基金
1488,004705.OF,004705,南方祥元A,南方基金,黄斌斌,中长期纯债券型基金,3663506768.87,A,纯债基金
1492,004722.OF,004722,中银丰和定期开放债券,中银基金,郑涛,中长期纯债券型基金,47993037506.66,,纯债基金
1494,004728.OF,004728,中欧瑾泰债券A,中欧基金,LI TONG,中长期纯债券型基金,593658958.76,A,纯债基金
1496,004736.OF,004736,富国鼎利纯债三个月定开债,富国基金,武磊,中长期纯债券型基金,1113515654.82,,纯债基金
1501,004797.OF,004797,国寿安保安盛纯债3个月定开债券发起式,国寿安保基金,"卢珊,黄力",中长期纯债券型基金,5269439359.61,,纯债基金
1505,004821.OF,004821,国寿安保安吉纯债半年定开债券发起式,国寿安保基金,"吴闻,李一鸣",混合债券型基金(一级),7012787261.7,,纯债基金
1513,004839.OF,004839,银华安颐中短债双月持有期债券A,银华基金,王树丽,短期纯债券型基金,3073733554.96,A,纯债基金
1515,004859.OF,004859,泰康年年红纯债一年债券,泰康基金,经惠云,混合债券型基金(一级),6399120158.56,,纯债基金
1516,004882.OF,004882,中银丰荣定期开放债券,中银基金,郑涛,中长期纯债券型基金,8148615246.97,,纯债基金
1518,004887.OF,004887,长信稳通三个月定开债券发起式,长信基金,"邹依恩,杜国昊",中长期纯债券型基金,1086018567.22,,纯债基金
1523,004899.OF,004899,中银信享定期开放债券,中银基金,白洁,中长期纯债券型基金,2954554714.22,,纯债基金
1527,004910.OF,004910,中加颐享纯债债券A,中加基金,于跃,中长期纯债券型基金,2595188610.53,A,纯债基金
1528,004911.OF,004911,中加纯债定开债券A,中加基金,王霈,中长期纯债券型基金,8831980217.39,A,纯债基金
1530,004919.OF,004919,兴全兴泰债券,兴证全球基金,"王帅,田志祥,季伟杰",中长期纯债券型基金,7012371305.97,,纯债基金
1531,004920.OF,004920,富国泓利纯债债券型发起式A,富国基金,武磊,中长期纯债券型基金,8592683342.24,A,纯债基金
1534,004923.OF,004923,华夏鼎祥三个月定期开放债券A,华夏基金,孙蕾,中长期纯债券型基金,2064915943.46,A,纯债基金
1536,004940.OF,004940,中加聚鑫纯债一年A,中加基金,袁素,混合债券型基金(一级),251520846.23,A,纯债基金
1540,004954.OF,004954,中银证券中高等级债券A,中银证券,王玉玺,中长期纯债券型基金,1039711403.12,A,纯债基金
1542,004956.OF,004956,中银证券安誉债券A,中银证券,余亮,中长期纯债券型基金,1028862817.45,A,纯债基金
1545,004978.OF,004978,富国聚利纯债三个月定开债发起式,富国基金,"刘瀚驰,朱梦娜",中长期纯债券型基金,4652567036.3,,纯债基金
1557,005024.OF,005024,南方兴利半年定开债券发起,南方基金,"李璇,杜才超",中长期纯债券型基金,2040788600.32,,纯债基金
1565,005072.OF,005072,中银丰进定期开放债券,中银基金,易芳菲,中长期纯债券型基金,3024803095.56,,纯债基金
1566,005073.OF,005073,永赢永益债券A,永赢基金,徐沛琳,中长期纯债券型基金,2042425187.71,A,纯债基金
1571,005099.OF,005099,易方达富华纯债债券A,易方达基金,藏海涛,中长期纯债券型基金,316135281.93,A,纯债基金
1573,005124.OF,005124,易方达恒益定开债券发起式,易方达基金,胡剑,中长期纯债券型基金,7012310434.49,,纯债基金
1582,005171.OF,005171,富国景利纯债债券,富国基金,"朱梦娜,陈倩",中长期纯债券型基金,2807695739.81,,纯债基金
1585,005200.OF,005200,浦银普瑞A,浦银安盛基金,章潇枫,中长期纯债券型基金,1033160929.05,A,纯债基金
1603,005307.OF,005307,财通资管鸿达纯债债券A,财通证券资管,"王珊,陈希希",中长期纯债券型基金,7059177489.48,A,纯债基金
1605,005309.OF,005309,中银证券汇嘉定期开放债券,中银证券,"吕文晔,余亮",中长期纯债券型基金,41769457523.53,,纯债基金
1608,005321.OF,005321,中银证券汇宇定期开放债券,中银证券,余亮,中长期纯债券型基金,11841442622.39,,纯债基金
1609,005322.OF,005322,中银丰禧定期开放债券,中银基金,郑涛,中长期纯债券型基金,3149769270.34,,纯债基金
1611,005336.OF,005336,中加颐慧定开债券A,中加基金,王霈,中长期纯债券型基金,7040809006.84,A,纯债基金
1619,005362.OF,005362,中银证券安源债券A,中银证券,吕文晔,中长期纯债券型基金,1112244652.15,A,纯债基金
1621,005364.OF,005364,华夏鼎顺三个月定开债券A,华夏基金,张海静,中长期纯债券型基金,4291363077.47,A,纯债基金
1625,005369.OF,005369,富国臻利纯债定期开放债券型发起式,富国基金,武磊,中长期纯债券型基金,5014883592.17,,纯债基金
1629,005383.OF,005383,富国绿色纯债一年定开债券,富国基金,朱梦娜,中长期纯债券型基金,222403260.87,,纯债基金
1631,005388.OF,005388,兴业安弘3个月定开债券发起式,兴业基金,刘禹含,中长期纯债券型基金,3002295575.98,,纯债基金
1632,005393.OF,005393,南方卓利3个月定开债发起式,南方基金,"金凌志,李璇",中长期纯债券型基金,7872258613.38,,纯债基金
1633,005398.OF,005398,鹏扬淳优债券,鹏扬基金,"王莹莹,陈钟闻",中长期纯债券型基金,1183047603.8,,纯债基金
1638,005419.OF,005419,中欧聚瑞债券A,中欧基金,"周锦程,LI TONG",混合债券型基金(一级),1936079446.78,A,纯债基金
1645,005432.OF,005432,上银聚鸿益三个月定开债券发起式,上银基金,"蔡唯峰,许佳",中长期纯债券型基金,2502637366.14,,纯债基金
1646,005435.OF,005435,国投瑞银顺银债券,国投瑞银基金,李鸥,中长期纯债券型基金,2390461672.14,,纯债基金
1648,005439.OF,005439,易方达恒安定开债券发起式,易方达基金,李一硕,中长期纯债券型基金,1024196970.63,,纯债基金
1649,005442.OF,005442,兴业安和6个月定开债券发起式,兴业基金,冯小波,中长期纯债券型基金,4971180467.4,,纯债基金
1656,005462.OF,005462,博时富业3个月定开债发起式,博时基金,"倪玉娟,吕瑞君",中长期纯债券型基金,2007213923.98,,纯债基金
1661,005469.OF,005469,南方浙利定开债券发起,南方基金,黄斌斌,中长期纯债券型基金,2008465715.19,,纯债基金
1675,005525.OF,005525,工银瑞祥定开发起式债券,工银瑞信,"赵建,李娜",混合债券型基金(一级),5062184485.94,,纯债基金
1677,005531.OF,005531,华安安悦债券A,华安基金,郑如熙,中长期纯债券型基金,1752224542.41,A,纯债基金
1685,005577.OF,005577,交银丰晟收益债券A,交银施罗德,于海颖,中长期纯债券型基金,6874523391.3,A,纯债基金
1689,005590.OF,005590,添富鑫永定开债A,汇添富基金,胡娜,混合债券型基金(一级),5671848575.54,A,纯债基金
1691,005594.OF,005594,招商添润3个月定开债发起式A,招商基金,李家辉,中长期纯债券型基金,6112467962.43,A,纯债基金
1695,005606.OF,005606,招商招鸿6个月定开债发起式,招商基金,刘万锋,中长期纯债券型基金,992338627.95,,纯债基金
1699,005622.OF,005622,博时富安3个月定开债发起式,博时基金,"李秋实,黄海峰",中长期纯债券型基金,5257751888.55,,纯债基金
1703,005631.OF,005631,博时富乾3个月定开债发起式,博时基金,于渤洋,中长期纯债券型基金,8358450570.95,,纯债基金
1708,005648.OF,005648,招商添琪3个月定开债发起式A,招商基金,"姜南林,李家辉",中长期纯债券型基金,2212852527.28,A,纯债基金
1714,005666.OF,005666,上银慧佳盈债券,上银基金,楼昕宇,中长期纯债券型基金,8130891538.96,,纯债基金
1716,005670.OF,005670,嘉实致兴定期纯债债券,嘉实基金,"王立芹,赵国英",中长期纯债券型基金,3463212348.05,,纯债基金
1719,005684.OF,005684,财通资管鸿睿12个月定开债券A,财通证券资管,"马航,顾宇笛,陈希希",混合债券型基金(一级),2421913025.51,A,纯债基金
1722,005703.OF,005703,永赢增益债券A,永赢基金,谢越,中长期纯债券型基金,5068585214.47,A,纯债基金
1724,005705.OF,005705,永赢恒益债券,永赢基金,章成,中长期纯债券型基金,6977100077.47,,纯债基金
1725,005709.OF,005709,华安鼎益债券A,华安基金,郑如熙,中长期纯债券型基金,4261218935.04,A,纯债基金
1726,005710.OF,005710,兴业嘉润3个月定开债券发起式,兴业基金,雷志强,中长期纯债券型基金,2040033775.38,,纯债基金
1727,005712.OF,005712,兴全祥泰定期开放债券,兴证全球基金,"石广翔,王健,翟秀华",中长期纯债券型基金,10036794668.62,,纯债基金
1731,005718.OF,005718,长信富瑞两年定开债券A,长信基金,"杜国昊,邹依恩",中长期纯债券型基金,10056960935.66,A,纯债基金
1732,005719.OF,005719,招商招诚半年定开债发起式,招商基金,李家辉,中长期纯债券型基金,1799920490.57,,纯债基金
1739,005736.OF,005736,中欧兴华债券,中欧基金,"洪慧梅,周锦程,LI TONG",中长期纯债券型基金,2413534564.76,,纯债基金
1740,005740.OF,005740,易方达恒信定开债券发起式,易方达基金,胡剑,中长期纯债券型基金,7562454045.61,,纯债基金
1747,005754.OF,005754,平安短债A,平安基金,欧阳亮,短期纯债券型基金,8647675245.86,A,纯债基金
1752,005772.OF,005772,工银瑞景定开发起式债券,工银瑞信,陈桂都,中长期纯债券型基金,14162660089.45,,纯债基金
1756,005781.OF,005781,华富富瑞3个月定期开放债券,华富基金,倪莉莎,中长期纯债券型基金,4934246859.6,,纯债基金
1757,005782.OF,005782,创金合信汇益纯债一年定开债券A,创金合信基金,郑振源,混合债券型基金(一级),512280056.8,A,纯债基金
1759,005784.OF,005784,创金合信汇誉纯债六个月定开债券A,创金合信基金,郑振源,混合债券型基金(一级),305667625.14,A,纯债基金
1763,005791.OF,005791,华夏鼎福三个月定开债券A,华夏基金,孙蕾,中长期纯债券型基金,2016344031.05,A,纯债基金
1766,005816.OF,005816,国泰农惠定期开放债券,国泰基金,刘嵩扬,混合债券型基金(一级),219565399.05,,纯债基金
1769,005820.OF,005820,博时富兴纯债3个月定开债发起式,博时基金,陈黎,中长期纯债券型基金,3234451826.32,,纯债基金
1771,005831.OF,005831,鹏华尊悦定开债发起式,鹏华基金,刘涛,中长期纯债券型基金,3481760472.19,,纯债基金
1772,005836.OF,005836,创金合信泰盈双季红定开债券A,创金合信基金,郑振源,中长期纯债券型基金,545014429.71,A,纯债基金
1776,005841.OF,005841,富国尊利纯债定期开放债券型发起式,富国基金,武磊,中长期纯债券型基金,6887695986.44,,纯债基金
1777,005842.OF,005842,海富通弘丰定开债券,海富通基金,"陈轶平,方昆明",中长期纯债券型基金,532667855.45,,纯债基金
1779,005845.OF,005845,长城久荣定期开放债券型发起式,长城基金,吴冰燕,中长期纯债券型基金,3034931500.78,,纯债基金
1783,005853.OF,005853,财通聚利债券,财通基金,罗晓倩,中长期纯债券型基金,550286915.69,,纯债基金
1784,005854.OF,005854,财通汇利债券,财通基金,闫梦璇,中长期纯债券型基金,51081139.1,,纯债基金
1787,005862.OF,005862,华夏鼎禄三个月定开债券A,华夏基金,孙蕾,混合债券型基金(一级),4131715895.52,A,纯债基金
1789,005864.OF,005864,国投瑞银顺达纯债债券,国投瑞银基金,"敬夏玺,李鸥",中长期纯债券型基金,457440725.44,,纯债基金
1790,005871.OF,005871,天弘荣享,天弘基金,"任明,刘洋",混合债券型基金(一级),7973814015.13,,纯债基金
1792,005879.OF,005879,中加颐兴定开债券,中加基金,"颜灵珊,闫沛贤",中长期纯债券型基金,4055972629.04,,纯债基金
1803,005897.OF,005897,平安合颖定开债,平安基金,张文平,中长期纯债券型基金,1724706285.93,,纯债基金
1804,005898.OF,005898,浦银安盛盛泽定开债券,浦银安盛基金,陶祺,中长期纯债券型基金,1864146183.6,,纯债基金
1808,005920.OF,005920,富国颐利纯债债券,富国基金,"吕春杰,李金柳",中长期纯债券型基金,1337506985.3,,纯债基金
1809,005921.OF,005921,农银金鑫定开债券,农银汇理基金,郭振宇,混合债券型基金(一级),5383506635.4,,纯债基金
1818,005971.OF,005971,平安惠锦债券,平安基金,欧阳亮,中长期纯债券型基金,1996757172.63,,纯债基金
1819,005972.OF,005972,交银裕如纯债债券A,交银施罗德,"于海颖,张顺晨",中长期纯债券型基金,455029.2,A,纯债基金
1821,005988.OF,005988,兴业纯债6个月定开债券A,兴业基金,伍方方,混合债券型基金(一级),979949792.91,A,纯债基金
1838,006029.OF,006029,鹏华尊享定期开放发起式债券,鹏华基金,应琛,中长期纯债券型基金,4182993623.98,,纯债基金
1841,006032.OF,006032,创金合信汇泽三个月定开债券A,创金合信基金,郑振源,中长期纯债券型基金,220239524.6,A,纯债基金
1846,006043.OF,006043,永赢惠益债券A,永赢基金,吴玮,中长期纯债券型基金,2674554874.17,A,纯债基金
1848,006045.OF,006045,长城久瑞三个月定期开放债券发起式,长城基金,"张棪,吴冰燕",中长期纯债券型基金,2183397868.62,,纯债基金
1850,006053.OF,006053,中航瑞景3个月定开A,中航基金,茅勇峰,混合债券型基金(一级),4085075562.89,A,纯债基金
1859,006066.OF,006066,中加颐睿纯债债券A,中加基金,于跃,中长期纯债券型基金,3528311400.75,A,纯债基金
1867,006076.OF,006076,创金合信恒利超短债债券A,创金合信基金,"谢创,吕沂洋,郑振源",混合债券型基金(一级),4343234273.04,A,纯债基金
1869,006082.OF,006082,鑫元全利一年定期开放债券发起式A,鑫元基金,郭卉,中长期纯债券型基金,1058943237.31,A,纯债基金
1872,006088.OF,006088,永赢润益债券A,永赢基金,章成,中长期纯债券型基金,1339425670.09,A,纯债基金
1879,006097.OF,006097,平安高等级债A,平安基金,欧阳亮,混合债券型基金(一级),959507670.65,A,纯债基金
1882,006107.OF,006107,招商添利6个月定开债发起式A,招商基金,"刘万锋,康晶",中长期纯债券型基金,8023536167.19,A,纯债基金
1884,006112.OF,006112,易方达恒惠定开债券发起式,易方达基金,李一硕,中长期纯债券型基金,617470619.09,,纯债基金
1887,006116.OF,006116,国泰丰祺纯债债券A,国泰基金,"胡智磊,索峰",中长期纯债券型基金,6836314109.19,A,纯债基金
1888,006120.OF,006120,国联聚明定期开放债券,国联基金,"王玥,石霄蒙",混合债券型基金(一级),1963404090.62,,纯债基金
1891,006137.OF,006137,广发汇立定期开放债券,广发基金,赵子良,中长期纯债券型基金,4114299320.66,,纯债基金
1900,006150.OF,006150,招商添利两年债券,招商基金,"马龙,李家辉",混合债券型基金(一级),503137936.06,,纯债基金
1901,006151.OF,006151,南方交元债券,南方基金,"陈霜阳,李璇",中长期纯债券型基金,4082225559.29,,纯债基金
1906,006169.OF,006169,工银瑞福纯债债券A,工银瑞信,李娜,中长期纯债券型基金,23742070.29,A,纯债基金
1908,006171.OF,006171,鹏扬淳利定期开放债券,鹏扬基金,"陈钟闻,王莹莹",中长期纯债券型基金,774377901.18,,纯债基金
1909,006172.OF,006172,万家鑫悦纯债A,万家基金,周潜玮,中长期纯债券型基金,3439791171.86,A,纯债基金
1921,006191.OF,006191,华夏鼎通债券A,华夏基金,吴彬,中长期纯债券型基金,7618035995.66,A,纯债基金
1938,006275.OF,006275,永赢聚益债券A,永赢基金,徐沛琳,中长期纯债券型基金,2097762981.21,A,纯债基金
1942,006287.OF,006287,永赢盛益债券A,永赢基金,章成,中长期纯债券型基金,6778638457.45,A,纯债基金
1948,006319.OF,006319,易方达安瑞短债债券A,易方达基金,"王晓晨,石大怿",短期纯债券型基金,4509800653.16,A,纯债基金
1950,006325.OF,006325,招商添荣3个月定开债发起式A,招商基金,康晶,中长期纯债券型基金,7233082918.01,A,纯债基金
1953,006332.OF,006332,招商金鸿债券A,招商基金,黄晓婷,中长期纯债券型基金,369358018.92,A,纯债基金
1958,006360.OF,006360,财通资管鸿益中短债债券A,财通证券资管,李杰,短期纯债券型基金,8586322989.0,A,纯债基金
1960,006367.OF,006367,交银裕祥纯债债券A,交银施罗德,季参平,中长期纯债券型基金,4011731259.09,A,纯债基金
1962,006378.OF,006378,广发汇宏6个月定开债,广发基金,赵子良,中长期纯债券型基金,3741184805.18,,纯债基金
1969,006393.OF,006393,招商添德3个月定开债A,招商基金,黄晓婷,中长期纯债券型基金,3036484695.23,A,纯债基金
1973,006405.OF,006405,华富恒盛纯债债券A,华富基金,倪莉莎,中长期纯债券型基金,663496048.14,A,纯债基金
1977,006411.OF,006411,中加颐智纯债债券,中加基金,王霈,中长期纯债券型基金,996312634.45,,纯债基金
1982,006421.OF,006421,中银弘享债券A,中银基金,易芳菲,中长期纯债券型基金,1915780680.65,A,纯债基金
1985,006427.OF,006427,招商添悦纯债A,招商基金,刘万锋,中长期纯债券型基金,8211262708.58,A,纯债基金
1989,006434.OF,006434,鹏华3个月中短债A,鹏华基金,"王康佳,张佳蕾",短期纯债券型基金,1345360376.64,A,纯债基金
1990,006436.OF,006436,浦银中短债A,浦银安盛基金,曹治国,短期纯债券型基金,2924961684.5,A,纯债基金
1994,006450.OF,006450,嘉实致盈债券,嘉实基金,"张文佳,王立芹",混合债券型基金(一级),3932766755.51,,纯债基金
2002,006464.OF,006464,浦银普益A,浦银安盛基金,章潇枫,中长期纯债券型基金,1622534184.38,A,纯债基金
2006,006468.OF,006468,嘉实稳联纯债债券,嘉实基金,李金灿,中长期纯债券型基金,1173749030.12,,纯债基金
2018,006489.OF,006489,招商添裕纯债A,招商基金,"向霈,马龙",中长期纯债券型基金,5576010611.07,A,纯债基金
2029,006504.OF,006504,广发汇承定期开放债券,广发基金,宋倩倩,中长期纯债券型基金,360820493.74,,纯债基金
2039,006517.OF,006517,南方吉元短债A,南方基金,黄斌斌,短期纯债券型基金,622508557.32,A,纯债基金
2050,006552.OF,006552,广发汇兴3个月定期开放债券,广发基金,赵子良,中长期纯债券型基金,513402507.41,,纯债基金
2057,006570.OF,006570,中金金元A,中金基金,"董珊珊,闫雯雯",混合债券型基金(一级),8264401408.01,A,纯债基金
2062,006582.OF,006582,博时富永3个月定开债发起式,博时基金,李秋实,中长期纯债券型基金,2533012617.76,,纯债基金
2065,006591.OF,006591,广发景明中短债A,广发基金,宋倩倩,短期纯债券型基金,17689770415.17,A,纯债基金
2068,006597.OF,006597,国泰利享中短债债券A,国泰基金,"陶然,丁士恒",短期纯债券型基金,15723533911.64,A,纯债基金
2070,006599.OF,006599,国寿安保安丰纯债债券,国寿安保基金,李一鸣,混合债券型基金(一级),2004090551.19,,纯债基金
2075,006617.OF,006617,工银瑞泽定开债券,工银瑞信,陈桂都,中长期纯债券型基金,5652066322.36,,纯债基金
2079,006626.OF,006626,山证超短债基金A,山西证券,"缪佳,刘凌云",短期纯债券型基金,14473792843.02,A,纯债基金
2081,006629.OF,006629,招商鑫悦中短债A,招商基金,郭敏,短期纯债券型基金,4431753311.44,A,纯债基金
2087,006635.OF,006635,永赢伟益债券,永赢基金,章成,中长期纯债券型基金,1686168769.39,,纯债基金
2095,006646.OF,006646,添富短债债券A,汇添富基金,杨靖,短期纯债券型基金,7923754970.05,A,纯债基金
2098,006653.OF,006653,南方畅利定开债券发起,南方基金,黄斌斌,中长期纯债券型基金,8547103031.72,,纯债基金
2101,006660.OF,006660,永赢昌益债券A,永赢基金,徐沛琳,中长期纯债券型基金,1451015457.39,A,纯债基金
2103,006662.OF,006662,易方达安悦超短债债券A,易方达基金,"梁莹,刘朝阳",短期纯债券型基金,7695066528.72,A,纯债基金
2105,006664.OF,006664,易方达安悦超短债债券F,易方达基金,"梁莹,刘朝阳",短期纯债券型基金,7695066528.72,,纯债基金
2106,006665.OF,006665,华夏鼎康债券A,华夏基金,吴彬,中长期纯债券型基金,6611634871.21,A,纯债基金
2109,006668.OF,006668,华夏中短债债券A,华夏基金,刘明宇,短期纯债券型基金,9581980893.92,A,纯债基金
2118,006683.OF,006683,富国国有企业债债券D,富国基金,张波,中长期纯债券型基金,12043362984.99,,纯债基金
2119,006684.OF,006684,富国信用债债券D,富国基金,"吕春杰,陈倩,黄纪亮",中长期纯债券型基金,18139279969.3,,纯债基金
2122,006707.OF,006707,永赢宏益债券A,永赢基金,谢越,中长期纯债券型基金,1228397661.45,A,纯债基金
2124,006714.OF,006714,博时富源纯债债券A,博时基金,"李秋实,何平",中长期纯债券型基金,1505311424.17,A,纯债基金
2135,006740.OF,006740,工银尊利中短债债券A,工银瑞信,张略钊,短期纯债券型基金,421324169.52,A,纯债基金
2141,006750.OF,006750,富国德利纯债三个月定期开放债券型发起式,富国基金,"刘瀚驰,吕春杰",中长期纯债券型基金,2875442315.67,,纯债基金
2143,006758.OF,006758,农银汇理金禄债券,农银汇理基金,"郭振宇,周宇",中长期纯债券型基金,6163762758.41,,纯债基金
2147,006764.OF,006764,景顺长城景泰鑫利纯债A,景顺长城基金,何江波,中长期纯债券型基金,708160599.3,A,纯债基金
2149,006771.OF,006771,永赢合益债券,永赢基金,谢越,中长期纯债券型基金,1999994224.2,,纯债基金
2150,006772.OF,006772,汇添富丰润中短债A,汇添富基金,杨靖,短期纯债券型基金,211753451.62,A,纯债基金
2153,006776.OF,006776,华夏鼎略债券A,华夏基金,孙蕾,中长期纯债券型基金,2153656778.25,A,纯债基金
2155,006782.OF,006782,国泰信利三个月定期开放债券,国泰基金,"刘波,刘嵩扬",混合债券型基金(一级),4009281647.08,,纯债基金
2158,006791.OF,006791,建信睿兴纯债债券,建信基金,刘思,中长期纯债券型基金,1857311001.81,,纯债基金
2159,006793.OF,006793,交银稳鑫短债债券A,交银施罗德,"姬静,黄莹洁",短期纯债券型基金,7955027518.270001,A,纯债基金
2162,006797.OF,006797,嘉实中短债债券A,嘉实基金,李金灿,短期纯债券型基金,15671255801.95,A,纯债基金
2166,006804.OF,006804,富国短债债券型A,富国基金,"张波,刘爱民",短期纯债券型基金,10243709396.7,A,纯债基金
2168,006806.OF,006806,西部利得添盈短债债券A,西部利得基金,刘心峰,短期纯债券型基金,1309046961.01,A,纯债基金
2173,006824.OF,006824,创金合信鑫日享短债债券A,创金合信基金,"闫一帆,谢创,张贺章",混合债券型基金(一级),6039263540.76,A,纯债基金
2178,006829.OF,006829,鹏扬利沣短债A,鹏扬基金,"陈钟闻,王黎骁",短期纯债券型基金,907975529.85,A,纯债基金
2183,006834.OF,006834,工银尊享短债债券A,工银瑞信,王朔,短期纯债券型基金,5137730305.79,A,纯债基金
2186,006838.OF,006838,鑫元荣利三个月定开债发起式,鑫元基金,郭卉,中长期纯债券型基金,331187281.16,,纯债基金
2189,006841.OF,006841,嘉实致享纯债债券,嘉实基金,"赵国英,张文佳",中长期纯债券型基金,7124739995.6,,纯债基金
2191,006846.OF,006846,福建国有企业债6个月定期开放债券A,中银基金,易芳菲,中长期纯债券型基金,728592586.08,A,纯债基金
2195,006850.OF,006850,永赢颐利债券,永赢基金,谢越,中长期纯债券型基金,2349283825.51,,纯债基金
2197,006852.OF,006852,永赢迅利中高等级短债A,永赢基金,卢绮婷,短期纯债券型基金,8607220655.76,A,纯债基金
2204,006869.OF,006869,广发政策性金融债,广发基金,"赵子良,洪志",中长期纯债券型基金,2622376729.54,,纯债基金
2207,006874.OF,006874,创金合信恒兴中短债债券A,创金合信基金,"黄佳祥,郑振源,谢创",混合债券型基金(一级),5086575455.19,A,纯债基金
2209,006884.OF,006884,添富AAA级信用纯债A,汇添富基金,杨靖,中长期纯债券型基金,11982248288.75,AAAA,纯债基金
2210,006885.OF,006885,添富AAA级信用纯债C,汇添富基金,杨靖,中长期纯债券型基金,11982248288.75,AAAC,纯债基金
2213,006893.OF,006893,汇添富丰利短债A,汇添富基金,"郑文旭,胡娜",短期纯债券型基金,3548156251.13,A,纯债基金
2218,006901.OF,006901,上银慧祥利债券A,上银基金,许佳,中长期纯债券型基金,6152286104.32,A,纯债基金
2221,006907.OF,006907,银华安鑫短债债券A,银华基金,"王树丽,魏昕宇",短期纯债券型基金,5876694481.08,A,纯债基金
2225,006915.OF,006915,南方亨元A,南方基金,黄斌斌,中长期纯债券型基金,6308919954.3,A,纯债基金
2228,006919.OF,006919,国寿安保泰和纯债债券,国寿安保基金,丁宇佳,混合债券型基金(一级),5666959772.63,,纯债基金
2232,006929.OF,006929,博时富融纯债债券,博时基金,王帅,中长期纯债券型基金,1019705727.78,,纯债基金
2235,006934.OF,006934,平安3-5年期政策性金融债债券A,平安基金,"刘晓兰,苏宁,张璐",中长期纯债券型基金,55621255.27,A,纯债基金
2237,006936.OF,006936,华安安盛定开,华安基金,康钊,中长期纯债券型基金,1491309631.57,,纯债基金
2239,006944.OF,006944,永赢悦利债券,永赢基金,"徐沛琳,吴玮",中长期纯债券型基金,8674354342.72,,纯债基金
2244,006953.OF,006953,华安安业债券A,华安基金,康钊,中长期纯债券型基金,4664200967.29,A,纯债基金
2246,006955.OF,006955,国泰惠富纯债债券A,国泰基金,"索峰,胡智磊",中长期纯债券型基金,2910119822.09,A,纯债基金
2247,006956.OF,006956,鹏华永润一年定期开放债券,鹏华基金,刘涛,中长期纯债券型基金,1964936528.29,,纯债基金
2248,006958.OF,006958,鹏华永融一年定期开放债券,鹏华基金,刘涛,中长期纯债券型基金,860501230.38,,纯债基金
2253,006963.OF,006963,中加颐瑾定开债券A,中加基金,王霈,中长期纯债券型基金,2009412373.99,A,纯债基金
2255,006965.OF,006965,财通安瑞短债债券A,财通基金,"罗晓倩,闫梦璇",短期纯债券型基金,16835189752.67,A,纯债基金
2257,006970.OF,006970,广发景利纯债,广发基金,赵子良,中长期纯债券型基金,508535751.76,,纯债基金
2263,006984.OF,006984,兴全恒瑞定开债券发起式,兴证全球基金,"张睿,季伟杰",中长期纯债券型基金,5025655970.270001,,纯债基金
2264,006985.OF,006985,兴全恒裕债券A,兴证全球基金,王帅,混合债券型基金(一级),10940142102.42,A,纯债基金
2265,006986.OF,006986,平安季添盈定开债A,平安基金,欧阳亮,中长期纯债券型基金,1467193778.21,A,纯债基金
2272,006995.OF,006995,南方惠利6个月定开债券A,南方基金,金凌志,中长期纯债券型基金,3335755637.22,A,纯债基金
2275,006998.OF,006998,广发景兴中短债A,广发基金,宋倩倩,短期纯债券型基金,3688707408.53,A,纯债基金
2285,007017.OF,007017,平安如意中短债A,平安基金,"张文平,张璐",短期纯债券型基金,17951536373.46,A,纯债基金
2301,007050.OF,007050,鑫元恒利三个月定期开放债券,鑫元基金,郭卉,中长期纯债券型基金,1727384008.52,,纯债基金
2302,007053.OF,007053,平安季开鑫定开债A,平安基金,张文平,中长期纯债券型基金,5192641642.98,A,纯债基金
2307,007061.OF,007061,中加聚盈定开债券A,中加基金,闫沛贤,混合债券型基金(一级),936141070.5,A,纯债基金
2311,007068.OF,007068,浦银安盛普丰纯债债券A,浦银安盛基金,章潇枫,中长期纯债券型基金,3045084101.9,A,纯债基金
2317,007086.OF,007086,永赢汇利六个月定开债,永赢基金,钱布克,中长期纯债券型基金,5651018125.15,,纯债基金
2328,007104.OF,007104,易方达恒利3个月定期开放债券发起式,易方达基金,"刘琬姝,纪玲云,胡剑",中长期纯债券型基金,1197080950.13,,纯债基金
2329,007105.OF,007105,国泰丰鑫纯债债券,国泰基金,刘嵩扬,中长期纯债券型基金,1583582709.77,,纯债基金
2334,007121.OF,007121,中加裕盈纯债债券,中加基金,王霈,中长期纯债券型基金,1141324835.88,,纯债基金
2342,007145.OF,007145,泰康安和纯债6个月定开债券,泰康基金,经惠云,中长期纯债券型基金,2213722549.84,,纯债基金
2349,007158.OF,007158,平安合盛定开债,平安基金,张璐,中长期纯债券型基金,989414959.43,,纯债基金
2353,007167.OF,007167,华安安和债券A,华安基金,康钊,中长期纯债券型基金,1013187470.25,A,纯债基金
2361,007175.OF,007175,国联聚通定期开放债券,国联基金,"王玥,石霄蒙",中长期纯债券型基金,501900352.26,,纯债基金
2366,007184.OF,007184,蜂巢添鑫纯债A,蜂巢基金,"李海涛,廖新昌",中长期纯债券型基金,2392077497.14,A,纯债基金
2377,007199.OF,007199,永赢泰利债券A,永赢基金,"刘星宇,陶毅,杨野",中长期纯债券型基金,571637422.79,A,纯债基金
2379,007201.OF,007201,民生加银聚益纯债,民生加银基金,"李文君,刘昊",中长期纯债券型基金,6132155887.22,,纯债基金
2388,007213.OF,007213,华安安平定开,华安基金,康钊,中长期纯债券型基金,815729302.59,,纯债基金
2390,007215.OF,007215,国寿安保泰荣纯债债券,国寿安保基金,丁宇佳,混合债券型基金(一级),2789058876.16,,纯债基金
2393,007220.OF,007220,天弘华享三个月定开,天弘基金,潘昱杉,中长期纯债券型基金,1026912729.27,,纯债基金
2411,007268.OF,007268,山证裕睿6个月定开A,山西证券,缪佳,混合债券型基金(一级),1754940385.97,A,纯债基金
2413,007278.OF,007278,国泰兴富三个月定期开放债券,国泰基金,"刘嵩扬,胡智磊",中长期纯债券型基金,503365579.97,,纯债基金
2423,007295.OF,007295,天弘安益A,天弘基金,"程仕湘,赵鼎龙",中长期纯债券型基金,1669706488.61,A,纯债基金
2433,007321.OF,007321,鹏华金利债券,鹏华基金,邓明明,中长期纯债券型基金,5750992183.53,,纯债基金
2448,007342.OF,007342,国投瑞银顺臻纯债债券A,国投瑞银基金,李鸥,中长期纯债券型基金,2104517702.78,A,纯债基金
2449,007347.OF,007347,永赢昌利债券A,永赢基金,陶毅,中长期纯债券型基金,12087151353.46,A,纯债基金
2462,007373.OF,007373,永赢卓利债券,永赢基金,"张雪,杨凡颖",中长期纯债券型基金,2105339781.72,,纯债基金
2463,007374.OF,007374,永赢淳利债券,永赢基金,徐沛琳,中长期纯债券型基金,3166047760.79,,纯债基金
2478,007408.OF,007408,鹏扬淳开债券A,鹏扬基金,"王黎骁,陈钟闻",中长期纯债券型基金,504706110.52,A,纯债基金
2481,007417.OF,007417,泰康信用精选债券A,泰康基金,经惠云,中长期纯债券型基金,3655579545.07,A,纯债基金
2487,007427.OF,007427,永赢凯利债券,永赢基金,"杨凡颖,张雪",中长期纯债券型基金,1073707008.89,,纯债基金
2494,007440.OF,007440,南方旭元A,南方基金,金凌志,中长期纯债券型基金,2027969301.07,A,纯债基金
2500,007447.OF,007447,平安惠泰纯债,平安基金,张文平,中长期纯债券型基金,851710796.21,,纯债基金
2501,007451.OF,007451,易方达恒兴3个月定开债券发起式,易方达基金,王晓晨,中长期纯债券型基金,8001741972.3,,纯债基金
2502,007454.OF,007454,民生加银嘉盈债券,民生加银基金,李文君,中长期纯债券型基金,3080727889.03,,纯债基金
2518,007496.OF,007496,农银汇理丰泽三年定期开放债券,农银汇理基金,"王明君,周宇,郭振宇",中长期纯债券型基金,8151400383.2,,纯债基金
2524,007513.OF,007513,博时富丰3个月定开债发起式,博时基金,郭思洁,混合债券型基金(一级),1673972271.54,,纯债基金
2525,007515.OF,007515,鹏华稳利短债A,鹏华基金,"王康佳,叶朝明",短期纯债券型基金,8542506982.12,A,纯债基金
2527,007517.OF,007517,博时富淳3个月定开债发起式,博时基金,郭思洁,中长期纯债券型基金,1997963743.82,,纯债基金
2529,007525.OF,007525,易方达年年恒夏纯债A,易方达基金,李一硕,中长期纯债券型基金,3055713312.96,A,纯债基金
2531,007529.OF,007529,嘉实汇鑫中短债债券A,嘉实基金,"赵国英,王立芹",短期纯债券型基金,16977884170.77,A,纯债基金
2534,007535.OF,007535,中欧盈和债券,中欧基金,LI TONG,中长期纯债券型基金,7372650558.59,,纯债基金
2536,007537.OF,007537,景顺长城景泰盈利纯债债券,景顺长城基金,彭成军,中长期纯债券型基金,1238200877.7,,纯债基金
2538,007542.OF,007542,永赢开泰中高等级中短债A,永赢基金,卢绮婷,短期纯债券型基金,8472816393.04,A,纯债基金
2540,007544.OF,007544,鹏华尊晟定期开放发起式债券,鹏华基金,应琛,中长期纯债券型基金,1079776754.57,,纯债基金
2546,007555.OF,007555,中航瑞明纯债A,中航基金,茅勇峰,中长期纯债券型基金,1022916535.88,A,纯债基金
2553,007562.OF,007562,景顺长城景泰纯利债券A,景顺长城基金,彭成军,混合债券型基金(一级),2505845896.35,A,纯债基金
2560,007572.OF,007572,中加民丰纯债A,中加基金,袁素,中长期纯债券型基金,505627393.56,A,纯债基金
2561,007573.OF,007573,农银丰盈定开债券,农银汇理基金,王明君,中长期纯债券型基金,8132700933.43,,纯债基金
2562,007576.OF,007576,华夏鼎琪三个月定开债券,华夏基金,孙蕾,中长期纯债券型基金,2035366798.82,,纯债基金
2565,007584.OF,007584,丰鑫债券,鹏华基金,刘涛,中长期纯债券型基金,1794027871.5,,纯债基金
2566,007585.OF,007585,工银瑞弘3个月定开发起式债券,工银瑞信,陈桂都,中长期纯债券型基金,14176919726.73,,纯债基金
2569,007589.OF,007589,嘉实致元42个月定期债券,嘉实基金,王立芹,中长期纯债券型基金,7976500564.85,,纯债基金
2571,007595.OF,007595,招商添泽纯债A,招商基金,康晶,中长期纯债券型基金,1980320062.08,A,纯债基金
2574,007600.OF,007600,泰康润颐63个月定开债券,泰康基金,经惠云,中长期纯债券型基金,8536772879.29,,纯债基金
2575,007603.OF,007603,景顺长城中短债债券A类,景顺长城基金,彭成军,短期纯债券型基金,4509502848.46,A,纯债基金
2581,007616.OF,007616,富国投资级信用债A,富国基金,"黄纪亮,朱梦娜",中长期纯债券型基金,4896295163.66,A,纯债基金
2583,007618.OF,007618,富国投资级信用债D,富国基金,"朱梦娜,黄纪亮",中长期纯债券型基金,4896295163.66,,纯债基金
2584,007619.OF,007619,中欧润逸债券,中欧基金,LI TONG,中长期纯债券型基金,8251746727.76,,纯债基金
2590,007645.OF,007645,平安季享裕定开债A,平安基金,张文平,混合债券型基金(一级),1580719606.26,A,纯债基金
2593,007653.OF,007653,长盛稳益6个月A,长盛基金,"王贵君,段鹏",短期纯债券型基金,2279684091.86,A,纯债基金
2597,007659.OF,007659,博时富汇3个月定开债发起式,博时基金,何平,中长期纯债券型基金,5432519712.47,,纯债基金
2600,007670.OF,007670,嘉实商业银行精选债券,嘉实基金,王立芹,中长期纯债券型基金,451577905.98,,纯债基金
2603,007680.OF,007680,中加享利三年债券,中加基金,于跃,中长期纯债券型基金,9157068860.99,,纯债基金
2604,007681.OF,007681,鹏华丰登债券,鹏华基金,"张丽娟,吴国杰,刘涛",中长期纯债券型基金,2794298216.48,,纯债基金
2605,007682.OF,007682,鹏华锦利两年定期开放债券,鹏华基金,"邓明明,应琛",中长期纯债券型基金,8119024120.18,,纯债基金
2608,007691.OF,007691,永赢泽利一年,永赢基金,钱布克,中长期纯债券型基金,1519134621.01,,纯债基金
2609,007692.OF,007692,永赢鼎利债券A,永赢基金,谢越,中长期纯债券型基金,2525799396.46,A,纯债基金
2616,007706.OF,007706,南方聪元A,南方基金,黄斌斌,中长期纯债券型基金,3642945379.82,A,纯债基金
2621,007714.OF,007714,南方贺元利率债A,南方基金,金凌志,中长期纯债券型基金,3172022853.81,A,纯债基金
2623,007716.OF,007716,嘉实致华纯债债券,嘉实基金,王立芹,中长期纯债券型基金,980797955.33,,纯债基金
2624,007717.OF,007717,工银尊享短债债券F,工银瑞信,王朔,短期纯债券型基金,5137730305.79,,纯债基金
2627,007723.OF,007723,鹏华锦润86个月定开债券,鹏华基金,"邓明明,应琛",中长期纯债券型基金,8271073342.69,,纯债基金
2631,007740.OF,007740,天弘信益A,天弘基金,潘昱杉,中长期纯债券型基金,608392416.39,A,纯债基金
2633,007744.OF,007744,长盛安逸纯债债券A,长盛基金,王贵君,中长期纯债券型基金,9734363894.39,A,纯债基金
2637,007754.OF,007754,上银慧永利中短期债券A,上银基金,葛沁沁,短期纯债券型基金,833572507.24,A,纯债基金
2640,007758.OF,007758,平安乐享一年定开债A,平安基金,段玮婧,中长期纯债券型基金,7123649441.8,A,纯债基金
2642,007761.OF,007761,鑫元安睿三年定期开放债券,鑫元基金,郭卉,中长期纯债券型基金,8098167856.45,,纯债基金
2643,007762.OF,007762,富国天盈债券(LOF)A,富国基金,俞晓斌,混合债券型基金(一级),5493833046.12,A,纯债基金
2649,007772.OF,007772,浦银安盛盛煊定开债券,浦银安盛基金,陶祺,中长期纯债券型基金,4527050885.74,,纯债基金
2657,007823.OF,007823,天弘弘择短债A,天弘基金,王昌俊,短期纯债券型基金,7787122151.9,A,纯债基金
2659,007828.OF,007828,创金合信信用红利债券A,创金合信基金,"张贺章,郑振源,谢创",混合债券型基金(一级),2799251771.67,A,纯债基金
2661,007830.OF,007830,建信荣瑞一年定期开放债券,建信基金,刘思,中长期纯债券型基金,8105506472.57,,纯债基金
2664,007836.OF,007836,泰康润和两年定开债券,泰康基金,经惠云,中长期纯债券型基金,7729711547.64,,纯债基金
2668,007852.OF,007852,工银瑞安3个月定开纯债债券发起式,工银瑞信,陈桂都,中长期纯债券型基金,10998990397.28,,纯债基金
2671,007867.OF,007867,华泰柏瑞锦泰一年定开债券,华泰柏瑞基金,何子建,中长期纯债券型基金,8095001269.67,,纯债基金
2672,007870.OF,007870,鹏华尊信3个月定开发起式债券,鹏华基金,杜培俊,中长期纯债券型基金,1644290016.96,,纯债基金
2673,007871.OF,007871,国泰惠享三个月定期开放债券,国泰基金,索峰,中长期纯债券型基金,2012744218.09,,纯债基金
2677,007888.OF,007888,农银金盈债券,农银汇理基金,郭振宇,中长期纯债券型基金,1904351396.0,,纯债基金
2688,007915.OF,007915,财通资管鸿福短债债券A,财通证券资管,"王珊,李杰",短期纯债券型基金,17013112912.51,A,纯债基金
2692,007928.OF,007928,中加享润两年债券,中加基金,袁素,中长期纯债券型基金,8044296267.2,,纯债基金
2693,007930.OF,007930,淳厚稳鑫债券A,淳厚基金,江文军,混合债券型基金(一级),974672508.28,A,纯债基金
2695,007935.OF,007935,平安惠澜纯债A,平安基金,张文平,中长期纯债券型基金,8493303968.58,A,纯债基金
2701,007948.OF,007948,汇添富盛安39个月定开债,汇添富基金,胡娜,中长期纯债券型基金,8014659738.45,,纯债基金
2702,007949.OF,007949,富国泽利纯债债券,富国基金,武磊,中长期纯债券型基金,560231224.94,,纯债基金
2704,007953.OF,007953,平安惠文纯债,平安基金,段玮婧,中长期纯债券型基金,1046942344.02,,纯债基金
2705,007954.OF,007954,平安惠涌纯债,平安基金,欧阳亮,中长期纯债券型基金,1034471374.79,,纯债基金
2709,007958.OF,007958,华泰柏瑞益通三个月定开债,华泰柏瑞基金,罗远航,中长期纯债券型基金,2505604231.07,,纯债基金
2713,007967.OF,007967,大成惠嘉一年定开债券,大成基金,曾婷婷,中长期纯债券型基金,8060378460.35,,纯债基金
2715,007970.OF,007970,国寿安保安泽纯债39个月定期开放债券,国寿安保基金,卢珊,中长期纯债券型基金,8790063819.45,,纯债基金
2721,007985.OF,007985,博时富悦纯债A,博时基金,王帅,中长期纯债券型基金,3028176998.17,A,纯债基金
2722,007986.OF,007986,嘉实致禄3个月定期纯债债券,嘉实基金,"闵锐,祝杨",中长期纯债券型基金,986152963.64,,纯债基金
2726,007990.OF,007990,富国汇远纯债三年定期开放债券A,富国基金,朱梦娜,中长期纯债券型基金,10121045307.36,A,纯债基金
2728,007996.OF,007996,博时富顺纯债债券,博时基金,陈黎,中长期纯债券型基金,2262861707.64,,纯债基金
2729,007997.OF,007997,易方达年年恒秋纯债一年定期开放债券A,易方达基金,李一硕,中长期纯债券型基金,2380455197.62,A,纯债基金
2734,008003.OF,008003,大成通嘉三年定开债券A,大成基金,曾婷婷,中长期纯债券型基金,8004106575.99,A,纯债基金
2741,008014.OF,008014,天弘鑫利三年定开,天弘基金,"陈钢,柴文婷",中长期纯债券型基金,11771496274.07,,纯债基金
2744,008017.OF,008017,国泰惠信三年定期开放债券,国泰基金,刘嵩扬,中长期纯债券型基金,13744661630.6,,纯债基金
2745,008018.OF,008018,华富安兴39个月定期开放债券A,华富基金,倪莉莎,中长期纯债券型基金,8084102871.12,A,纯债基金
2747,008022.OF,008022,建信短债债券F,建信基金,"李星佑,吴沛文,陈建良",短期纯债券型基金,19934409386.8,,纯债基金
2748,008027.OF,008027,工银泰和39个月定开债券A,工银瑞信,王朔,中长期纯债券型基金,7914697482.22,A,纯债基金
2750,008030.OF,008030,农银金益债券,农银汇理基金,郭振宇,中长期纯债券型基金,6243121061.57,,纯债基金
2751,008031.OF,008031,创金合信汇嘉三个月定开债券,创金合信基金,郑振源,混合债券型基金(一级),4002887250.39,,纯债基金
2752,008032.OF,008032,海富通裕昇三年定开债券,海富通基金,"方昆明,张靖爽",中长期纯债券型基金,8004783733.51,,纯债基金
2778,008102.OF,008102,中金鑫福87个月,中金基金,董珊珊,中长期纯债券型基金,8144170144.53,,纯债基金
2779,008104.OF,008104,中金鑫裕A,中金基金,董珊珊,中长期纯债券型基金,3263096849.97,A,纯债基金
2785,008117.OF,008117,博时稳欣39个月定开债,博时基金,"黄海峰,郭思洁",中长期纯债券型基金,16283431090.49,,纯债基金
2790,008130.OF,008130,广发汇优66个月定期开放债券,广发基金,刘志辉,中长期纯债券型基金,14578764453.4,,纯债基金
2791,008139.OF,008139,鑫元一年定开中高等级,鑫元基金,郭卉,混合债券型基金(一级),1412981729.91,,纯债基金
2797,008170.OF,008170,博时富添纯债债券A,博时基金,倪玉娟,中长期纯债券型基金,4907191238.24,A,纯债基金
2802,008204.OF,008204,交银稳利中短债债券A,交银施罗德,黄莹洁,短期纯债券型基金,12745824950.38,A,纯债基金
2805,008207.OF,008207,国泰合融纯债债券A,国泰基金,"刘嵩扬,魏伟",中长期纯债券型基金,7007678015.42,A,纯债基金
2807,008214.OF,008214,华安鑫福定开债A,华安基金,孙丽娜,中长期纯债券型基金,12114146573.56,A,纯债基金
2810,008217.OF,008217,国泰聚盈三年定期开放债券,国泰基金,刘嵩扬,中长期纯债券型基金,2267663983.25,,纯债基金
2811,008219.OF,008219,西部利得尊逸三年定开债券,西部利得基金,"刘心峰,李烨",中长期纯债券型基金,8018324676.16,,纯债基金
2813,008223.OF,008223,交银裕泰两年定期开放债券,交银施罗德,"于海颖,张顺晨,魏玉敏",中长期纯债券型基金,7846279709.88,,纯债基金
2817,008229.OF,008229,鑫元安硕两年定期开放债券,鑫元基金,郭卉,中长期纯债券型基金,8132204661.87,,纯债基金
2818,008231.OF,008231,海富通裕通30个月定开债券,海富通基金,"张靖爽,方昆明",中长期纯债券型基金,8094461254.68,,纯债基金
2821,008242.OF,008242,英大通盈纯债债券A,英大基金,"吕一楠,易祺坤,张大铮",混合债券型基金(一级),6272671299.55,A,纯债基金
2826,008266.OF,008266,华夏鼎明债券A,华夏基金,孙蕾,中长期纯债券型基金,1129163279.82,A,纯债基金
2829,008278.OF,008278,国泰惠鑫一年定期开放债券,国泰基金,"丁士恒,陈育洁",混合债券型基金(一级),558514904.13,,纯债基金
2834,008302.OF,008302,永赢易弘债券A,永赢基金,陶毅,中长期纯债券型基金,2564629500.08,A,纯债基金
2835,008316.OF,008316,蜂巢添跃66个月定开债券,蜂巢基金,金之洁,中长期纯债券型基金,8024896193.18,,纯债基金
2845,008338.OF,008338,嘉实安元39个月定期纯债债券A,嘉实基金,李卓锴,中长期纯债券型基金,16592437109.06,A,纯债基金
2852,008349.OF,008349,华夏恒泰64个月定开债券,华夏基金,张海静,中长期纯债券型基金,7160585251.55,,纯债基金
2853,008352.OF,008352,交银裕坤纯债一年定期开放债券,交银施罗德,"于海颖,张顺晨",中长期纯债券型基金,2552722563.17,,纯债基金
2858,008366.OF,008366,广发汇明一年定期开放债券,广发基金,刘志辉,中长期纯债券型基金,505421244.0,,纯债基金
2862,008383.OF,008383,招商安心收益债券A,招商基金,马龙,混合债券型基金(一级),10160812014.76,A,纯债基金
2867,008406.OF,008406,兴银汇裕定开债,兴银基金,王深,中长期纯债券型基金,11110180.9,,纯债基金
2868,008409.OF,008409,景顺长城景泰裕利纯债A,景顺长城基金,彭成军,中长期纯债券型基金,14819547236.81,A,纯债基金
2869,008411.OF,008411,博时富信纯债债券,博时基金,陈黎,中长期纯债券型基金,2536947310.4,,纯债基金
2874,008429.OF,008429,中信保诚嘉裕五年定开纯债,中信保诚基金,臧淑玲,中长期纯债券型基金,9341168676.53,,纯债基金
2886,008460.OF,008460,招商招和39个月定开债,招商基金,康晶,中长期纯债券型基金,8792587182.47,,纯债基金
2887,008463.OF,008463,招商添瑞1年定开债A,招商基金,"李家辉,马龙,欧阳倩蓉",中长期纯债券型基金,8410579664.7,A,纯债基金
2889,008465.OF,008465,蜂巢添益纯债A,蜂巢基金,金之洁,中长期纯债券型基金,118208451.32,A,纯债基金
2893,008471.OF,008471,工银泰颐三年定开债券A,工银瑞信,陈桂都,中长期纯债券型基金,8007838892.18,A,纯债基金
2897,008478.OF,008478,天弘鑫意39个月定开债,天弘基金,柴文婷,中长期纯债券型基金,8261082648.05,,纯债基金
2906,008493.OF,008493,鹏华尊泰一年定开发起式债券,鹏华基金,刘涛,混合债券型基金(一级),2038332821.24,,纯债基金
2909,008497.OF,008497,鹏扬浦利中短债A,鹏扬基金,陈钟闻,短期纯债券型基金,4636636961.770001,A,纯债基金
2917,008508.OF,008508,国联聚锦一年定开债券,国联基金,石霄蒙,混合债券型基金(一级),1550955765.37,,纯债基金
2918,008509.OF,008509,南方得利一年定开债券发起,南方基金,黄斌斌,中长期纯债券型基金,1018167093.62,,纯债基金
2922,008516.OF,008516,浦银安盛盛熙一年定开债券,浦银安盛基金,曹治国,中长期纯债券型基金,5685386564.76,,纯债基金
2924,008521.OF,008521,富国汇优纯债63个月定期开放债券,富国基金,朱梦娜,中长期纯债券型基金,8191347402.11,,纯债基金
2930,008535.OF,008535,兴银合盛定开债A,兴银基金,"王深,范泰奇",中长期纯债券型基金,8000949230.1,A,纯债基金
2932,008539.OF,008539,工银开元利率债债券A,工银瑞信,张略钊,中长期纯债券型基金,1428409611.35,A,纯债基金
2940,008558.OF,008558,永赢邦利债券A,永赢基金,"谢越,吴玮",中长期纯债券型基金,3537770544.4,A,纯债基金
2947,008568.OF,008568,蜂巢丰业一年定开,蜂巢基金,"廖新昌,金之洁",中长期纯债券型基金,3789863363.35,,纯债基金
2948,008569.OF,008569,中航瑞智纯债A,中航基金,茅勇峰,中长期纯债券型基金,204749452.09,A,纯债基金
2953,008575.OF,008575,财通裕惠63个月定开债券,财通基金,闫梦璇,中长期纯债券型基金,4086466960.89,,纯债基金
2956,008582.OF,008582,兴银聚丰债券,兴银基金,王深,中长期纯债券型基金,1531850813.79,,纯债基金
2959,008587.OF,008587,淳厚中短债A,淳厚基金,"祁洁萍,江文军",短期纯债券型基金,221386528.57,A,纯债基金
2963,008596.OF,008596,平安乐顺39个月定开债A,平安基金,段玮婧,中长期纯债券型基金,8363673076.19,A,纯债基金
2967,008608.OF,008608,广发汇浦三年定期开放债券,广发基金,刘志辉,中长期纯债券型基金,8004781712.38,,纯债基金
2975,008620.OF,008620,嘉实致宁3个月定开纯债债券,嘉实基金,"李卓锴,李宇昂",中长期纯债券型基金,1623540784.49,,纯债基金
2985,008644.OF,008644,天弘季季兴三个月定开A,天弘基金,"柴文婷,陈钢",中长期纯债券型基金,596465666.82,A,纯债基金
2987,008646.OF,008646,天弘增利短债A,天弘基金,"王昌俊,王顺利",短期纯债券型基金,6970922639.74,A,纯债基金
2989,008648.OF,008648,嘉实致业一年定期纯债债券,嘉实基金,"王立芹,崔思维",中长期纯债券型基金,1041015790.66,,纯债基金
2990,008649.OF,008649,华泰柏瑞锦兴39个月定开债券,华泰柏瑞基金,何子建,中长期纯债券型基金,8027575091.63,,纯债基金
2991,008650.OF,008650,华泰柏瑞益商一年定开债券,华泰柏瑞基金,罗远航,中长期纯债券型基金,2042546679.48,,纯债基金
2992,008651.OF,008651,博时富进一年期定开债发起式,博时基金,李秋实,中长期纯债券型基金,9006676595.22,,纯债基金
2997,008661.OF,008661,嘉实致融一年定期债券,嘉实基金,"轩璇,胡永青",混合债券型基金(一级),1742060329.91,,纯债基金
3003,008674.OF,008674,博时稳悦63个月定开债,博时基金,陈黎,中长期纯债券型基金,8346398077.55,,纯债基金
3004,008675.OF,008675,华安鑫浦定开债A,华安基金,孙丽娜,中长期纯债券型基金,8169540664.59,A,纯债基金
3021,008700.OF,008700,泰康瑞丰3月定开债券,泰康基金,经惠云,混合债券型基金(一级),231352611.28,,纯债基金
3026,008722.OF,008722,永赢欣益一年,永赢基金,"吴玮,张雪",中长期纯债券型基金,1973582466.25,,纯债基金
3032,008730.OF,008730,天弘纯享一年定开,天弘基金,潘昱杉,中长期纯债券型基金,2004007554.45,,纯债基金
3036,008738.OF,008738,天弘兴享一年定开,天弘基金,"潘昱杉,柴文婷",中长期纯债券型基金,999827190.61,,纯债基金
3041,008746.OF,008746,财通多利债券A,财通基金,"闫梦璇,罗晓倩",中长期纯债券型基金,5414478670.97,A,纯债基金
3049,008761.OF,008761,南方骏元中短期利率债债券,南方基金,"黄斌斌,王润栋",短期纯债券型基金,1528727102.7,,纯债基金
3050,008762.OF,008762,天弘恒享一年定开,天弘基金,"潘昱杉,程明",中长期纯债券型基金,4229365019.93,,纯债基金
3056,008774.OF,008774,招商鑫福中短债A,招商基金,李家辉,短期纯债券型基金,7022338327.22,A,纯债基金
3064,008796.OF,008796,国联恒安纯债A,国联基金,石霄蒙,中长期纯债券型基金,1002503369.84,A,纯债基金
3068,008802.OF,008802,浦银安盛盛晖一年定开债券,浦银安盛基金,"陶祺,翁凯骅",中长期纯债券型基金,55251582.02,,纯债基金
3073,008807.OF,008807,鹏扬淳悦一年定开债券,鹏扬基金,焦翠,中长期纯债券型基金,1950027870.09,,纯债基金
3082,008826.OF,008826,天弘成享一年定开,天弘基金,"刘洋,彭玮",混合债券型基金(一级),7998199605.65,,纯债基金
3083,008829.OF,008829,博时富洋一年定开债发起式,博时基金,李秋实,中长期纯债券型基金,1054995928.82,,纯债基金
3086,008857.OF,008857,华夏鼎航债券A,华夏基金,孙蕾,中长期纯债券型基金,1207328742.28,A,纯债基金
3089,008862.OF,008862,中银证券汇远定期开放债券,中银证券,余亮,中长期纯债券型基金,212143504.42,,纯债基金
3090,008863.OF,008863,中银证券汇兴定期开放债券,中银证券,"王玉玺,曹张琪",中长期纯债券型基金,3003527381.38,,纯债基金
3096,008875.OF,008875,国寿安保尊恒利率债债券A,国寿安保基金,"李辉,卢珊",中长期纯债券型基金,1526908940.92,A,纯债基金
3106,008902.OF,008902,国寿安保泰吉纯债一年定开债券发起式,国寿安保基金,丁宇佳,中长期纯债券型基金,2137602574.09,,纯债基金
3113,008925.OF,008925,鹏华尊达一年定开发起式债券,鹏华基金,杜培俊,混合债券型基金(一级),2307613325.03,,纯债基金
3135,008995.OF,008995,中银证券安沛债券A,中银证券,余亮,中长期纯债券型基金,204534500.67,A,纯债基金
3139,009001.OF,009001,长城泰利债券A,长城基金,"张棪,吴冰燕",中长期纯债券型基金,14332771964.27,A,纯债基金
3143,009021.OF,009021,鹏华丰诚债券A,鹏华基金,"祝松,杜培俊",混合债券型基金(一级),1026731049.17,A,纯债基金
3149,009041.OF,009041,浦银安盛普天纯债债券A,浦银安盛基金,陶祺,中长期纯债券型基金,1071304509.91,A,纯债基金
3151,009045.OF,009045,浦银安盛盛智一年定开债券,浦银安盛基金,曹治国,中长期纯债券型基金,110720531.68,,纯债基金
3155,009082.OF,009082,华夏鼎佳债券A,华夏基金,张海静,中长期纯债券型基金,6348119391.11,A,纯债基金
3161,009091.OF,009091,兴银汇悦定开债,兴银基金,范泰奇,中长期纯债券型基金,2826657330.31,,纯债基金
3166,009105.OF,009105,兴业嘉荣一年定开债券发起式,兴业基金,"王卓然,雷志强",中长期纯债券型基金,8011813691.26,,纯债基金
3170,009148.OF,009148,平安合聚定开债,平安基金,段玮婧,中长期纯债券型基金,965473844.69,,纯债基金
3171,009166.OF,009166,平安合享1年定开债,平安基金,张璐,中长期纯债券型基金,531282568.17,,纯债基金
3172,009167.OF,009167,博时富灿一年定开债发起式,博时基金,李汉楠,中长期纯债券型基金,1020613410.62,,纯债基金
3182,009207.OF,009207,兴银汇智定开债,兴银基金,"洪木妹,王深",中长期纯债券型基金,1002563842.91,,纯债基金
3183,009212.OF,009212,易方达恒茂39个月定开债发起式,易方达基金,藏海涛,中长期纯债券型基金,8041430670.19,,纯债基金
3189,009235.OF,009235,景顺长城弘远66个月定期开放债券,景顺长城基金,何江波,中长期纯债券型基金,8595941055.74,,纯债基金
3191,009237.OF,009237,兴业绿色纯债一年定开债券A,兴业基金,冯小波,中长期纯债券型基金,1334458197.01,A,纯债基金
3193,009252.OF,009252,蜂巢添元纯债A,蜂巢基金,金之洁,中长期纯债券型基金,526054461.44,A,纯债基金
3195,009254.OF,009254,蜂巢添禧87个月定开,蜂巢基金,"李海涛,金之洁",中长期纯债券型基金,8083633032.75,,纯债基金
3198,009257.OF,009257,工银尊利中短债债券F,工银瑞信,张略钊,短期纯债券型基金,421324169.52,,纯债基金
3200,009271.OF,009271,博时信用优选债券A,博时基金,于渤洋,中长期纯债券型基金,6821896740.28,A,纯债基金
3204,009284.OF,009284,上银慧丰利债券,上银基金,"许佳,高永",中长期纯债券型基金,1001334748.03,,纯债基金
3207,009289.OF,009289,富国长江经济带纯债债券,富国基金,"吕春杰,张洋",中长期纯债券型基金,3417291563.93,,纯债基金
3208,009290.OF,009290,富国添享一年持有期债券A,富国基金,武磊,混合债券型基金(一级),2152431569.91,A,纯债基金
3210,009292.OF,009292,易方达年年恒春纯债一年定开发起式A,易方达基金,李一硕,中长期纯债券型基金,2278562129.22,A,纯债基金
3212,009294.OF,009294,嘉实致益纯债债券,嘉实基金,王立芹,中长期纯债券型基金,1013472083.96,,纯债基金
3214,009298.OF,009298,英大安惠纯债A,英大基金,"张婧珣,张大铮,易祺坤",中长期纯债券型基金,5523844488.48,A,纯债基金
3221,009306.OF,009306,平安惠铭纯债,平安基金,"李瑾懿,张文平",中长期纯债券型基金,4881785808.95,,纯债基金
3222,009309.OF,009309,国寿安保尊庆6个月持有期债券A,国寿安保基金,卢珊,混合债券型基金(一级),88711332.54,A,纯债基金
3230,009338.OF,009338,万家民瑞祥和6个月持有期债券A,万家基金,"周潜玮,周慧",中长期纯债券型基金,1986244634.35,A,纯债基金
3232,009343.OF,009343,泰康长江经济带债券A,泰康基金,经惠云,中长期纯债券型基金,953109623.5,A,纯债基金
3236,009356.OF,009356,博时季季乐持有期债券A,博时基金,"李更,倪玉娟",短期纯债券型基金,5766051709.15,A,纯债基金
3250,009417.OF,009417,国投瑞银顺荣债券A,国投瑞银基金,李鸥,中长期纯债券型基金,8405659202.47,A,纯债基金
3259,009450.OF,009450,中金新辉1年,中金基金,董珊珊,中长期纯债券型基金,4008502794.7,,纯债基金
3262,009453.OF,009453,平安合兴1年定开债,平安基金,"张璐,段玮婧",中长期纯债券型基金,213766588.46,,纯债基金
3273,009483.OF,009483,鹏华普利债券A,鹏华基金,刘涛,混合债券型基金(一级),3194692169.13,A,纯债基金
3301,009577.OF,009577,上银聚永益一年定开债券,上银基金,"许佳,楼昕宇",中长期纯债券型基金,5054651391.68,,纯债基金
3302,009578.OF,009578,上银聚德益一年定开债券,上银基金,许佳,中长期纯债券型基金,5133318457.73,,纯债基金
3304,009580.OF,009580,招商双债增强(LOF)D,招商基金,刘万锋,混合债券型基金(一级),7412691640.54,,纯债基金
3307,009583.OF,009583,淳厚安裕87个月定开债,淳厚基金,江文军,中长期纯债券型基金,7513404681.44,,纯债基金
3310,009587.OF,009587,国寿安保瑞和纯债66个月定期开放债券,国寿安保基金,丁宇佳,中长期纯债券型基金,8153519445.17,,纯债基金
3313,009599.OF,009599,嘉实致嘉纯债债券,嘉实基金,轩璇,中长期纯债券型基金,10557030397.19,,纯债基金
3314,009600.OF,009600,嘉实安泽一年定期纯债债券,嘉实基金,"赵国英,王立芹",中长期纯债券型基金,5849756842.76,,纯债基金
3323,009632.OF,009632,浦银安盛普嘉87个月定开债券A,浦银安盛基金,李羿,中长期纯债券型基金,8042752351.21,A,纯债基金
3329,009643.OF,009643,嘉实致信一年定期纯债债券,嘉实基金,轩璇,中长期纯债券型基金,994167389.32,,纯债基金
3330,009655.OF,009655,工银尊益中短债债券A,工银瑞信,谷衡,短期纯债券型基金,6805084071.24,A,纯债基金
3333,009666.OF,009666,兴全恒祥88个月定开债券,兴证全球基金,季伟杰,中长期纯债券型基金,8019504940.94,,纯债基金
3340,009685.OF,009685,景顺长城景泰宝利一年定期开放纯债发起式,景顺长城基金,"何江波,赵天彤",中长期纯债券型基金,515001536.08,,纯债基金
3344,009711.OF,009711,招商添盛78个月定开债,招商基金,黄晓婷,中长期纯债券型基金,8099437594.71,,纯债基金
3351,009732.OF,009732,兴业稳泰66个月定开债券,兴业基金,唐丁祥,中长期纯债券型基金,8048523796.9,,纯债基金
3357,009749.OF,009749,西部利得尊泰86个月定开债券,西部利得基金,"刘心峰,李烨",中长期纯债券型基金,8370559171.08,,纯债基金
3368,009770.OF,009770,英大安鑫66个月定期开放债券,英大基金,"易祺坤,张大铮",中长期纯债券型基金,8161935614.36,,纯债基金
3376,009792.OF,009792,工银瑞益债券A,工银瑞信,张略钊,中长期纯债券型基金,736801598.92,A,纯债基金
3378,009799.OF,009799,中银证券安汇三年定期开放债券,中银证券,"王玉玺,曹张琪",中长期纯债券型基金,8025944312.65,,纯债基金
3381,009809.OF,009809,易方达恒智63个月定开债券发起式,易方达基金,藏海涛,中长期纯债券型基金,8064158626.01,,纯债基金
3387,009831.OF,009831,长城稳利纯债A,长城基金,吴冰燕,中长期纯债券型基金,1092198102.97,A,纯债基金
3395,009851.OF,009851,上银聚远盈42个月定开债券,上银基金,葛沁沁,中长期纯债券型基金,8548966767.08,,纯债基金
3396,009866.OF,009866,永赢瑞宁87个月定开债,永赢基金,谢越,中长期纯债券型基金,8484222211.35,,纯债基金
3405,009920.OF,009920,鹏华年年红一年持有期债券A,鹏华基金,刘涛,中长期纯债券型基金,4610945029.43,A,纯债基金
3407,009922.OF,009922,华夏鼎富债券A,华夏基金,吴彬,中长期纯债券型基金,2091972447.22,A,纯债基金
3410,009933.OF,009933,浦银安盛普华66个月定开债券A,浦银安盛基金,李羿,中长期纯债券型基金,8035256648.5,A,纯债基金
3416,009953.OF,009953,华泰柏瑞锦乾债券,华泰柏瑞基金,罗远航,中长期纯债券型基金,2079895706.68,,纯债基金
3425,010048.OF,010048,平安短债I,平安基金,欧阳亮,短期纯债券型基金,8647675245.86,,纯债基金
3429,010083.OF,010083,中银欣享利率债,中银基金,"白洁,刘筱筠",中长期纯债券型基金,1886888876.16,,纯债基金
3430,010084.OF,010084,蜂巢丰瑞债券A,蜂巢基金,李海涛,混合债券型基金(一级),2127287292.62,A,纯债基金
3434,010092.OF,010092,永赢华嘉信用债A,永赢基金,"杨凡颖,曾琬云",中长期纯债券型基金,7420927070.85,A,纯债基金
3448,010168.OF,010168,天弘安利短债A,天弘基金,"柴文婷,程仕湘,刘莹",短期纯债券型基金,9950337217.09,A,纯债基金
3452,010191.OF,010191,华夏鼎信债券A,华夏基金,张海静,中长期纯债券型基金,2093018929.54,A,纯债基金
3457,010232.OF,010232,国寿安保泰安纯债债券,国寿安保基金,"丁宇佳,李谦",混合债券型基金(一级),3893083316.21,,纯债基金
3467,010254.OF,010254,嘉实丰年一年定期纯债债券A,嘉实基金,轩璇,中长期纯债券型基金,2628020343.18,A,纯债基金
3470,010258.OF,010258,淳厚稳悦A,淳厚基金,"张蕊,江文军",混合债券型基金(一级),304979571.19,A,纯债基金
3498,010462.OF,010462,中信保诚嘉润66个月定开纯债,中信保诚基金,臧淑玲,中长期纯债券型基金,8393809883.36,,纯债基金
3503,010471.OF,010471,易方达年年恒实纯债一年定期开放债券型发起式A,易方达基金,李一硕,中长期纯债券型基金,719620910.33,A,纯债基金
3509,010477.OF,010477,景顺长城景泰益利纯债债券,景顺长城基金,彭成军,中长期纯债券型基金,5548446714.03,,纯债基金
3510,010479.OF,010479,鹏华丰颐债券,鹏华基金,"刘涛,张丽娟",中长期纯债券型基金,4206968851.28,,纯债基金
3511,010482.OF,010482,汇添富盛和66个月定开债,汇添富基金,杨靖,中长期纯债券型基金,8351161094.7,,纯债基金
3512,010485.OF,010485,中航瑞晨87个月定开债A,中航基金,茅勇峰,中长期纯债券型基金,8097418042.22,A,纯债基金
3533,010580.OF,010580,长盛稳鑫63个月债券,长盛基金,王贵君,中长期纯债券型基金,8385745742.75,,纯债基金
3543,010621.OF,010621,永赢泰宁63个月定开债,永赢基金,钱布克,中长期纯债券型基金,8292298974.67,,纯债基金
3545,010627.OF,010627,淳厚安心87个月定开债,淳厚基金,"祁洁萍,江文军",中长期纯债券型基金,7832822198.520001,,纯债基金
3549,010632.OF,010632,工银瑞达一年定开纯债债券发起式,工银瑞信,陈桂都,中长期纯债券型基金,2135298463.29,,纯债基金
3551,010634.OF,010634,天弘合益A,天弘基金,"潘昱杉,程明",中长期纯债券型基金,4121125124.47,A,纯债基金
3553,010639.OF,010639,上银聚远鑫87个月定开债券,上银基金,葛沁沁,中长期纯债券型基金,8761134549.88,,纯债基金
3556,010653.OF,010653,农银金玉债券,农银汇理基金,郭振宇,中长期纯债券型基金,1248321084.67,,纯债基金
3560,010753.OF,010753,招商招旭纯债D,招商基金,郭敏,中长期纯债券型基金,5765290357.47,,纯债基金
3570,010836.OF,010836,国泰瑞泰纯债债券,国泰基金,刘嵩扬,中长期纯债券型基金,812436218.44,,纯债基金
3583,010946.OF,010946,中银证券汇福定期开放债券,中银证券,"余亮,王玉玺",中长期纯债券型基金,5425144861.96,,纯债基金
3591,010983.OF,010983,兴银汇泽87个月定开债券,兴银基金,"王深,范泰奇",中长期纯债券型基金,7624973600.65,,纯债基金
3604,011067.OF,011067,财通资管鸿达纯债债券I,财通证券资管,"王珊,陈希希",中长期纯债券型基金,7059177489.48,,纯债基金
3605,011079.OF,011079,嘉实致泓一年定期纯债债券,嘉实基金,王立芹,中长期纯债券型基金,1011258847.16,,纯债基金
3606,011080.OF,011080,鹏华尊和一年定开发起式债券,鹏华基金,邓明明,中长期纯债券型基金,8515985488.48,,纯债基金
3608,011088.OF,011088,景顺长城景泰恒利一年定开债券,景顺长城基金,彭成军,中长期纯债券型基金,4099334404.09,,纯债基金
3628,011262.OF,011262,华夏鼎英债券A,华夏基金,张海静,中长期纯债券型基金,1007093074.2,A,纯债基金
3632,011292.OF,011292,招商添裕纯债D,招商基金,"向霈,马龙",中长期纯债券型基金,5576010611.07,,纯债基金
3633,011294.OF,011294,招商添逸1年定开债,招商基金,黄晓婷,中长期纯债券型基金,8084723539.75,,纯债基金
3649,011529.OF,011529,上银慧兴盈债券,上银基金,葛沁沁,中长期纯债券型基金,1101221391.53,,纯债基金
3651,011617.OF,011617,添富AAA级信用纯债E,汇添富基金,杨靖,中长期纯债券型基金,11982248288.75,AAAE,纯债基金
3664,011655.OF,011655,天弘兴益一年定开,天弘基金,"程明,刘洋,潘昱杉",混合债券型基金(一级),5434377341.1,,纯债基金
3674,011683.OF,011683,华夏鼎华一年定开债券,华夏基金,孙蕾,中长期纯债券型基金,1505499047.38,,纯债基金
3675,011699.OF,011699,蜂巢丰华债券A,蜂巢基金,金之洁,混合债券型基金(一级),1052168969.46,A,纯债基金
3677,011719.OF,011719,浦银安盛盛华一年定开债券,浦银安盛基金,曹治国,中长期纯债券型基金,6312339793.23,,纯债基金
3684,011890.OF,011890,中金新璟3个月,中金基金,董珊珊,中长期纯债券型基金,1529299546.14,,纯债基金
3694,011943.OF,011943,工银瑞盛一年定开纯债债券发起式,工银瑞信,"李娜,王朔",中长期纯债券型基金,5433168646.62,,纯债基金
3696,011946.OF,011946,建信裕丰利率债三个月定期开放债券A,建信基金,刘思,中长期纯债券型基金,4124117441.11,A,纯债基金
3700,011952.OF,011952,万家悦兴3个月定开债发起式,万家基金,"石东,周潜玮",中长期纯债券型基金,2754488828.32,,纯债基金
3701,011953.OF,011953,招商招瑞纯债债券发起式D,招商基金,刘万锋,中长期纯债券型基金,1548279051.96,,纯债基金
3703,011955.OF,011955,招商招祥纯债D,招商基金,"马龙,王梓林",中长期纯债券型基金,8082899883.78,,纯债基金
3704,011960.OF,011960,兴业嘉福一年定开债券发起式,兴业基金,冯小波,中长期纯债券型基金,8065178960.94,,纯债基金
3705,011961.OF,011961,易方达稳鑫30天滚动短债A,易方达基金,"李一硕,刘琬姝",短期纯债券型基金,1210337317.54,A,纯债基金
3707,011968.OF,011968,农银金盛债券,农银汇理基金,郭振宇,中长期纯债券型基金,7833222706.21,,纯债基金
3734,012101.OF,012101,中金金合,中金基金,董珊珊,混合债券型基金(一级),2051752812.1,,纯债基金
3754,012229.OF,012229,华安众鑫90天滚动短债A,华安基金,"马晓璇,郑如熙",短期纯债券型基金,867325104.58,A,纯债基金
3758,012242.OF,012242,华安添荣中短债A,华安基金,"郑如熙,鲍越愚",短期纯债券型基金,55635051.01,A,纯债基金
3761,012265.OF,012265,天弘安怡30天滚动持有短债发起式,天弘基金,"王昌俊,程仕湘",短期纯债券型基金,4809294445.04,,纯债基金
3764,012273.OF,012273,富国汇鑫金融债三个月定期开放债券A,富国基金,"朱梦娜,朱征星",中长期纯债券型基金,4813014276.06,A,纯债基金
3766,012279.OF,012279,嘉实稳和6个月持有期纯债债券A,嘉实基金,王亚洲,中长期纯债券型基金,11955566617.6,A,纯债基金
3770,012290.OF,012290,国联恒益纯债A,国联基金,石霄蒙,中长期纯债券型基金,1009297938.76,A,纯债基金
3785,012352.OF,012352,英大通惠多利债券A,英大基金,"易祺坤,韩坪",中长期纯债券型基金,1056096156.04,A,纯债基金
3787,012356.OF,012356,浦银安盛季季鑫90天滚动持有短债A,浦银安盛基金,曹治国,短期纯债券型基金,1835556745.22,A,纯债基金
3795,012395.OF,012395,兴业60天滚动持有短债A,兴业基金,刘禹含,短期纯债券型基金,2346314219.35,A,纯债基金
3812,012451.OF,012451,国寿安保安恒金融债债券,国寿安保基金,李一鸣,中长期纯债券型基金,1107241535.44,,纯债基金
3813,012452.OF,012452,国泰利优30天滚动持有短债债券A,国泰基金,陶然,短期纯债券型基金,6439305346.73,A,纯债基金
3815,012465.OF,012465,上银慧嘉利债券,上银基金,许佳,中长期纯债券型基金,13055478176.45,,纯债基金
3816,012468.OF,012468,中银证券安灏债券A,中银证券,"曹张琪,余亮",中长期纯债券型基金,62396209.31,A,纯债基金
3818,012489.OF,012489,招商招顺纯债D,招商基金,刘万锋,中长期纯债券型基金,1680259438.04,,纯债基金
3825,012567.OF,012567,长城久稳债券D,长城基金,吴冰燕,中长期纯债券型基金,813272684.88,,纯债基金
3828,012580.OF,012580,财通资管鸿安30天滚动持有中短债债券A,财通证券资管,"陈希希,周庆",短期纯债券型基金,3563923260.17,A,纯债基金
3830,012591.OF,012591,广发添财180天滚动持有债券A,广发基金,宋倩倩,混合债券型基金(一级),2094312339.16,A,纯债基金
3856,012742.OF,012742,工银瑞富一年定开纯债债券发起式,工银瑞信,张略钊,中长期纯债券型基金,10140372.75,,纯债基金
3860,012750.OF,012750,上银慧鼎利债券,上银基金,楼昕宇,中长期纯债券型基金,765762681.1,,纯债基金
3861,012773.OF,012773,嘉实超短债债券A,嘉实基金,李金灿,短期纯债券型基金,22504160590.99,A,纯债基金
3869,012803.OF,012803,国联聚优一年定开债券,国联基金,石霄蒙,中长期纯债券型基金,8268284188.19,,纯债基金
3870,012806.OF,012806,招商添呈1年定开债,招商基金,黄晓婷,中长期纯债券型基金,3050160773.96,,纯债基金
3875,012823.OF,012823,富国安利90天滚动持有债券A,富国基金,张波,中长期纯债券型基金,978125324.9,A,纯债基金
3890,012933.OF,012933,易方达稳丰90天滚动持有短债债券A,易方达基金,梁莹,短期纯债券型基金,987502075.93,A,纯债基金
3896,012941.OF,012941,广发添财90天滚动持有债券A,广发基金,宋倩倩,混合债券型基金(一级),1653807630.06,A,纯债基金
3899,012948.OF,012948,兴证全球恒利一年定开债券发起式,兴证全球基金,"邓娟,翟秀华",中长期纯债券型基金,3091986293.62,,纯债基金
3902,013008.OF,013008,淳厚稳宁6个月定开债,淳厚基金,"江文军,祁洁萍",中长期纯债券型基金,1011839548.95,,纯债基金
3908,013062.OF,013062,国寿安保安诚纯债一年定开债券,国寿安保基金,"李一鸣,高鑫",混合债券型基金(一级),894031184.68,,纯债基金
3911,013065.OF,013065,国泰利泽90天滚动持有中短债债券A,国泰基金,陶然,短期纯债券型基金,3867064958.04,A,纯债基金
3913,013068.OF,013068,博时双月享60天滚动持有债券A,博时基金,郭思洁,中长期纯债券型基金,679961799.18,A,纯债基金
3917,013075.OF,013075,建信鑫悦90天滚动持有中短债债券发起A,建信基金,"彭紫云,陈建良",短期纯债券型基金,9242811292.41,A,纯债基金
3919,013077.OF,013077,永赢乾益债券,永赢基金,钱布克,中长期纯债券型基金,6360019013.34,,纯债基金
3920,013087.OF,013087,中加优悦一年定开债券,中加基金,袁素,中长期纯债券型基金,8436273492.54,,纯债基金
3935,013159.OF,013159,国泰瑞鑫一年定期开放债券发起式,国泰基金,索峰,中长期纯债券型基金,6207815957.22,,纯债基金
3948,013206.OF,013206,广发汇宜一年定期开放债券,广发基金,宋倩倩,中长期纯债券型基金,6273775843.25,,纯债基金
3953,013213.OF,013213,兴业嘉鸿一年定开债券发起式,兴业基金,"雷志强,蔡艳菲",中长期纯债券型基金,2038828212.22,,纯债基金
3956,013216.OF,013216,财通资管鸿启90天滚动持有发起式中短债A,财通证券资管,陈希希,短期纯债券型基金,5222390364.68,A,纯债基金
3965,013236.OF,013236,长信30天滚动持有短债债券A,长信基金,"邹依恩,杜国昊",短期纯债券型基金,26655924221.27,A,纯债基金
3973,013265.OF,013265,鹏扬淳熙一年定开债券发起式,鹏扬基金,焦翠,中长期纯债券型基金,1078321364.8,,纯债基金
3981,013336.OF,013336,天弘安悦90天滚动持有短债发起,天弘基金,"王昌俊,王顺利",短期纯债券型基金,876496878.22,,纯债基金
3982,013351.OF,013351,中加聚安60天滚动持有中短债发起式A,中加基金,闫沛贤,短期纯债券型基金,107219586.86,A,纯债基金
3984,013373.OF,013373,中银证券安业债券A,中银证券,"余亮,曹张琪",中长期纯债券型基金,62560822.25,A,纯债基金
3986,013375.OF,013375,平安元鑫120天滚动持有中短债A,平安基金,"欧阳亮,苏宁",混合债券型基金(一级),571166233.51,A,纯债基金
3991,013391.OF,013391,招商安泰债券D,招商基金,刘万锋,混合债券型基金(一级),2753467339.32,,纯债基金
3995,013405.OF,013405,中航瑞旭3个月定开债A,中航基金,茅勇峰,中长期纯债券型基金,405267021.34,A,纯债基金
3997,013408.OF,013408,蜂巢丰和债券A,蜂巢基金,李海涛,混合债券型基金(一级),1553948303.26,A,纯债基金
4001,013419.OF,013419,交银裕景纯债一年定期开放债券,交银施罗德,"季参平,张顺晨",中长期纯债券型基金,6211907815.42,,纯债基金
4007,013456.OF,013456,长盛安逸纯债债券D,长盛基金,王贵君,中长期纯债券型基金,9734363894.39,,纯债基金
4008,013457.OF,013457,华夏鼎业三个月定开债券A,华夏基金,"吴彬,张海静",中长期纯债券型基金,2676506410.85,A,纯债基金
4010,013459.OF,013459,华夏稳鑫增利80天债券A,华夏基金,"吴彬,张海静",混合债券型基金(一级),321759409.66,A,纯债基金
4013,013487.OF,013487,华安领荣一年定开债券发起式,华安基金,"康钊,林唐宇",中长期纯债券型基金,1020020506.56,,纯债基金
4016,013494.OF,013494,华泰柏瑞锦元债券,华泰柏瑞基金,罗远航,中长期纯债券型基金,522642677.85,,纯债基金
4023,013522.OF,013522,华富吉丰60天滚动持有中短债A,华富基金,"尹培俊,倪莉莎",短期纯债券型基金,6054555676.16,A,纯债基金
4027,013538.OF,013538,鹏华永宁3个月定开债券,鹏华基金,"邓明明,杜培俊",中长期纯债券型基金,1000951903.84,,纯债基金
4036,013563.OF,013563,银华季季盈3个月滚动持有债券A,银华基金,"王树丽,魏昕宇",混合债券型基金(一级),11559620776.18,A,纯债基金
4060,013648.OF,013648,长信稳丰债券A,长信基金,邹依恩,中长期纯债券型基金,1037604882.97,A,纯债基金
4064,013654.OF,013654,永赢信利碳中和一年定开债券发起,永赢基金,吴玮,中长期纯债券型基金,2653654364.26,,纯债基金
4076,013699.OF,013699,永赢安盈90天滚动持有债券发起A,永赢基金,"吴玮,杨凡颖,谢越",中长期纯债券型基金,464585652.88,A,纯债基金
4078,013703.OF,013703,招商添福1年定开债,招商基金,马龙,中长期纯债券型基金,11270321462.06,,纯债基金
4083,013718.OF,013718,兴银稳益30天持有期债券A,兴银基金,王深,中长期纯债券型基金,42790298.3,A,纯债基金
4086,013723.OF,013723,上银聚顺益一年定开债券发起式,上银基金,"蔡唯峰,楼昕宇",中长期纯债券型基金,1014315598.78,,纯债基金
4089,013728.OF,013728,创金合信恒宁30天滚动持有短债A,创金合信基金,"谢创,黄佳祥",混合债券型基金(一级),2650396466.5,A,纯债基金
4103,013780.OF,013780,华夏鼎丰债券,华夏基金,孙蕾,中长期纯债券型基金,2617008671.02,,纯债基金
4108,013799.OF,013799,财通安裕30天持有期中短债债券A,财通基金,"罗晓倩,闫梦璇",短期纯债券型基金,7072692166.13,A,纯债基金
4111,013804.OF,013804,财通资管鸿越3个月滚动持有债券A,财通证券资管,陈希希,混合债券型基金(一级),2135585840.88,A,纯债基金
4115,013808.OF,013808,易方达稳悦120天滚动短债A,易方达基金,"刘琬姝,李一硕",短期纯债券型基金,613302733.05,A,纯债基金
4120,013821.OF,013821,南方定利一年定开债券,南方基金,金凌志,中长期纯债券型基金,5347337925.87,,纯债基金
4126,013838.OF,013838,中银恒嘉60天滚动持有短债A,中银基金,"朱水媚,白洁",短期纯债券型基金,73857263.79,A,纯债基金
4131,013864.OF,013864,平安元泓30天滚动持有短债A,平安基金,"刘晓兰,欧阳亮",混合债券型基金(一级),584175707.19,A,纯债基金
4134,013875.OF,013875,鑫元合享纯债D,鑫元基金,郭卉,中长期纯债券型基金,387970847.1,,纯债基金
4135,013901.OF,013901,华安众享180天持有期中短债A,华安基金,郑如熙,混合债券型基金(一级),443572461.98,A,纯债基金
4137,013931.OF,013931,博时富恒一年定开债发起式,博时基金,黄海峰,中长期纯债券型基金,2550015708.56,,纯债基金
4140,013952.OF,013952,工银瑞和3个月定期开放债券A,工银瑞信,"张略钊,赵建",中长期纯债券型基金,1184045350.32,A,纯债基金
4150,013976.OF,013976,财通资管鸿佳60天滚动持有发起式中短债A,财通证券资管,李杰,短期纯债券型基金,1546688910.46,A,纯债基金
4160,014004.OF,014004,博时富璟一年定开债,博时基金,黄海峰,中长期纯债券型基金,7274594176.48,,纯债基金
4162,014012.OF,014012,蜂巢丰吉纯债A,蜂巢基金,金之洁,中长期纯债券型基金,1042025490.37,A,纯债基金
4167,014059.OF,014059,富国安慧短债债券A,富国基金,"张波,吴旅忠",短期纯债券型基金,136940203.78,A,纯债基金
4180,014097.OF,014097,鹏扬利鑫60天滚动持有债券A,鹏扬基金,"黄乐婷,陈钟闻",混合债券型基金(一级),3603865346.93,A,纯债基金
4184,014105.OF,014105,长城信利一年定开债券发起式,长城基金,"魏建,吴冰燕",中长期纯债券型基金,2080812057.58,,纯债基金
4193,014230.OF,014230,国泰瑞丰纯债债券,国泰基金,索峰,中长期纯债券型基金,3034463477.78,,纯债基金
4194,014231.OF,014231,国寿安保安锦纯债一年定开债券发起式,国寿安保基金,卢珊,混合债券型基金(一级),2406879885.5,,纯债基金
4195,014234.OF,014234,永赢轩益债券,永赢基金,章成,中长期纯债券型基金,2039563137.9,,纯债基金
4197,014242.OF,014242,农银悦利债券,农银汇理基金,郭振宇,中长期纯债券型基金,1608110064.81,,纯债基金
4198,014248.OF,014248,兴业一年持有期债券A,兴业基金,"蔡艳菲,周鸣",混合债券型基金(一级),2603241119.76,A,纯债基金
4200,014250.OF,014250,建信鑫怡90天滚动持有中短债债券A,建信基金,"徐华婧,陈建良",短期纯债券型基金,995200738.77,A,纯债基金
4202,014252.OF,014252,华泰柏瑞鸿裕90天滚动持有短债A,华泰柏瑞基金,"郑青,何子建,王烨斌",短期纯债券型基金,125401082.75,A,纯债基金
4204,014257.OF,014257,国联恒泽纯债A,国联基金,石霄蒙,中长期纯债券型基金,755791326.87,A,纯债基金
4216,014315.OF,014315,鹏华双季享180天持有期债券A,鹏华基金,刘涛,中长期纯债券型基金,9749161431.88,A,纯债基金
4222,014367.OF,014367,招商添悦纯债D,招商基金,刘万锋,中长期纯债券型基金,8211262708.58,,纯债基金
4232,014392.OF,014392,嘉实致乾纯债债券,嘉实基金,"赵国英,崔思维,陈硕",中长期纯债券型基金,1690297310.87,,纯债基金
4242,014435.OF,014435,中航瑞夏一年定开债发起A,中航基金,"茅勇峰,汪术勤",中长期纯债券型基金,4091451332.13,A,纯债基金
4247,014446.OF,014446,鹏华稳瑞中短债,鹏华基金,"叶朝明,王康佳",短期纯债券型基金,4635106720.12,,纯债基金
4251,014452.OF,014452,天弘惠享一年定开债券发起,天弘基金,柴文婷,混合债券型基金(一级),1011818263.15,,纯债基金
4256,014464.OF,014464,交银裕道纯债一年定期开放债券发起,交银施罗德,季参平,中长期纯债券型基金,2540571141.77,,纯债基金
4260,014474.OF,014474,中欧安悦一年定开债券发起,中欧基金,LI TONG,中长期纯债券型基金,10061135.72,,纯债基金
4262,014476.OF,014476,山西证券90天滚动持有短债A,山西证券,"刘凌云,缪佳",短期纯债券型基金,1121771375.41,A,纯债基金
4264,014480.OF,014480,华夏鼎优债券A,华夏基金,张海静,中长期纯债券型基金,3031441240.8,A,纯债基金
4279,014504.OF,014504,鹏扬淳开债券D,鹏扬基金,"王黎骁,陈钟闻",中长期纯债券型基金,504706110.52,,纯债基金
4283,014517.OF,014517,华夏30天滚动短债债券发起式A,华夏基金,张海静,短期纯债券型基金,273005700.44,A,纯债基金
4285,014552.OF,014552,中航瑞华ESG一年定开债发起A,中航基金,"茅勇峰,李祥源",中长期纯债券型基金,1028430270.01,EA,纯债基金
4293,014638.OF,014638,银华安鑫短债债券D,银华基金,"王树丽,魏昕宇",短期纯债券型基金,5876694481.08,,纯债基金
4309,014714.OF,014714,工银瑞兴一年定开纯债债券发起式,工银瑞信,张略钊,中长期纯债券型基金,1051124720.97,,纯债基金
4313,014721.OF,014721,富国碳中和一年定期开放债券发起式,富国基金,"刘瀚驰,吕春杰",中长期纯债券型基金,2021692008.53,,纯债基金
4317,014740.OF,014740,财通资管鸿商中短债A,财通证券资管,"陈希希,王珊",短期纯债券型基金,102903549.9,A,纯债基金
4326,014778.OF,014778,国寿安保安和纯债,国寿安保基金,"高鑫,李一鸣",中长期纯债券型基金,909624348.28,,纯债基金
4333,014815.OF,014815,财通资管鸿慧中短债发起式A,财通证券资管,王珊,短期纯债券型基金,122246279.4,A,纯债基金
4343,014856.OF,014856,建信鑫享短债债券A,建信基金,"吴沛文,李星佑",短期纯债券型基金,1634914597.64,A,纯债基金
4345,014858.OF,014858,建信鑫享短债债券F,建信基金,"李星佑,吴沛文",短期纯债券型基金,1634914597.64,,纯债基金
4359,014952.OF,014952,国泰睿鸿一年定期开放债券发起式,国泰基金,刘嵩扬,中长期纯债券型基金,508395267.14,,纯债基金
4362,014959.OF,014959,华泰柏瑞益兴三个月定开债券,华泰柏瑞基金,何子建,中长期纯债券型基金,615596916.84,,纯债基金
4363,014965.OF,014965,国投瑞银顺和一年定开债发起式,国投瑞银基金,"李鸥,敬夏玺",中长期纯债券型基金,3545896331.35,,纯债基金
4364,014966.OF,014966,永赢坤益债券,永赢基金,"钱布克,谢越",中长期纯债券型基金,2038960202.6,,纯债基金
4367,014973.OF,014973,景顺景泰悦利三个月定开债A,景顺长城基金,"赵天彤,彭成军",中长期纯债券型基金,4866485921.25,A,纯债基金
4375,015018.OF,015018,西部利得双兴一年定开债券发起,西部利得基金,"李安然,刘心峰",中长期纯债券型基金,511365129.3,,纯债基金
4381,015049.OF,015049,招商添安1年定开债,招商基金,马龙,中长期纯债券型基金,14902161213.18,,纯债基金
4388,015081.OF,015081,兴业90天滚动持有中短债A,兴业基金,刘禹含,短期纯债券型基金,5225720958.020001,A,纯债基金
4402,015209.OF,015209,华夏鼎成一年定开债券,华夏基金,"孙蕾,张海静",中长期纯债券型基金,2095838626.65,,纯债基金
4409,015255.OF,015255,农银金耀定开债券,农银汇理基金,王明君,中长期纯债券型基金,3153796905.68,,纯债基金
4412,015260.OF,015260,鹏华永鑫一年定开债券,鹏华基金,邓明明,中长期纯债券型基金,8075046217.07,,纯债基金
4413,015263.OF,015263,淳厚稳荣一年定开债发起,淳厚基金,"江文军,张蕊",中长期纯债券型基金,2108593616.47,,纯债基金
4419,015301.OF,015301,博时双季乐六个月持有期债券A,博时基金,张李陵,中长期纯债券型基金,245722326.56,A,纯债基金
4423,015315.OF,015315,富国汇享三个月定期开放债券A,富国基金,"吕春杰,李金柳,张洋",中长期纯债券型基金,3027206402.71,A,纯债基金
4446,015397.OF,015397,博时富鸿金融债3个月定开债,博时基金,"黄海峰,胥艺",中长期纯债券型基金,4008310866.68,,纯债基金
4456,015423.OF,015423,浦银安盛普裕一年定开债券,浦银安盛基金,章潇枫,中长期纯债券型基金,2648343229.78,,纯债基金
4473,015469.OF,015469,永赢湖北国企债一年定开发起,永赢基金,"杨凡颖,余国豪",中长期纯债券型基金,2150260104.68,,纯债基金
4475,015471.OF,015471,万家鑫橙纯债债券A,万家基金,"周潜玮,石东",中长期纯债券型基金,3213605916.99,A,纯债基金
4477,015473.OF,015473,工银瑞恒3个月定开债券A,工银瑞信,王朔,中长期纯债券型基金,2366607586.3,A,纯债基金
4486,015487.OF,015487,蜂巢丰泰三个月定开债券A,蜂巢基金,李海涛,混合债券型基金(一级),1583973941.54,A,纯债基金
4490,015492.OF,015492,中航瑞发3个月定开债A,中航基金,"汪术勤,茅勇峰",中长期纯债券型基金,2009393729.06,A,纯债基金
4498,015516.OF,015516,建信鑫恒120天滚动持有中短债债券A,建信基金,"徐华婧,彭紫云",短期纯债券型基金,4637258250.66,A,纯债基金
4504,015530.OF,015530,鹏华稳福中短债债券A,鹏华基金,"叶朝明,王康佳",短期纯债券型基金,456408022.13,A,纯债基金
4515,015552.OF,015552,中加安盈一年定开债券发起,中加基金,于跃,中长期纯债券型基金,516988509.42,,纯债基金
4517,015569.OF,015569,招商招裕纯债D,招商基金,"康晶,王闯",中长期纯债券型基金,56879202.52,,纯债基金
4519,015581.OF,015581,国寿安保泰然纯债债券,国寿安保基金,丁宇佳,中长期纯债券型基金,405876498.19,,纯债基金
4533,015622.OF,015622,平安合禧1年定开债发起式,平安基金,"张璐,段玮婧",中长期纯债券型基金,215351182.1,,纯债基金
4534,015624.OF,015624,国投瑞银顺晖一年定开债发起式,国投瑞银基金,李鸥,中长期纯债券型基金,5120130618.41,,纯债基金
4537,015629.OF,015629,招商添兴6个月定开债,招商基金,刘万锋,中长期纯债券型基金,6578813730.67,,纯债基金
4545,015653.OF,015653,鹏华永平6个月定开债券,鹏华基金,"祝松,邓明明",中长期纯债券型基金,2200963017.09,,纯债基金
4546,015654.OF,015654,交银稳鑫短债债券D,交银施罗德,"黄莹洁,姬静",短期纯债券型基金,7955027518.270001,,纯债基金
4559,015720.OF,015720,平安元悦60天滚动持有短债A,平安基金,"刘晓兰,张璐",短期纯债券型基金,58144940.14,A,纯债基金
4565,015736.OF,015736,长盛盛裕纯债D,长盛基金,王贵君,中长期纯债券型基金,5266344800.2,,纯债基金
4566,015746.OF,015746,博时四月享120天持有期债券A,博时基金,倪玉娟,中长期纯债券型基金,102794382.84,A,纯债基金
4580,015811.OF,015811,兴证全球恒泰一年定开债券发起式,兴证全球基金,季伟杰,中长期纯债券型基金,5046399415.69,,纯债基金
4581,015815.OF,015815,浦银稳鑫120天滚动持有中短债A,浦银安盛基金,曹治国,短期纯债券型基金,3300175443.55,A,纯债基金
4591,015830.OF,015830,平安惠复纯债A,平安基金,"张璐,韩克",中长期纯债券型基金,1015672175.34,A,纯债基金
4593,015832.OF,015832,永赢宏泰短债A,永赢基金,徐沛琳,短期纯债券型基金,538165962.62,A,纯债基金
4595,015834.OF,015834,汇添富鑫和纯债A,汇添富基金,杨靖,中长期纯债券型基金,2436199585.71,A,纯债基金
4603,015848.OF,015848,天弘合益D,天弘基金,"潘昱杉,程明",中长期纯债券型基金,4121125124.47,,纯债基金
4605,015852.OF,015852,华泰柏瑞益安三个月定开债券,华泰柏瑞基金,罗远航,中长期纯债券型基金,1066157177.24,,纯债基金
4606,015853.OF,015853,汇添富稳安三个月持有债券A,汇添富基金,杨靖,混合债券型基金(一级),93681414.83,A,纯债基金
4609,015858.OF,015858,浦银安盛盛嘉一年定开债券发起式,浦银安盛基金,陶祺,中长期纯债券型基金,5133491818.13,,纯债基金
4618,015893.OF,015893,广发景益债券,广发基金,吴迪,中长期纯债券型基金,2756308781.26,,纯债基金
4624,015913.OF,015913,华夏鼎安一年定开债券发起式,华夏基金,吴彬,中长期纯债券型基金,10533724.66,,纯债基金
4625,015917.OF,015917,兴业30天滚动持有中短债A,兴业基金,"刘禹含,王卓然",短期纯债券型基金,4419801797.28,A,纯债基金
4629,015925.OF,015925,万家鑫融纯债债券A,万家基金,"周潜玮,周慧",中长期纯债券型基金,3040210795.53,A,纯债基金
4642,015949.OF,015949,上银聚恒益一年定开债券发起式,上银基金,葛沁沁,中长期纯债券型基金,5071115249.55,,纯债基金
4653,015969.OF,015969,博时富尊一年定开债发起式,博时基金,"黄海峰,王帅",混合债券型基金(一级),1555822453.15,,纯债基金
4666,016009.OF,016009,中加博盈一年定开债券发起,中加基金,于跃,中长期纯债券型基金,2037067177.26,,纯债基金
4667,016011.OF,016011,西部利得沣享债券A,西部利得基金,刘心峰,中长期纯债券型基金,3366944630.6,A,纯债基金
4672,016023.OF,016023,兴业添益6个月定开债券,兴业基金,"周鸣,倪侃",中长期纯债券型基金,3292191003.57,,纯债基金
4673,016024.OF,016024,工银稳健丰瑞90天持有短债A,工银瑞信,"张略钊,姚璐伟",短期纯债券型基金,1643741500.41,A,纯债基金
4678,016031.OF,016031,民生加银瑞华绿债一年定开发起式,民生加银基金,"李文君,裴禹翔",中长期纯债券型基金,314301498.59,,纯债基金
4680,016034.OF,016034,建信鑫福60天持有期中短债债券A,建信基金,"徐华婧,彭紫云,胡泽元",短期纯债券型基金,1556861333.7,A,纯债基金
4699,016111.OF,016111,鹏华丰尊债券,鹏华基金,王康佳,中长期纯债券型基金,6134063776.65,,纯债基金
4720,016172.OF,016172,鹏扬利泽债券D,鹏扬基金,"焦翠,陈钟闻",短期纯债券型基金,9857354601.19,,纯债基金
4722,016184.OF,016184,长城鼎利一年定开债券发起式,长城基金,张棪,中长期纯债券型基金,2027029625.29,,纯债基金
4723,016189.OF,016189,国联恒通纯债A,国联基金,石霄蒙,中长期纯债券型基金,7295101551.04,A,纯债基金
4725,016191.OF,016191,永赢安悦60天持有期中短债债券A,永赢基金,卢绮婷,短期纯债券型基金,1014956780.79,A,纯债基金
4732,016208.OF,016208,华泰柏瑞锦汇债券,华泰柏瑞基金,何子建,中长期纯债券型基金,1001913499.38,,纯债基金
4735,016212.OF,016212,中银证券安添3个月定开债券A,中银证券,"曹张琪,王玉玺",中长期纯债券型基金,528652398.93,A,纯债基金
4737,016235.OF,016235,浦银安盛普诚纯债债券A,浦银安盛基金,"陶祺,章潇枫",中长期纯债券型基金,6153407591.25,A,纯债基金
4742,016247.OF,016247,天弘裕享一年定开债券发起,天弘基金,潘昱杉,中长期纯债券型基金,1027744191.69,,纯债基金
4747,016296.OF,016296,英大通佑一年定开债券,英大基金,"吕一楠,韩坪,易祺坤",混合债券型基金(一级),8155610288.2,,纯债基金
4774,016396.OF,016396,交银稳益短债债券A,交银施罗德,黄莹洁,短期纯债券型基金,4217418384.49,A,纯债基金
4784,016411.OF,016411,招商添文1年定开债发起式,招商基金,李家辉,中长期纯债券型基金,1523073260.48,,纯债基金
4797,016426.OF,016426,国泰信瑞纯债债券,国泰基金,"刘嵩扬,索峰,胡智磊",中长期纯债券型基金,2900883923.83,,纯债基金
4798,016427.OF,016427,汇添富丰利短债D,汇添富基金,"郑文旭,胡娜",短期纯债券型基金,3548156251.13,,纯债基金
4801,016432.OF,016432,财通资管睿兴债券A,财通证券资管,李杰,中长期纯债券型基金,15062600.83,A,纯债基金
4818,016483.OF,016483,国泰利盈60天滚动持有中短债A,国泰基金,陶然,短期纯债券型基金,2596226318.54,A,纯债基金
4820,016497.OF,016497,建信鑫享短债债券D,建信基金,"李星佑,吴沛文",短期纯债券型基金,1634914597.64,,纯债基金
4822,016510.OF,016510,嘉实年年红一年持有债券发起式A,嘉实基金,轩璇,混合债券型基金(一级),267941067.69,A,纯债基金
4827,016526.OF,016526,招商鑫诚短债A,招商基金,李家辉,短期纯债券型基金,641064113.62,A,纯债基金
4839,016585.OF,016585,富国汇泽一年定期开放债券A,富国基金,"吕春杰,李金柳",中长期纯债券型基金,6067728653.64,A,纯债基金
4850,016609.OF,016609,鹏华丰启债券,鹏华基金,方昶,中长期纯债券型基金,1620785377.22,,纯债基金
4855,016614.OF,016614,中欧尊悦一年定开债券发起,中欧基金,LI TONG,中长期纯债券型基金,3047427923.87,,纯债基金
4878,016674.OF,016674,永赢安泰中短债A,永赢基金,卢绮婷,短期纯债券型基金,565591326.2,A,纯债基金
4883,016689.OF,016689,中银淳享一年定开债券发起式,中银基金,"李宪,易芳菲",中长期纯债券型基金,2056262494.31,,纯债基金
4888,016695.OF,016695,天弘招利短债A,天弘基金,"程仕湘,刘莹",短期纯债券型基金,2193942399.84,A,纯债基金
4917,016790.OF,016790,招商鑫利中短债债券A,招商基金,李家辉,短期纯债券型基金,806575054.55,A,纯债基金
4920,016793.OF,016793,大成惠昭一年定开债券发起式,大成基金,曾婷婷,中长期纯债券型基金,2549491273.63,,纯债基金
4925,016799.OF,016799,建信鑫和30天持有期债券A,建信基金,"吴沛文,彭紫云",中长期纯债券型基金,1612557155.82,A,纯债基金
4935,016812.OF,016812,长信稳航30天持有中短债债券A,长信基金,"邹依恩,杜国昊",短期纯债券型基金,2630856078.83,A,纯债基金
4937,016816.OF,016816,兴业120天滚动持有债券A,兴业基金,刘禹含,中长期纯债券型基金,658783076.26,A,纯债基金
4951,016871.OF,016871,华富吉富30天滚动持有中短债A,华富基金,倪莉莎,短期纯债券型基金,153581502.33,A,纯债基金
4953,016875.OF,016875,交银稳安30天滚动持有债券A,交银施罗德,黄莹洁,中长期纯债券型基金,70423510.01,A,纯债基金
4961,016885.OF,016885,山西证券裕泽债券发起式A,山西证券,"刘凌云,缪佳",中长期纯债券型基金,64837796.47,A,纯债基金
4968,016914.OF,016914,博时富泽金融债,博时基金,陈黎,中长期纯债券型基金,1523065000.51,,纯债基金
4970,016925.OF,016925,华夏鼎辉债券A,华夏基金,吴彬,中长期纯债券型基金,2217118612.04,A,纯债基金
4972,016928.OF,016928,万家鑫怡债券A,万家基金,周潜玮,中长期纯债券型基金,6323248265.25,A,纯债基金
4981,016947.OF,016947,国泰利安中短债债券A,国泰基金,陶然,短期纯债券型基金,3080110973.8,A,纯债基金
4983,016951.OF,016951,鹏华丰顺债券,鹏华基金,杜培俊,中长期纯债券型基金,1300098145.27,,纯债基金
4984,016955.OF,016955,国联恒润纯债A,国联基金,石霄蒙,中长期纯债券型基金,1502853442.83,A,纯债基金
4996,017006.OF,017006,永赢月月享30天持有期短债A,永赢基金,"王宇超,杨凡颖",短期纯债券型基金,229594080.92,A,纯债基金
5002,017024.OF,017024,天弘通享债券发起A,天弘基金,潘昱杉,中长期纯债券型基金,1112740551.83,A,纯债基金
5026,017129.OF,017129,嘉实致泰一年定开纯债债券发起式,嘉实基金,轩璇,中长期纯债券型基金,6126449367.09,,纯债基金
5030,017137.OF,017137,长盛盛逸9个月持有期债券A,长盛基金,王贵君,混合债券型基金(一级),1963523773.85,A,纯债基金
5045,017201.OF,017201,山西证券丰盈180天滚动持有中短债A,山西证券,"刘凌云,缪佳",短期纯债券型基金,637035079.16,A,纯债基金
5053,017305.OF,017305,国寿安保超短债债券A,国寿安保基金,丁宇佳,短期纯债券型基金,68335062.26,A,纯债基金
5055,017307.OF,017307,招商鑫嘉中短债债券A,招商基金,李家辉,短期纯债券型基金,51798759.16,A,纯债基金
5060,017314.OF,017314,国泰利享安益短债债券A,国泰基金,"陈育洁,丁士恒",短期纯债券型基金,2275822282.69,A,纯债基金
5062,017328.OF,017328,永赢季季享90天持有期中短债债券A,永赢基金,"卢绮婷,章成",短期纯债券型基金,743250950.52,A,纯债基金
5066,017428.OF,017428,国泰鑫裕纯债债券,国泰基金,索峰,中长期纯债券型基金,6060820912.6,,纯债基金
5067,017432.OF,017432,交银稳安60天滚动持有债券A,交银施罗德,姬静,中长期纯债券型基金,61127896.82,A,纯债基金
5069,017438.OF,017438,博时安悦短债A,博时基金,黄海峰,短期纯债券型基金,1123273814.75,A,纯债基金
5090,017500.OF,017500,兴业嘉辰一年定开债券发起式,兴业基金,"冯小波,雷志强",中长期纯债券型基金,4910232334.89,,纯债基金
5093,017529.OF,017529,财通安益中短债债券A,财通基金,闫梦璇,短期纯债券型基金,251934280.63,A,纯债基金
5118,017614.OF,017614,工银瑞福纯债债券F,工银瑞信,李娜,中长期纯债券型基金,23742070.29,,纯债基金
5122,017659.OF,017659,汇添富稳丰中短债债券A,汇添富基金,胡娜,短期纯债券型基金,254669734.39,A,纯债基金
5126,017671.OF,017671,普旭浦银安盛普旭3个月定开债券,浦银安盛基金,曹治国,中长期纯债券型基金,6580357333.23,,纯债基金
5129,017681.OF,017681,建信睿安一年定期开放债券发起,建信基金,刘思,中长期纯债券型基金,510000000.0,,纯债基金
5131,017687.OF,017687,永赢昭利债券A,永赢基金,杨凡颖,中长期纯债券型基金,2743043755.01,A,纯债基金
5136,017695.OF,017695,招商添轩1年定开债,招商基金,刘万锋,中长期纯债券型基金,6660330783.26,,纯债基金
5154,017777.OF,017777,工银开元利率债债券F,工银瑞信,张略钊,中长期纯债券型基金,1428409611.35,,纯债基金
5163,017812.OF,017812,华安鼎盈一年定开债发起式,华安基金,康钊,中长期纯债券型基金,5092034812.34,,纯债基金
5186,018011.OF,018011,交银稳安90天持有期债券A,交银施罗德,姬静,中长期纯债券型基金,1949475064.89,A,纯债基金
5196,018085.OF,018085,汇添富稳合4个月持有债券A,汇添富基金,胡娜,混合债券型基金(一级),720309133.45,A,纯债基金
5208,018169.OF,018169,嘉实致诚纯债债券,嘉实基金,"程剑,祝杨,闵锐",中长期纯债券型基金,7174689882.59,,纯债基金
5213,018196.OF,018196,兴证全球恒远债券A,兴证全球基金,"邓娟,季伟杰",中长期纯债券型基金,5908410497.58,A,纯债基金
5221,018252.OF,018252,上银聚合益一年定开债券发起式,上银基金,楼昕宇,中长期纯债券型基金,5040810325.2,,纯债基金
5224,018256.OF,018256,国寿安保安泰三个月定开债券,国寿安保基金,卢珊,中长期纯债券型基金,6999997953.03,,纯债基金
5229,018275.OF,018275,蜂巢丰嘉债券A,蜂巢基金,"李海涛,彭朝阳",中长期纯债券型基金,3922404871.36,A,纯债基金
5242,018407.OF,018407,博时富耀一年定开债发起式,博时基金,"魏桢,李更,李汉楠",混合债券型基金(一级),2009999900.0,,纯债基金
5263,018559.OF,018559,广发景佳纯债,广发基金,赵子良,中长期纯债券型基金,210017261.0,,纯债基金
5267,018584.OF,018584,浦银安盛普兴3个月定开债券,浦银安盛基金,"李羿,陶祺",中长期纯债券型基金,7990008096.87,,纯债基金
5277,018666.OF,018666,鹏扬利沣短债D,鹏扬基金,"陈钟闻,王黎骁",短期纯债券型基金,907975529.85,,纯债基金
5302,040040.OF,040040,华安纯债债券A,华安基金,郑如熙,中长期纯债券型基金,4009834586.61,A,纯债基金
5304,040045.OF,040045,华安添鑫中短债A,华安基金,"郑如熙,马晓璇",短期纯债券型基金,3521506426.77,A,纯债基金
5310,050027.OF,050027,博时信用债纯债债券A,博时基金,张李陵,中长期纯债券型基金,14221786482.36,A,纯债基金
5312,050106.OF,050106,博时稳定价值债券A,博时基金,"罗霄,张李陵",混合债券型基金(一级),3385454789.46,A,纯债基金
5319,070005.OF,070005,嘉实债券,嘉实基金,轩璇,混合债券型基金(一级),938590034.67,,纯债基金
5324,070025.OF,070025,嘉实信用债券A,嘉实基金,"王立芹,赵国英",混合债券型基金(一级),3553410325.52,A,纯债基金
5326,070037.OF,070037,嘉实纯债债券A,嘉实基金,轩璇,中长期纯债券型基金,5933972671.66,A,纯债基金
5331,090021.OF,090021,大成月添利一个月滚动持有中短债债券A,大成基金,曾婷婷,短期纯债券型基金,27753282.43,A,纯债基金
5336,100018.OF,100018,富国天利增长债券A,富国基金,黄纪亮,混合债券型基金(一级),14652494839.64,A,纯债基金
5341,100058.OF,100058,富国产业债A,富国基金,"黄纪亮,武磊",混合债券型基金(一级),9017653142.91,A,纯债基金
5342,100066.OF,100066,富国纯债债券发起式A/B,富国基金,"吕春杰,张洋",中长期纯债券型基金,4860187522.97,AB,纯债基金
5344,100072.OF,100072,富国强回报定期开放债券A,富国基金,黄纪亮,中长期纯债券型基金,1190358322.85,A,纯债基金
5352,110035.OF,110035,易方达双债增强债券A,易方达基金,"田鑫,王晓晨",混合债券型基金(一级),19139249516.6,A,纯债基金
5357,110051.OF,110051,易方达安和中短债债券A,易方达基金,梁莹,短期纯债券型基金,3156421235.71,A,纯债基金
5359,110053.OF,110053,易方达安源中短债债券A,易方达基金,李一硕,短期纯债券型基金,7351580094.46,A,纯债基金
5367,160602.OF,160602,鹏华普天债券A,鹏华基金,刘涛,混合债券型基金(一级),3601308362.48,A,纯债基金
5404,202103.OF,202103,南方多利增强债券A,南方基金,李璇,混合债券型基金(一级),6646000864.32,A,纯债基金
5407,202108.OF,202108,南方润元纯债债券A/B,南方基金,金凌志,中长期纯债券型基金,2437647134.86,AB,纯债基金
5419,217003.OF,217003,招商安泰债券A,招商基金,刘万锋,混合债券型基金(一级),2753467339.32,A,纯债基金
5423,217022.OF,217022,招商产业债券A,招商基金,马龙,混合债券型基金(一级),18855871303.16,A,纯债基金
5440,261001.OF,261001,景顺长城稳定收益债券A,景顺长城基金,"李训练,何江波",混合债券型基金(一级),205265327.86,A,纯债基金
5447,270043.OF,270043,广发理财年年红债券,广发基金,吴迪,短期纯债券型基金,8061630601.78,,纯债基金
5451,270048.OF,270048,广发纯债债券A,广发基金,宋倩倩,中长期纯债券型基金,14247154876.68,A,纯债基金
