,thscode,基金公司标签20230630,基金公司标签20230331,基金公司标签20221231,基金公司标签20220930,基金公司标签20220630,基金公司标签20220331,bigcompany
0,460008.OF,大基金公司,大基金公司,大基金公司,大基金公司,大基金公司,大基金公司,稳定大基金公司
1,485022.OF,大基金公司,大基金公司,大基金公司,大基金公司,大基金公司,大基金公司,稳定大基金公司
2,485105.OF,大基金公司,大基金公司,大基金公司,大基金公司,大基金公司,大基金公司,稳定大基金公司
3,485107.OF,大基金公司,大基金公司,大基金公司,大基金公司,大基金公司,大基金公司,稳定大基金公司
4,485120.OF,大基金公司,大基金公司,大基金公司,大基金公司,大基金公司,大基金公司,稳定大基金公司
5,519137.OF,大基金公司,大基金公司,大基金公司,大基金公司,大基金公司,大基金公司,稳定大基金公司
6,519138.OF,大基金公司,大基金公司,大基金公司,大基金公司,大基金公司,大基金公司,稳定大基金公司
7,519225.OF,大基金公司,大基金公司,大基金公司,大基金公司,大基金公司,大基金公司,稳定大基金公司
8,519322.OF,大基金公司,大基金公司,大基金公司,大基金公司,大基金公司,大基金公司,稳定大基金公司
9,519324.OF,大基金公司,大基金公司,大基金公司,大基金公司,大基金公司,大基金公司,稳定大基金公司
10,519328.OF,大基金公司,大基金公司,大基金公司,大基金公司,大基金公司,大基金公司,稳定大基金公司
11,519330.OF,大基金公司,大基金公司,大基金公司,大基金公司,大基金公司,大基金公司,稳定大基金公司
12,519332.OF,大基金公司,大基金公司,大基金公司,大基金公司,大基金公司,大基金公司,稳定大基金公司
13,519334.OF,大基金公司,大基金公司,大基金公司,大基金公司,大基金公司,大基金公司,稳定大基金公司
14,519680.OF,大基金公司,大基金公司,大基金公司,大基金公司,大基金公司,大基金公司,稳定大基金公司
15,519718.OF,大基金公司,大基金公司,大基金公司,大基金公司,大基金公司,大基金公司,稳定大基金公司
16,519743.OF,大基金公司,大基金公司,大基金公司,大基金公司,大基金公司,大基金公司,稳定大基金公司
17,519746.OF,大基金公司,大基金公司,大基金公司,大基金公司,大基金公司,大基金公司,稳定大基金公司
18,519762.OF,大基金公司,大基金公司,大基金公司,大基金公司,大基金公司,大基金公司,稳定大基金公司
19,519776.OF,大基金公司,大基金公司,大基金公司,大基金公司,大基金公司,大基金公司,稳定大基金公司
20,519782.OF,大基金公司,大基金公司,大基金公司,大基金公司,大基金公司,大基金公司,稳定大基金公司
21,519784.OF,大基金公司,大基金公司,大基金公司,大基金公司,大基金公司,大基金公司,稳定大基金公司
22,530021.OF,大基金公司,大基金公司,大基金公司,大基金公司,大基金公司,大基金公司,稳定大基金公司
23,530029.OF,大基金公司,大基金公司,大基金公司,大基金公司,大基金公司,大基金公司,稳定大基金公司
24,531028.OF,大基金公司,大基金公司,大基金公司,大基金公司,大基金公司,大基金公司,稳定大基金公司
25,650001.OF,大基金公司,大基金公司,大基金公司,大基金公司,大基金公司,大基金公司,稳定大基金公司
26,675041.OF,大基金公司,大基金公司,大基金公司,大基金公司,大基金公司,大基金公司,稳定大基金公司
27,960040.OF,大基金公司,大基金公司,大基金公司,大基金公司,大基金公司,大基金公司,稳定大基金公司
28,970096.OF,大基金公司,大基金公司,大基金公司,大基金公司,大基金公司,大基金公司,稳定大基金公司
29,970098.OF,大基金公司,大基金公司,大基金公司,大基金公司,大基金公司,大基金公司,稳定大基金公司
30,970132.OF,大基金公司,大基金公司,大基金公司,大基金公司,大基金公司,大基金公司,稳定大基金公司
31,H000355.OF,大基金公司,大基金公司,大基金公司,大基金公司,大基金公司,大基金公司,稳定大基金公司
32,H202108.OF,大基金公司,大基金公司,大基金公司,大基金公司,大基金公司,大基金公司,稳定大基金公司
33,H217003.OF,大基金公司,大基金公司,大基金公司,大基金公司,大基金公司,大基金公司,稳定大基金公司
34,160128.SZ,大基金公司,大基金公司,大基金公司,大基金公司,大基金公司,大基金公司,稳定大基金公司
35,160515.SZ,大基金公司,大基金公司,大基金公司,大基金公司,大基金公司,大基金公司,稳定大基金公司
36,160618.SZ,大基金公司,大基金公司,大基金公司,大基金公司,大基金公司,大基金公司,稳定大基金公司
37,161014.SZ,大基金公司,大基金公司,大基金公司,大基金公司,大基金公司,大基金公司,稳定大基金公司
38,161019.SZ,大基金公司,大基金公司,大基金公司,大基金公司,大基金公司,大基金公司,稳定大基金公司
39,161115.SZ,大基金公司,大基金公司,大基金公司,大基金公司,大基金公司,大基金公司,稳定大基金公司
40,161117.SZ,大基金公司,大基金公司,大基金公司,大基金公司,大基金公司,大基金公司,稳定大基金公司
41,162715.SZ,大基金公司,大基金公司,大基金公司,大基金公司,大基金公司,大基金公司,稳定大基金公司
42,164703.SZ,大基金公司,大基金公司,大基金公司,大基金公司,大基金公司,大基金公司,稳定大基金公司
43,000005.OF,大基金公司,大基金公司,大基金公司,大基金公司,大基金公司,大基金公司,稳定大基金公司
44,000032.OF,大基金公司,大基金公司,大基金公司,大基金公司,大基金公司,大基金公司,稳定大基金公司
45,000037.OF,大基金公司,大基金公司,大基金公司,大基金公司,大基金公司,大基金公司,稳定大基金公司
46,000053.OF,大基金公司,大基金公司,大基金公司,大基金公司,大基金公司,大基金公司,稳定大基金公司
47,000084.OF,大基金公司,大基金公司,大基金公司,大基金公司,大基金公司,大基金公司,稳定大基金公司
48,000090.OF,大基金公司,大基金公司,大基金公司,大基金公司,大基金公司,大基金公司,稳定大基金公司
49,000111.OF,大基金公司,大基金公司,大基金公司,大基金公司,大基金公司,大基金公司,稳定大基金公司
50,000116.OF,大基金公司,大基金公司,大基金公司,大基金公司,大基金公司,大基金公司,稳定大基金公司
51,000137.OF,大基金公司,大基金公司,大基金公司,大基金公司,大基金公司,大基金公司,稳定大基金公司
52,000139.OF,大基金公司,大基金公司,大基金公司,大基金公司,大基金公司,大基金公司,稳定大基金公司
53,000147.OF,大基金公司,大基金公司,大基金公司,大基金公司,大基金公司,大基金公司,稳定大基金公司
54,000183.OF,大基金公司,大基金公司,大基金公司,大基金公司,大基金公司,大基金公司,稳定大基金公司
55,000186.OF,大基金公司,大基金公司,大基金公司,大基金公司,大基金公司,大基金公司,稳定大基金公司
56,000187.OF,大基金公司,大基金公司,大基金公司,大基金公司,大基金公司,大基金公司,稳定大基金公司
57,000191.OF,大基金公司,大基金公司,大基金公司,大基金公司,大基金公司,大基金公司,稳定大基金公司
58,000205.OF,大基金公司,大基金公司,大基金公司,大基金公司,大基金公司,大基金公司,稳定大基金公司
59,000207.OF,大基金公司,大基金公司,大基金公司,大基金公司,大基金公司,大基金公司,稳定大基金公司
60,000244.OF,大基金公司,大基金公司,大基金公司,大基金公司,大基金公司,大基金公司,稳定大基金公司
61,000252.OF,大基金公司,大基金公司,大基金公司,大基金公司,大基金公司,大基金公司,稳定大基金公司
62,000254.OF,大基金公司,大基金公司,大基金公司,大基金公司,大基金公司,大基金公司,稳定大基金公司
63,000265.OF,大基金公司,大基金公司,大基金公司,大基金公司,大基金公司,大基金公司,稳定大基金公司
64,000295.OF,大基金公司,大基金公司,大基金公司,大基金公司,大基金公司,大基金公司,稳定大基金公司
65,000345.OF,大基金公司,大基金公司,大基金公司,大基金公司,大基金公司,大基金公司,稳定大基金公司
66,000346.OF,大基金公司,大基金公司,大基金公司,大基金公司,大基金公司,大基金公司,稳定大基金公司
67,000355.OF,大基金公司,大基金公司,大基金公司,大基金公司,大基金公司,大基金公司,稳定大基金公司
68,000402.OF,大基金公司,大基金公司,大基金公司,大基金公司,大基金公司,大基金公司,稳定大基金公司
69,000469.OF,大基金公司,大基金公司,大基金公司,大基金公司,大基金公司,大基金公司,稳定大基金公司
70,000516.OF,大基金公司,大基金公司,大基金公司,大基金公司,大基金公司,大基金公司,稳定大基金公司
71,000546.OF,大基金公司,大基金公司,大基金公司,大基金公司,大基金公司,大基金公司,稳定大基金公司
72,000552.OF,大基金公司,大基金公司,大基金公司,大基金公司,大基金公司,大基金公司,稳定大基金公司
73,000606.OF,大基金公司,大基金公司,大基金公司,大基金公司,大基金公司,大基金公司,稳定大基金公司
74,000783.OF,大基金公司,大基金公司,大基金公司,大基金公司,大基金公司,大基金公司,稳定大基金公司
75,000799.OF,大基金公司,大基金公司,大基金公司,大基金公司,大基金公司,大基金公司,稳定大基金公司
76,000815.OF,大基金公司,大基金公司,大基金公司,大基金公司,大基金公司,大基金公司,稳定大基金公司
77,000914.OF,大基金公司,大基金公司,大基金公司,大基金公司,大基金公司,大基金公司,稳定大基金公司
78,000931.OF,大基金公司,大基金公司,大基金公司,大基金公司,大基金公司,大基金公司,稳定大基金公司
79,000943.OF,大基金公司,大基金公司,大基金公司,大基金公司,大基金公司,大基金公司,稳定大基金公司
80,001246.OF,大基金公司,大基金公司,大基金公司,大基金公司,大基金公司,大基金公司,稳定大基金公司
81,001299.OF,大基金公司,大基金公司,大基金公司,大基金公司,大基金公司,大基金公司,稳定大基金公司
82,001368.OF,大基金公司,大基金公司,大基金公司,大基金公司,大基金公司,大基金公司,稳定大基金公司
83,001369.OF,大基金公司,大基金公司,大基金公司,大基金公司,大基金公司,大基金公司,稳定大基金公司
84,001545.OF,大基金公司,大基金公司,大基金公司,大基金公司,大基金公司,大基金公司,稳定大基金公司
85,001578.OF,大基金公司,大基金公司,大基金公司,大基金公司,大基金公司,大基金公司,稳定大基金公司
86,001619.OF,大基金公司,大基金公司,大基金公司,大基金公司,大基金公司,大基金公司,稳定大基金公司
87,001783.OF,大基金公司,大基金公司,大基金公司,大基金公司,大基金公司,大基金公司,稳定大基金公司
88,001785.OF,大基金公司,大基金公司,大基金公司,大基金公司,大基金公司,大基金公司,稳定大基金公司
89,001819.OF,大基金公司,大基金公司,大基金公司,大基金公司,大基金公司,大基金公司,稳定大基金公司
90,001911.OF,大基金公司,大基金公司,大基金公司,大基金公司,大基金公司,大基金公司,稳定大基金公司
91,001960.OF,大基金公司,大基金公司,大基金公司,大基金公司,大基金公司,大基金公司,稳定大基金公司
92,001961.OF,大基金公司,大基金公司,大基金公司,大基金公司,大基金公司,大基金公司,稳定大基金公司
93,001993.OF,大基金公司,大基金公司,大基金公司,大基金公司,大基金公司,大基金公司,稳定大基金公司
94,002109.OF,大基金公司,大基金公司,大基金公司,大基金公司,大基金公司,大基金公司,稳定大基金公司
95,002140.OF,大基金公司,大基金公司,大基金公司,大基金公司,大基金公司,大基金公司,稳定大基金公司
96,002143.OF,大基金公司,大基金公司,大基金公司,大基金公司,大基金公司,大基金公司,稳定大基金公司
97,002169.OF,大基金公司,大基金公司,大基金公司,大基金公司,大基金公司,大基金公司,稳定大基金公司
98,002175.OF,大基金公司,大基金公司,大基金公司,大基金公司,大基金公司,大基金公司,稳定大基金公司
99,002188.OF,大基金公司,大基金公司,大基金公司,大基金公司,大基金公司,大基金公司,稳定大基金公司
100,002198.OF,大基金公司,大基金公司,大基金公司,大基金公司,大基金公司,大基金公司,稳定大基金公司
101,002206.OF,大基金公司,大基金公司,大基金公司,大基金公司,大基金公司,大基金公司,稳定大基金公司
102,002268.OF,大基金公司,大基金公司,大基金公司,大基金公司,大基金公司,大基金公司,稳定大基金公司
103,002301.OF,大基金公司,大基金公司,大基金公司,大基金公司,大基金公司,大基金公司,稳定大基金公司
104,002336.OF,大基金公司,大基金公司,大基金公司,大基金公司,大基金公司,大基金公司,稳定大基金公司
105,002341.OF,大基金公司,大基金公司,大基金公司,大基金公司,大基金公司,大基金公司,稳定大基金公司
106,002354.OF,大基金公司,大基金公司,大基金公司,大基金公司,大基金公司,大基金公司,稳定大基金公司
107,002377.OF,大基金公司,大基金公司,大基金公司,大基金公司,大基金公司,大基金公司,稳定大基金公司
108,002395.OF,大基金公司,大基金公司,大基金公司,大基金公司,大基金公司,大基金公司,稳定大基金公司
109,002438.OF,大基金公司,大基金公司,大基金公司,大基金公司,大基金公司,大基金公司,稳定大基金公司
110,002445.OF,大基金公司,大基金公司,大基金公司,大基金公司,大基金公司,大基金公司,稳定大基金公司
111,002447.OF,大基金公司,大基金公司,大基金公司,大基金公司,大基金公司,大基金公司,稳定大基金公司
112,002466.OF,大基金公司,大基金公司,大基金公司,大基金公司,大基金公司,大基金公司,稳定大基金公司
113,002483.OF,大基金公司,大基金公司,大基金公司,大基金公司,大基金公司,大基金公司,稳定大基金公司
114,002524.OF,大基金公司,大基金公司,大基金公司,大基金公司,大基金公司,大基金公司,稳定大基金公司
115,002548.OF,大基金公司,大基金公司,大基金公司,大基金公司,大基金公司,大基金公司,稳定大基金公司
116,002549.OF,大基金公司,大基金公司,大基金公司,大基金公司,大基金公司,大基金公司,稳定大基金公司
117,002550.OF,大基金公司,大基金公司,大基金公司,大基金公司,大基金公司,大基金公司,稳定大基金公司
118,002552.OF,大基金公司,大基金公司,大基金公司,大基金公司,大基金公司,大基金公司,稳定大基金公司
119,002568.OF,大基金公司,大基金公司,大基金公司,大基金公司,大基金公司,大基金公司,稳定大基金公司
120,002578.OF,大基金公司,大基金公司,大基金公司,大基金公司,大基金公司,大基金公司,稳定大基金公司
121,002600.OF,大基金公司,大基金公司,大基金公司,大基金公司,大基金公司,大基金公司,稳定大基金公司
122,002603.OF,大基金公司,大基金公司,大基金公司,大基金公司,大基金公司,大基金公司,稳定大基金公司
123,002625.OF,大基金公司,大基金公司,大基金公司,大基金公司,大基金公司,大基金公司,稳定大基金公司
124,002638.OF,大基金公司,大基金公司,大基金公司,大基金公司,大基金公司,大基金公司,稳定大基金公司
125,002698.OF,大基金公司,大基金公司,大基金公司,大基金公司,大基金公司,大基金公司,稳定大基金公司
126,002716.OF,大基金公司,大基金公司,大基金公司,大基金公司,大基金公司,大基金公司,稳定大基金公司
127,002750.OF,大基金公司,大基金公司,大基金公司,大基金公司,大基金公司,大基金公司,稳定大基金公司
128,002754.OF,大基金公司,大基金公司,大基金公司,大基金公司,大基金公司,大基金公司,稳定大基金公司
129,002755.OF,大基金公司,大基金公司,大基金公司,大基金公司,大基金公司,大基金公司,稳定大基金公司
130,002781.OF,大基金公司,大基金公司,大基金公司,大基金公司,大基金公司,大基金公司,稳定大基金公司
131,002832.OF,大基金公司,大基金公司,大基金公司,大基金公司,大基金公司,大基金公司,稳定大基金公司
132,002864.OF,大基金公司,大基金公司,大基金公司,大基金公司,大基金公司,大基金公司,稳定大基金公司
133,002868.OF,大基金公司,大基金公司,大基金公司,大基金公司,大基金公司,大基金公司,稳定大基金公司
134,002898.OF,大基金公司,大基金公司,大基金公司,大基金公司,大基金公司,大基金公司,稳定大基金公司
135,002904.OF,大基金公司,大基金公司,大基金公司,大基金公司,大基金公司,大基金公司,稳定大基金公司
136,002927.OF,大基金公司,大基金公司,大基金公司,大基金公司,大基金公司,大基金公司,稳定大基金公司
137,002929.OF,大基金公司,大基金公司,大基金公司,大基金公司,大基金公司,大基金公司,稳定大基金公司
138,002930.OF,大基金公司,大基金公司,大基金公司,大基金公司,大基金公司,大基金公司,稳定大基金公司
139,002970.OF,大基金公司,大基金公司,大基金公司,大基金公司,大基金公司,大基金公司,稳定大基金公司
140,002985.OF,大基金公司,大基金公司,大基金公司,大基金公司,大基金公司,大基金公司,稳定大基金公司
141,002991.OF,大基金公司,大基金公司,大基金公司,大基金公司,大基金公司,大基金公司,稳定大基金公司
142,002994.OF,大基金公司,大基金公司,大基金公司,大基金公司,大基金公司,大基金公司,稳定大基金公司
143,003039.OF,大基金公司,大基金公司,大基金公司,大基金公司,大基金公司,大基金公司,稳定大基金公司
144,003056.OF,大基金公司,大基金公司,大基金公司,大基金公司,大基金公司,大基金公司,稳定大基金公司
145,003102.OF,大基金公司,大基金公司,大基金公司,大基金公司,大基金公司,大基金公司,稳定大基金公司
146,003155.OF,大基金公司,大基金公司,大基金公司,大基金公司,大基金公司,大基金公司,稳定大基金公司
147,003162.OF,大基金公司,大基金公司,大基金公司,大基金公司,大基金公司,大基金公司,稳定大基金公司
148,003188.OF,大基金公司,大基金公司,大基金公司,大基金公司,大基金公司,大基金公司,稳定大基金公司
149,003192.OF,大基金公司,大基金公司,大基金公司,大基金公司,大基金公司,大基金公司,稳定大基金公司
150,003193.OF,大基金公司,大基金公司,大基金公司,大基金公司,大基金公司,大基金公司,稳定大基金公司
151,003209.OF,大基金公司,大基金公司,大基金公司,大基金公司,大基金公司,大基金公司,稳定大基金公司
152,003213.OF,大基金公司,大基金公司,大基金公司,大基金公司,大基金公司,大基金公司,稳定大基金公司
153,003214.OF,大基金公司,大基金公司,大基金公司,大基金公司,大基金公司,大基金公司,稳定大基金公司
154,003223.OF,大基金公司,大基金公司,大基金公司,大基金公司,大基金公司,大基金公司,稳定大基金公司
155,003258.OF,大基金公司,大基金公司,大基金公司,大基金公司,大基金公司,大基金公司,稳定大基金公司
156,003260.OF,大基金公司,大基金公司,大基金公司,大基金公司,大基金公司,大基金公司,稳定大基金公司
157,003265.OF,大基金公司,大基金公司,大基金公司,大基金公司,大基金公司,大基金公司,稳定大基金公司
158,003268.OF,大基金公司,大基金公司,大基金公司,大基金公司,大基金公司,大基金公司,稳定大基金公司
159,003269.OF,大基金公司,大基金公司,大基金公司,大基金公司,大基金公司,大基金公司,稳定大基金公司
160,003280.OF,大基金公司,大基金公司,大基金公司,大基金公司,大基金公司,大基金公司,稳定大基金公司
161,003285.OF,大基金公司,大基金公司,大基金公司,大基金公司,大基金公司,大基金公司,稳定大基金公司
162,003289.OF,大基金公司,大基金公司,大基金公司,大基金公司,大基金公司,大基金公司,稳定大基金公司
163,003290.OF,大基金公司,大基金公司,大基金公司,大基金公司,大基金公司,大基金公司,稳定大基金公司
164,003309.OF,大基金公司,大基金公司,大基金公司,大基金公司,大基金公司,大基金公司,稳定大基金公司
165,003313.OF,大基金公司,大基金公司,大基金公司,大基金公司,大基金公司,大基金公司,稳定大基金公司
166,003315.OF,大基金公司,大基金公司,大基金公司,大基金公司,大基金公司,大基金公司,稳定大基金公司
167,003327.OF,大基金公司,大基金公司,大基金公司,大基金公司,大基金公司,大基金公司,稳定大基金公司
168,003329.OF,大基金公司,大基金公司,大基金公司,大基金公司,大基金公司,大基金公司,稳定大基金公司
169,003417.OF,大基金公司,大基金公司,大基金公司,大基金公司,大基金公司,大基金公司,稳定大基金公司
170,003428.OF,大基金公司,大基金公司,大基金公司,大基金公司,大基金公司,大基金公司,稳定大基金公司
171,003445.OF,大基金公司,大基金公司,大基金公司,大基金公司,大基金公司,大基金公司,稳定大基金公司
172,003452.OF,大基金公司,大基金公司,大基金公司,大基金公司,大基金公司,大基金公司,稳定大基金公司
173,003454.OF,大基金公司,大基金公司,大基金公司,大基金公司,大基金公司,大基金公司,稳定大基金公司
174,003528.OF,大基金公司,大基金公司,大基金公司,大基金公司,大基金公司,大基金公司,稳定大基金公司
175,003547.OF,大基金公司,大基金公司,大基金公司,大基金公司,大基金公司,大基金公司,稳定大基金公司
176,003571.OF,大基金公司,大基金公司,大基金公司,大基金公司,大基金公司,大基金公司,稳定大基金公司
177,003590.OF,大基金公司,大基金公司,大基金公司,大基金公司,大基金公司,大基金公司,稳定大基金公司
178,003605.OF,大基金公司,大基金公司,大基金公司,大基金公司,大基金公司,大基金公司,稳定大基金公司
179,003607.OF,大基金公司,大基金公司,大基金公司,大基金公司,大基金公司,大基金公司,稳定大基金公司
180,003640.OF,大基金公司,大基金公司,大基金公司,大基金公司,大基金公司,大基金公司,稳定大基金公司
181,003651.OF,大基金公司,大基金公司,大基金公司,大基金公司,大基金公司,大基金公司,稳定大基金公司
182,003660.OF,大基金公司,大基金公司,大基金公司,大基金公司,大基金公司,大基金公司,稳定大基金公司
183,003662.OF,大基金公司,大基金公司,大基金公司,大基金公司,大基金公司,大基金公司,稳定大基金公司
184,003671.OF,大基金公司,大基金公司,大基金公司,大基金公司,大基金公司,大基金公司,稳定大基金公司
185,003673.OF,大基金公司,大基金公司,大基金公司,大基金公司,大基金公司,大基金公司,稳定大基金公司
186,003703.OF,大基金公司,大基金公司,大基金公司,大基金公司,大基金公司,大基金公司,稳定大基金公司
187,003730.OF,大基金公司,大基金公司,大基金公司,大基金公司,大基金公司,大基金公司,稳定大基金公司
188,003746.OF,大基金公司,大基金公司,大基金公司,大基金公司,大基金公司,大基金公司,稳定大基金公司
189,003770.OF,大基金公司,大基金公司,大基金公司,大基金公司,大基金公司,大基金公司,稳定大基金公司
190,003809.OF,大基金公司,大基金公司,大基金公司,大基金公司,大基金公司,大基金公司,稳定大基金公司
191,003832.OF,大基金公司,大基金公司,大基金公司,大基金公司,大基金公司,大基金公司,稳定大基金公司
192,003847.OF,大基金公司,大基金公司,大基金公司,大基金公司,大基金公司,大基金公司,稳定大基金公司
193,003859.OF,大基金公司,大基金公司,大基金公司,大基金公司,大基金公司,大基金公司,稳定大基金公司
194,003863.OF,大基金公司,大基金公司,大基金公司,大基金公司,大基金公司,大基金公司,稳定大基金公司
195,003869.OF,大基金公司,大基金公司,大基金公司,大基金公司,大基金公司,大基金公司,稳定大基金公司
196,003880.OF,大基金公司,大基金公司,大基金公司,大基金公司,大基金公司,大基金公司,稳定大基金公司
197,003929.OF,大基金公司,大基金公司,大基金公司,大基金公司,大基金公司,大基金公司,稳定大基金公司
198,003949.OF,大基金公司,大基金公司,大基金公司,大基金公司,大基金公司,大基金公司,稳定大基金公司
199,003983.OF,大基金公司,大基金公司,大基金公司,大基金公司,大基金公司,大基金公司,稳定大基金公司
200,004020.OF,小基金公司,小基金公司,小基金公司,小基金公司,小基金公司,小基金公司,稳定小基金公司
201,004027.OF,小基金公司,小基金公司,小基金公司,小基金公司,小基金公司,小基金公司,稳定小基金公司
202,004030.OF,小基金公司,小基金公司,小基金公司,小基金公司,小基金公司,小基金公司,稳定小基金公司
203,004031.OF,小基金公司,小基金公司,小基金公司,小基金公司,小基金公司,小基金公司,稳定小基金公司
204,004032.OF,小基金公司,小基金公司,小基金公司,小基金公司,小基金公司,小基金公司,稳定小基金公司
205,004042.OF,小基金公司,小基金公司,小基金公司,小基金公司,小基金公司,小基金公司,稳定小基金公司
206,004052.OF,小基金公司,小基金公司,小基金公司,小基金公司,小基金公司,小基金公司,稳定小基金公司
207,004061.OF,小基金公司,小基金公司,小基金公司,小基金公司,小基金公司,小基金公司,稳定小基金公司
208,004118.OF,小基金公司,小基金公司,小基金公司,小基金公司,小基金公司,小基金公司,稳定小基金公司
209,004122.OF,小基金公司,小基金公司,小基金公司,小基金公司,小基金公司,小基金公司,稳定小基金公司
210,004126.OF,小基金公司,小基金公司,小基金公司,小基金公司,小基金公司,小基金公司,稳定小基金公司
211,004127.OF,小基金公司,小基金公司,小基金公司,小基金公司,小基金公司,小基金公司,稳定小基金公司
212,004136.OF,小基金公司,小基金公司,小基金公司,小基金公司,小基金公司,小基金公司,稳定小基金公司
213,004140.OF,小基金公司,小基金公司,小基金公司,小基金公司,小基金公司,小基金公司,稳定小基金公司
214,004141.OF,小基金公司,小基金公司,小基金公司,小基金公司,小基金公司,小基金公司,稳定小基金公司
215,004200.OF,小基金公司,小基金公司,小基金公司,小基金公司,小基金公司,小基金公司,稳定小基金公司
216,004230.OF,小基金公司,小基金公司,小基金公司,小基金公司,小基金公司,小基金公司,稳定小基金公司
217,004238.OF,小基金公司,小基金公司,小基金公司,小基金公司,小基金公司,小基金公司,稳定小基金公司
218,004307.OF,小基金公司,小基金公司,小基金公司,小基金公司,小基金公司,小基金公司,稳定小基金公司
219,004322.OF,小基金公司,小基金公司,小基金公司,小基金公司,小基金公司,小基金公司,稳定小基金公司
220,004334.OF,小基金公司,小基金公司,小基金公司,小基金公司,小基金公司,小基金公司,稳定小基金公司
221,004366.OF,小基金公司,小基金公司,小基金公司,小基金公司,小基金公司,小基金公司,稳定小基金公司
222,004388.OF,小基金公司,小基金公司,小基金公司,小基金公司,小基金公司,小基金公司,稳定小基金公司
223,004438.OF,小基金公司,小基金公司,小基金公司,小基金公司,小基金公司,小基金公司,稳定小基金公司
224,004459.OF,小基金公司,小基金公司,小基金公司,小基金公司,小基金公司,小基金公司,稳定小基金公司
225,004479.OF,小基金公司,小基金公司,小基金公司,小基金公司,小基金公司,小基金公司,稳定小基金公司
226,004498.OF,小基金公司,小基金公司,小基金公司,小基金公司,小基金公司,小基金公司,稳定小基金公司
227,004499.OF,小基金公司,小基金公司,小基金公司,小基金公司,小基金公司,小基金公司,稳定小基金公司
228,004503.OF,小基金公司,小基金公司,小基金公司,小基金公司,小基金公司,小基金公司,稳定小基金公司
229,004504.OF,小基金公司,小基金公司,小基金公司,小基金公司,小基金公司,小基金公司,稳定小基金公司
230,004544.OF,小基金公司,小基金公司,小基金公司,小基金公司,小基金公司,小基金公司,稳定小基金公司
231,004547.OF,小基金公司,小基金公司,小基金公司,小基金公司,小基金公司,小基金公司,稳定小基金公司
232,004555.OF,小基金公司,小基金公司,小基金公司,小基金公司,小基金公司,小基金公司,稳定小基金公司
233,004601.OF,小基金公司,小基金公司,小基金公司,小基金公司,小基金公司,小基金公司,稳定小基金公司
234,004614.OF,小基金公司,小基金公司,小基金公司,小基金公司,小基金公司,小基金公司,稳定小基金公司
235,004637.OF,小基金公司,小基金公司,小基金公司,小基金公司,小基金公司,小基金公司,稳定小基金公司
236,004639.OF,小基金公司,小基金公司,小基金公司,小基金公司,小基金公司,小基金公司,稳定小基金公司
237,004655.OF,小基金公司,小基金公司,小基金公司,小基金公司,小基金公司,小基金公司,稳定小基金公司
238,004672.OF,小基金公司,小基金公司,小基金公司,小基金公司,小基金公司,小基金公司,稳定小基金公司
239,004689.OF,小基金公司,小基金公司,小基金公司,小基金公司,小基金公司,小基金公司,稳定小基金公司
240,004705.OF,小基金公司,小基金公司,小基金公司,小基金公司,小基金公司,小基金公司,稳定小基金公司
241,004722.OF,小基金公司,小基金公司,小基金公司,小基金公司,小基金公司,小基金公司,稳定小基金公司
242,004728.OF,小基金公司,小基金公司,小基金公司,小基金公司,小基金公司,小基金公司,稳定小基金公司
243,004736.OF,小基金公司,小基金公司,小基金公司,小基金公司,小基金公司,小基金公司,稳定小基金公司
244,004797.OF,小基金公司,小基金公司,小基金公司,小基金公司,小基金公司,小基金公司,稳定小基金公司
245,004821.OF,小基金公司,小基金公司,小基金公司,小基金公司,小基金公司,小基金公司,稳定小基金公司
246,004839.OF,小基金公司,小基金公司,小基金公司,小基金公司,小基金公司,小基金公司,稳定小基金公司
247,004859.OF,小基金公司,小基金公司,小基金公司,小基金公司,小基金公司,小基金公司,稳定小基金公司
248,004882.OF,小基金公司,小基金公司,小基金公司,小基金公司,小基金公司,小基金公司,稳定小基金公司
249,004887.OF,小基金公司,小基金公司,小基金公司,小基金公司,小基金公司,小基金公司,稳定小基金公司
250,004899.OF,小基金公司,小基金公司,小基金公司,小基金公司,小基金公司,小基金公司,稳定小基金公司
251,004910.OF,小基金公司,小基金公司,小基金公司,小基金公司,小基金公司,小基金公司,稳定小基金公司
252,004911.OF,小基金公司,小基金公司,小基金公司,小基金公司,小基金公司,小基金公司,稳定小基金公司
253,004919.OF,小基金公司,小基金公司,小基金公司,小基金公司,小基金公司,小基金公司,稳定小基金公司
254,004920.OF,小基金公司,小基金公司,小基金公司,小基金公司,小基金公司,小基金公司,稳定小基金公司
255,004923.OF,小基金公司,小基金公司,小基金公司,小基金公司,小基金公司,小基金公司,稳定小基金公司
256,004940.OF,小基金公司,小基金公司,小基金公司,小基金公司,小基金公司,小基金公司,稳定小基金公司
257,004954.OF,小基金公司,小基金公司,小基金公司,小基金公司,小基金公司,小基金公司,稳定小基金公司
258,004956.OF,小基金公司,小基金公司,小基金公司,小基金公司,小基金公司,小基金公司,稳定小基金公司
259,004978.OF,小基金公司,小基金公司,小基金公司,小基金公司,小基金公司,小基金公司,稳定小基金公司
260,005024.OF,小基金公司,小基金公司,小基金公司,小基金公司,小基金公司,小基金公司,稳定小基金公司
261,005072.OF,小基金公司,小基金公司,小基金公司,小基金公司,小基金公司,小基金公司,稳定小基金公司
262,005073.OF,小基金公司,小基金公司,小基金公司,小基金公司,小基金公司,小基金公司,稳定小基金公司
263,005099.OF,小基金公司,小基金公司,小基金公司,小基金公司,小基金公司,小基金公司,稳定小基金公司
264,005124.OF,小基金公司,小基金公司,小基金公司,小基金公司,小基金公司,小基金公司,稳定小基金公司
265,005171.OF,小基金公司,小基金公司,小基金公司,小基金公司,小基金公司,小基金公司,稳定小基金公司
266,005200.OF,小基金公司,小基金公司,小基金公司,小基金公司,小基金公司,小基金公司,稳定小基金公司
267,005307.OF,小基金公司,小基金公司,小基金公司,小基金公司,小基金公司,小基金公司,稳定小基金公司
268,005309.OF,小基金公司,小基金公司,小基金公司,小基金公司,小基金公司,小基金公司,稳定小基金公司
269,005321.OF,小基金公司,小基金公司,小基金公司,小基金公司,小基金公司,小基金公司,稳定小基金公司
270,005322.OF,小基金公司,小基金公司,小基金公司,小基金公司,小基金公司,小基金公司,稳定小基金公司
271,005336.OF,小基金公司,小基金公司,小基金公司,小基金公司,小基金公司,小基金公司,稳定小基金公司
272,005362.OF,小基金公司,小基金公司,小基金公司,小基金公司,小基金公司,小基金公司,稳定小基金公司
273,005364.OF,小基金公司,小基金公司,小基金公司,小基金公司,小基金公司,小基金公司,稳定小基金公司
274,005369.OF,小基金公司,小基金公司,小基金公司,小基金公司,小基金公司,小基金公司,稳定小基金公司
275,005383.OF,小基金公司,小基金公司,小基金公司,小基金公司,小基金公司,小基金公司,稳定小基金公司
276,005388.OF,小基金公司,小基金公司,小基金公司,小基金公司,小基金公司,小基金公司,稳定小基金公司
277,005393.OF,小基金公司,小基金公司,小基金公司,小基金公司,小基金公司,小基金公司,稳定小基金公司
278,005398.OF,小基金公司,小基金公司,小基金公司,小基金公司,小基金公司,小基金公司,稳定小基金公司
279,005419.OF,小基金公司,小基金公司,小基金公司,小基金公司,小基金公司,小基金公司,稳定小基金公司
280,005432.OF,小基金公司,小基金公司,小基金公司,小基金公司,小基金公司,小基金公司,稳定小基金公司
281,005435.OF,小基金公司,小基金公司,小基金公司,小基金公司,小基金公司,小基金公司,稳定小基金公司
282,005439.OF,小基金公司,小基金公司,小基金公司,小基金公司,小基金公司,小基金公司,稳定小基金公司
283,005442.OF,小基金公司,小基金公司,小基金公司,小基金公司,小基金公司,小基金公司,稳定小基金公司
284,005462.OF,小基金公司,小基金公司,小基金公司,小基金公司,小基金公司,小基金公司,稳定小基金公司
285,005469.OF,小基金公司,小基金公司,小基金公司,小基金公司,小基金公司,小基金公司,稳定小基金公司
286,005525.OF,小基金公司,小基金公司,小基金公司,小基金公司,小基金公司,小基金公司,稳定小基金公司
287,005531.OF,小基金公司,小基金公司,小基金公司,小基金公司,小基金公司,小基金公司,稳定小基金公司
288,005577.OF,小基金公司,小基金公司,小基金公司,小基金公司,小基金公司,小基金公司,稳定小基金公司
289,005590.OF,小基金公司,小基金公司,小基金公司,小基金公司,小基金公司,小基金公司,稳定小基金公司
290,005594.OF,小基金公司,小基金公司,小基金公司,小基金公司,小基金公司,小基金公司,稳定小基金公司
291,005606.OF,小基金公司,小基金公司,小基金公司,小基金公司,小基金公司,小基金公司,稳定小基金公司
292,005622.OF,小基金公司,小基金公司,小基金公司,小基金公司,小基金公司,小基金公司,稳定小基金公司
293,005631.OF,小基金公司,小基金公司,小基金公司,小基金公司,小基金公司,小基金公司,稳定小基金公司
294,005648.OF,小基金公司,小基金公司,小基金公司,小基金公司,小基金公司,小基金公司,稳定小基金公司
295,005666.OF,小基金公司,小基金公司,小基金公司,小基金公司,小基金公司,小基金公司,稳定小基金公司
296,005670.OF,小基金公司,小基金公司,小基金公司,小基金公司,小基金公司,小基金公司,稳定小基金公司
297,005684.OF,小基金公司,小基金公司,小基金公司,小基金公司,小基金公司,小基金公司,稳定小基金公司
298,005703.OF,小基金公司,小基金公司,小基金公司,小基金公司,小基金公司,小基金公司,稳定小基金公司
299,005705.OF,小基金公司,小基金公司,小基金公司,小基金公司,小基金公司,小基金公司,稳定小基金公司
300,005709.OF,小基金公司,小基金公司,小基金公司,小基金公司,小基金公司,小基金公司,稳定小基金公司
301,005710.OF,小基金公司,小基金公司,小基金公司,小基金公司,小基金公司,小基金公司,稳定小基金公司
302,005712.OF,小基金公司,小基金公司,小基金公司,小基金公司,小基金公司,小基金公司,稳定小基金公司
303,005718.OF,小基金公司,小基金公司,小基金公司,小基金公司,小基金公司,小基金公司,稳定小基金公司
304,005719.OF,小基金公司,小基金公司,小基金公司,小基金公司,小基金公司,小基金公司,稳定小基金公司
305,005736.OF,小基金公司,小基金公司,小基金公司,小基金公司,小基金公司,小基金公司,稳定小基金公司
306,005740.OF,小基金公司,小基金公司,小基金公司,小基金公司,小基金公司,小基金公司,稳定小基金公司
307,005754.OF,小基金公司,小基金公司,小基金公司,小基金公司,小基金公司,小基金公司,稳定小基金公司
308,005772.OF,小基金公司,小基金公司,小基金公司,小基金公司,小基金公司,小基金公司,稳定小基金公司
309,005781.OF,小基金公司,小基金公司,小基金公司,小基金公司,小基金公司,小基金公司,稳定小基金公司
310,005782.OF,小基金公司,小基金公司,小基金公司,小基金公司,小基金公司,小基金公司,稳定小基金公司
311,005784.OF,小基金公司,小基金公司,小基金公司,小基金公司,小基金公司,小基金公司,稳定小基金公司
312,005791.OF,小基金公司,小基金公司,小基金公司,小基金公司,小基金公司,小基金公司,稳定小基金公司
313,005816.OF,小基金公司,小基金公司,小基金公司,小基金公司,小基金公司,小基金公司,稳定小基金公司
314,005820.OF,小基金公司,小基金公司,小基金公司,小基金公司,小基金公司,小基金公司,稳定小基金公司
315,005831.OF,小基金公司,小基金公司,小基金公司,小基金公司,小基金公司,小基金公司,稳定小基金公司
316,005836.OF,小基金公司,小基金公司,小基金公司,小基金公司,小基金公司,小基金公司,稳定小基金公司
317,005841.OF,小基金公司,小基金公司,小基金公司,小基金公司,小基金公司,小基金公司,稳定小基金公司
318,005842.OF,小基金公司,小基金公司,小基金公司,小基金公司,小基金公司,小基金公司,稳定小基金公司
319,005845.OF,小基金公司,小基金公司,小基金公司,小基金公司,小基金公司,小基金公司,稳定小基金公司
320,005853.OF,小基金公司,小基金公司,小基金公司,小基金公司,小基金公司,小基金公司,稳定小基金公司
321,005854.OF,小基金公司,小基金公司,小基金公司,小基金公司,小基金公司,小基金公司,稳定小基金公司
322,005862.OF,小基金公司,小基金公司,小基金公司,小基金公司,小基金公司,小基金公司,稳定小基金公司
323,005864.OF,小基金公司,小基金公司,小基金公司,小基金公司,小基金公司,小基金公司,稳定小基金公司
324,005871.OF,小基金公司,小基金公司,小基金公司,小基金公司,小基金公司,小基金公司,稳定小基金公司
325,005879.OF,小基金公司,小基金公司,小基金公司,小基金公司,小基金公司,小基金公司,稳定小基金公司
326,005897.OF,小基金公司,小基金公司,小基金公司,小基金公司,小基金公司,小基金公司,稳定小基金公司
327,005898.OF,小基金公司,小基金公司,小基金公司,小基金公司,小基金公司,小基金公司,稳定小基金公司
328,005920.OF,小基金公司,小基金公司,小基金公司,小基金公司,小基金公司,小基金公司,稳定小基金公司
329,005921.OF,小基金公司,小基金公司,小基金公司,小基金公司,小基金公司,小基金公司,稳定小基金公司
330,005971.OF,小基金公司,小基金公司,小基金公司,小基金公司,小基金公司,小基金公司,稳定小基金公司
331,005972.OF,小基金公司,小基金公司,小基金公司,小基金公司,小基金公司,小基金公司,稳定小基金公司
332,005988.OF,小基金公司,小基金公司,小基金公司,小基金公司,小基金公司,小基金公司,稳定小基金公司
333,006029.OF,小基金公司,小基金公司,小基金公司,小基金公司,小基金公司,小基金公司,稳定小基金公司
334,006032.OF,小基金公司,小基金公司,小基金公司,小基金公司,小基金公司,小基金公司,稳定小基金公司
335,006043.OF,小基金公司,小基金公司,小基金公司,小基金公司,小基金公司,小基金公司,稳定小基金公司
336,006045.OF,小基金公司,小基金公司,小基金公司,小基金公司,小基金公司,小基金公司,稳定小基金公司
337,006053.OF,小基金公司,小基金公司,小基金公司,小基金公司,小基金公司,小基金公司,稳定小基金公司
338,006066.OF,小基金公司,小基金公司,小基金公司,小基金公司,小基金公司,小基金公司,稳定小基金公司
339,006076.OF,小基金公司,小基金公司,小基金公司,小基金公司,小基金公司,小基金公司,稳定小基金公司
340,006082.OF,小基金公司,小基金公司,小基金公司,小基金公司,小基金公司,小基金公司,稳定小基金公司
341,006088.OF,小基金公司,小基金公司,小基金公司,小基金公司,小基金公司,小基金公司,稳定小基金公司
342,006097.OF,小基金公司,小基金公司,小基金公司,小基金公司,小基金公司,小基金公司,稳定小基金公司
343,006107.OF,小基金公司,小基金公司,小基金公司,小基金公司,小基金公司,小基金公司,稳定小基金公司
344,006112.OF,小基金公司,小基金公司,小基金公司,小基金公司,小基金公司,小基金公司,稳定小基金公司
345,006116.OF,小基金公司,小基金公司,小基金公司,小基金公司,小基金公司,小基金公司,稳定小基金公司
346,006120.OF,小基金公司,小基金公司,小基金公司,小基金公司,小基金公司,小基金公司,稳定小基金公司
347,006137.OF,小基金公司,小基金公司,小基金公司,小基金公司,小基金公司,小基金公司,稳定小基金公司
348,006150.OF,小基金公司,小基金公司,小基金公司,小基金公司,小基金公司,小基金公司,稳定小基金公司
349,006151.OF,小基金公司,小基金公司,小基金公司,小基金公司,小基金公司,小基金公司,稳定小基金公司
350,006169.OF,小基金公司,小基金公司,小基金公司,小基金公司,小基金公司,小基金公司,稳定小基金公司
351,006171.OF,小基金公司,小基金公司,小基金公司,小基金公司,小基金公司,小基金公司,稳定小基金公司
352,006172.OF,小基金公司,小基金公司,小基金公司,小基金公司,小基金公司,小基金公司,稳定小基金公司
353,006191.OF,小基金公司,小基金公司,小基金公司,小基金公司,小基金公司,小基金公司,稳定小基金公司
354,006275.OF,小基金公司,小基金公司,小基金公司,小基金公司,小基金公司,小基金公司,稳定小基金公司
355,006287.OF,小基金公司,小基金公司,小基金公司,小基金公司,小基金公司,小基金公司,稳定小基金公司
356,006319.OF,小基金公司,小基金公司,小基金公司,小基金公司,小基金公司,小基金公司,稳定小基金公司
357,006325.OF,小基金公司,小基金公司,小基金公司,小基金公司,小基金公司,小基金公司,稳定小基金公司
358,006332.OF,小基金公司,小基金公司,小基金公司,小基金公司,小基金公司,小基金公司,稳定小基金公司
359,006360.OF,小基金公司,小基金公司,小基金公司,小基金公司,小基金公司,小基金公司,稳定小基金公司
360,006367.OF,小基金公司,小基金公司,小基金公司,小基金公司,小基金公司,小基金公司,稳定小基金公司
361,006378.OF,小基金公司,小基金公司,小基金公司,小基金公司,小基金公司,小基金公司,稳定小基金公司
362,006393.OF,小基金公司,小基金公司,小基金公司,小基金公司,小基金公司,小基金公司,稳定小基金公司
363,006405.OF,小基金公司,小基金公司,小基金公司,小基金公司,小基金公司,小基金公司,稳定小基金公司
364,006411.OF,小基金公司,小基金公司,小基金公司,小基金公司,小基金公司,小基金公司,稳定小基金公司
365,006421.OF,小基金公司,小基金公司,小基金公司,小基金公司,小基金公司,小基金公司,稳定小基金公司
366,006427.OF,小基金公司,小基金公司,小基金公司,小基金公司,小基金公司,小基金公司,稳定小基金公司
367,006434.OF,小基金公司,小基金公司,小基金公司,小基金公司,小基金公司,小基金公司,稳定小基金公司
368,006436.OF,小基金公司,小基金公司,小基金公司,小基金公司,小基金公司,小基金公司,稳定小基金公司
369,006450.OF,小基金公司,小基金公司,小基金公司,小基金公司,小基金公司,小基金公司,稳定小基金公司
370,006464.OF,小基金公司,小基金公司,小基金公司,小基金公司,小基金公司,小基金公司,稳定小基金公司
371,006468.OF,小基金公司,小基金公司,小基金公司,小基金公司,小基金公司,小基金公司,稳定小基金公司
372,006489.OF,小基金公司,小基金公司,小基金公司,小基金公司,小基金公司,小基金公司,稳定小基金公司
373,006504.OF,小基金公司,小基金公司,小基金公司,小基金公司,小基金公司,小基金公司,稳定小基金公司
374,006517.OF,小基金公司,小基金公司,小基金公司,小基金公司,小基金公司,小基金公司,稳定小基金公司
375,006552.OF,小基金公司,小基金公司,小基金公司,小基金公司,小基金公司,小基金公司,稳定小基金公司
376,006570.OF,小基金公司,小基金公司,小基金公司,小基金公司,小基金公司,小基金公司,稳定小基金公司
377,006582.OF,小基金公司,小基金公司,小基金公司,小基金公司,小基金公司,小基金公司,稳定小基金公司
378,006591.OF,小基金公司,小基金公司,小基金公司,小基金公司,小基金公司,小基金公司,稳定小基金公司
379,006597.OF,小基金公司,小基金公司,小基金公司,小基金公司,小基金公司,小基金公司,稳定小基金公司
380,006599.OF,小基金公司,小基金公司,小基金公司,小基金公司,小基金公司,小基金公司,稳定小基金公司
381,006617.OF,小基金公司,小基金公司,小基金公司,小基金公司,小基金公司,小基金公司,稳定小基金公司
382,006626.OF,小基金公司,小基金公司,小基金公司,小基金公司,小基金公司,小基金公司,稳定小基金公司
383,006629.OF,小基金公司,小基金公司,小基金公司,小基金公司,小基金公司,小基金公司,稳定小基金公司
384,006635.OF,小基金公司,小基金公司,小基金公司,小基金公司,小基金公司,小基金公司,稳定小基金公司
385,006646.OF,小基金公司,小基金公司,小基金公司,小基金公司,小基金公司,小基金公司,稳定小基金公司
386,006653.OF,小基金公司,小基金公司,小基金公司,小基金公司,小基金公司,小基金公司,稳定小基金公司
387,006660.OF,小基金公司,小基金公司,小基金公司,小基金公司,小基金公司,小基金公司,稳定小基金公司
388,006662.OF,小基金公司,小基金公司,小基金公司,小基金公司,小基金公司,小基金公司,稳定小基金公司
389,006664.OF,小基金公司,小基金公司,小基金公司,小基金公司,小基金公司,小基金公司,稳定小基金公司
390,006665.OF,小基金公司,小基金公司,小基金公司,小基金公司,小基金公司,小基金公司,稳定小基金公司
391,006668.OF,小基金公司,小基金公司,小基金公司,小基金公司,小基金公司,小基金公司,稳定小基金公司
392,006683.OF,小基金公司,小基金公司,小基金公司,小基金公司,小基金公司,小基金公司,稳定小基金公司
393,006684.OF,小基金公司,小基金公司,小基金公司,小基金公司,小基金公司,小基金公司,稳定小基金公司
394,006707.OF,小基金公司,小基金公司,小基金公司,小基金公司,小基金公司,小基金公司,稳定小基金公司
395,006714.OF,小基金公司,小基金公司,小基金公司,小基金公司,小基金公司,小基金公司,稳定小基金公司
396,006740.OF,小基金公司,小基金公司,小基金公司,小基金公司,小基金公司,小基金公司,稳定小基金公司
397,006750.OF,小基金公司,小基金公司,小基金公司,小基金公司,小基金公司,小基金公司,稳定小基金公司
398,006758.OF,小基金公司,小基金公司,小基金公司,小基金公司,小基金公司,小基金公司,稳定小基金公司
399,006764.OF,小基金公司,小基金公司,小基金公司,小基金公司,小基金公司,小基金公司,稳定小基金公司
400,006771.OF,小基金公司,小基金公司,小基金公司,小基金公司,小基金公司,小基金公司,稳定小基金公司
401,006772.OF,小基金公司,小基金公司,小基金公司,小基金公司,小基金公司,小基金公司,稳定小基金公司
402,006776.OF,小基金公司,小基金公司,小基金公司,小基金公司,小基金公司,小基金公司,稳定小基金公司
403,006782.OF,小基金公司,小基金公司,小基金公司,小基金公司,小基金公司,小基金公司,稳定小基金公司
404,006791.OF,小基金公司,小基金公司,小基金公司,小基金公司,小基金公司,小基金公司,稳定小基金公司
405,006793.OF,小基金公司,小基金公司,小基金公司,小基金公司,小基金公司,小基金公司,稳定小基金公司
406,006797.OF,小基金公司,小基金公司,小基金公司,小基金公司,小基金公司,小基金公司,稳定小基金公司
407,006804.OF,小基金公司,小基金公司,小基金公司,小基金公司,小基金公司,小基金公司,稳定小基金公司
408,006806.OF,小基金公司,小基金公司,小基金公司,小基金公司,小基金公司,小基金公司,稳定小基金公司
409,006824.OF,小基金公司,小基金公司,小基金公司,小基金公司,小基金公司,小基金公司,稳定小基金公司
410,006829.OF,小基金公司,小基金公司,小基金公司,小基金公司,小基金公司,小基金公司,稳定小基金公司
411,006834.OF,小基金公司,小基金公司,小基金公司,小基金公司,小基金公司,小基金公司,稳定小基金公司
412,006838.OF,小基金公司,小基金公司,小基金公司,小基金公司,小基金公司,小基金公司,稳定小基金公司
413,006841.OF,小基金公司,小基金公司,小基金公司,小基金公司,小基金公司,小基金公司,稳定小基金公司
414,006846.OF,小基金公司,小基金公司,小基金公司,小基金公司,小基金公司,小基金公司,稳定小基金公司
415,006850.OF,小基金公司,小基金公司,小基金公司,小基金公司,小基金公司,小基金公司,稳定小基金公司
416,006852.OF,小基金公司,小基金公司,小基金公司,小基金公司,小基金公司,小基金公司,稳定小基金公司
417,006869.OF,小基金公司,小基金公司,小基金公司,小基金公司,小基金公司,小基金公司,稳定小基金公司
418,006874.OF,小基金公司,小基金公司,小基金公司,小基金公司,小基金公司,小基金公司,稳定小基金公司
419,006884.OF,小基金公司,小基金公司,小基金公司,小基金公司,小基金公司,小基金公司,稳定小基金公司
420,006885.OF,小基金公司,小基金公司,小基金公司,小基金公司,小基金公司,小基金公司,稳定小基金公司
421,006893.OF,小基金公司,小基金公司,小基金公司,小基金公司,小基金公司,小基金公司,稳定小基金公司
422,006901.OF,小基金公司,小基金公司,小基金公司,小基金公司,小基金公司,小基金公司,稳定小基金公司
423,006907.OF,小基金公司,小基金公司,小基金公司,小基金公司,小基金公司,小基金公司,稳定小基金公司
424,006915.OF,小基金公司,小基金公司,小基金公司,小基金公司,小基金公司,小基金公司,稳定小基金公司
425,006919.OF,小基金公司,小基金公司,小基金公司,小基金公司,小基金公司,小基金公司,稳定小基金公司
426,006929.OF,小基金公司,小基金公司,小基金公司,小基金公司,小基金公司,小基金公司,稳定小基金公司
427,006934.OF,小基金公司,小基金公司,小基金公司,小基金公司,小基金公司,小基金公司,稳定小基金公司
428,006936.OF,小基金公司,小基金公司,小基金公司,小基金公司,小基金公司,小基金公司,稳定小基金公司
429,006944.OF,小基金公司,小基金公司,小基金公司,小基金公司,小基金公司,小基金公司,稳定小基金公司
430,006953.OF,小基金公司,小基金公司,小基金公司,小基金公司,小基金公司,小基金公司,稳定小基金公司
431,006955.OF,小基金公司,小基金公司,小基金公司,小基金公司,小基金公司,小基金公司,稳定小基金公司
432,006956.OF,小基金公司,小基金公司,小基金公司,小基金公司,小基金公司,小基金公司,稳定小基金公司
433,006958.OF,小基金公司,小基金公司,小基金公司,小基金公司,小基金公司,小基金公司,稳定小基金公司
434,006963.OF,小基金公司,小基金公司,小基金公司,小基金公司,小基金公司,小基金公司,稳定小基金公司
435,006965.OF,小基金公司,小基金公司,小基金公司,小基金公司,小基金公司,小基金公司,稳定小基金公司
436,006970.OF,小基金公司,小基金公司,小基金公司,小基金公司,小基金公司,小基金公司,稳定小基金公司
437,006984.OF,小基金公司,小基金公司,小基金公司,小基金公司,小基金公司,小基金公司,稳定小基金公司
438,006985.OF,小基金公司,小基金公司,小基金公司,小基金公司,小基金公司,小基金公司,稳定小基金公司
439,006986.OF,小基金公司,小基金公司,小基金公司,小基金公司,小基金公司,小基金公司,稳定小基金公司
440,006995.OF,小基金公司,小基金公司,小基金公司,小基金公司,小基金公司,小基金公司,稳定小基金公司
441,006998.OF,小基金公司,小基金公司,小基金公司,小基金公司,小基金公司,小基金公司,稳定小基金公司
442,007017.OF,小基金公司,小基金公司,小基金公司,小基金公司,小基金公司,小基金公司,稳定小基金公司
443,007050.OF,小基金公司,小基金公司,小基金公司,小基金公司,小基金公司,小基金公司,稳定小基金公司
444,007053.OF,小基金公司,小基金公司,小基金公司,小基金公司,小基金公司,小基金公司,稳定小基金公司
445,007061.OF,小基金公司,小基金公司,小基金公司,小基金公司,小基金公司,小基金公司,稳定小基金公司
446,007068.OF,小基金公司,小基金公司,小基金公司,小基金公司,小基金公司,小基金公司,稳定小基金公司
447,007086.OF,小基金公司,小基金公司,小基金公司,小基金公司,小基金公司,小基金公司,稳定小基金公司
448,007104.OF,小基金公司,小基金公司,小基金公司,小基金公司,小基金公司,小基金公司,稳定小基金公司
449,007105.OF,小基金公司,小基金公司,小基金公司,小基金公司,小基金公司,小基金公司,稳定小基金公司
450,007121.OF,小基金公司,小基金公司,小基金公司,小基金公司,小基金公司,小基金公司,稳定小基金公司
451,007145.OF,小基金公司,小基金公司,小基金公司,小基金公司,小基金公司,小基金公司,稳定小基金公司
452,007158.OF,小基金公司,小基金公司,小基金公司,小基金公司,小基金公司,小基金公司,稳定小基金公司
453,007167.OF,小基金公司,小基金公司,小基金公司,小基金公司,小基金公司,小基金公司,稳定小基金公司
454,007175.OF,小基金公司,小基金公司,小基金公司,小基金公司,小基金公司,小基金公司,稳定小基金公司
455,007184.OF,小基金公司,小基金公司,小基金公司,小基金公司,小基金公司,小基金公司,稳定小基金公司
456,007199.OF,小基金公司,小基金公司,小基金公司,小基金公司,小基金公司,小基金公司,稳定小基金公司
457,007201.OF,小基金公司,小基金公司,小基金公司,小基金公司,小基金公司,小基金公司,稳定小基金公司
458,007213.OF,小基金公司,小基金公司,小基金公司,小基金公司,小基金公司,小基金公司,稳定小基金公司
459,007215.OF,小基金公司,小基金公司,小基金公司,小基金公司,小基金公司,小基金公司,稳定小基金公司
460,007220.OF,小基金公司,小基金公司,小基金公司,小基金公司,小基金公司,小基金公司,稳定小基金公司
461,007268.OF,小基金公司,小基金公司,小基金公司,小基金公司,小基金公司,小基金公司,稳定小基金公司
462,007278.OF,小基金公司,小基金公司,小基金公司,小基金公司,小基金公司,小基金公司,稳定小基金公司
463,007295.OF,小基金公司,小基金公司,小基金公司,小基金公司,小基金公司,小基金公司,稳定小基金公司
464,007321.OF,小基金公司,小基金公司,小基金公司,小基金公司,小基金公司,小基金公司,稳定小基金公司
465,007342.OF,小基金公司,小基金公司,小基金公司,小基金公司,小基金公司,小基金公司,稳定小基金公司
466,007347.OF,小基金公司,小基金公司,小基金公司,小基金公司,小基金公司,小基金公司,稳定小基金公司
467,007373.OF,小基金公司,小基金公司,小基金公司,小基金公司,小基金公司,小基金公司,稳定小基金公司
468,007374.OF,小基金公司,小基金公司,小基金公司,小基金公司,小基金公司,小基金公司,稳定小基金公司
469,007408.OF,小基金公司,小基金公司,小基金公司,小基金公司,小基金公司,小基金公司,稳定小基金公司
470,007417.OF,小基金公司,小基金公司,小基金公司,小基金公司,小基金公司,小基金公司,稳定小基金公司
471,007427.OF,小基金公司,小基金公司,小基金公司,小基金公司,小基金公司,小基金公司,稳定小基金公司
472,007440.OF,小基金公司,小基金公司,小基金公司,小基金公司,小基金公司,小基金公司,稳定小基金公司
473,007447.OF,小基金公司,小基金公司,小基金公司,小基金公司,小基金公司,小基金公司,稳定小基金公司
474,007451.OF,小基金公司,小基金公司,小基金公司,小基金公司,小基金公司,小基金公司,稳定小基金公司
475,007454.OF,小基金公司,小基金公司,小基金公司,小基金公司,小基金公司,小基金公司,稳定小基金公司
476,007496.OF,小基金公司,小基金公司,小基金公司,小基金公司,小基金公司,小基金公司,稳定小基金公司
477,007513.OF,小基金公司,小基金公司,小基金公司,小基金公司,小基金公司,小基金公司,稳定小基金公司
478,007515.OF,小基金公司,小基金公司,小基金公司,小基金公司,小基金公司,小基金公司,稳定小基金公司
479,007517.OF,小基金公司,小基金公司,小基金公司,小基金公司,小基金公司,小基金公司,稳定小基金公司
480,007525.OF,小基金公司,小基金公司,小基金公司,小基金公司,小基金公司,小基金公司,稳定小基金公司
481,007529.OF,小基金公司,小基金公司,小基金公司,小基金公司,小基金公司,小基金公司,稳定小基金公司
482,007535.OF,小基金公司,小基金公司,小基金公司,小基金公司,小基金公司,小基金公司,稳定小基金公司
483,007537.OF,小基金公司,小基金公司,小基金公司,小基金公司,小基金公司,小基金公司,稳定小基金公司
484,007542.OF,小基金公司,小基金公司,小基金公司,小基金公司,小基金公司,小基金公司,稳定小基金公司
485,007544.OF,小基金公司,小基金公司,小基金公司,小基金公司,小基金公司,小基金公司,稳定小基金公司
486,007555.OF,小基金公司,小基金公司,小基金公司,小基金公司,小基金公司,小基金公司,稳定小基金公司
487,007562.OF,小基金公司,小基金公司,小基金公司,小基金公司,小基金公司,小基金公司,稳定小基金公司
488,007572.OF,小基金公司,小基金公司,小基金公司,小基金公司,小基金公司,小基金公司,稳定小基金公司
489,007573.OF,小基金公司,小基金公司,小基金公司,小基金公司,小基金公司,小基金公司,稳定小基金公司
490,007576.OF,小基金公司,小基金公司,小基金公司,小基金公司,小基金公司,小基金公司,稳定小基金公司
491,007584.OF,小基金公司,小基金公司,小基金公司,小基金公司,小基金公司,小基金公司,稳定小基金公司
492,007585.OF,小基金公司,小基金公司,小基金公司,小基金公司,小基金公司,小基金公司,稳定小基金公司
493,007589.OF,小基金公司,小基金公司,小基金公司,小基金公司,小基金公司,小基金公司,稳定小基金公司
494,007595.OF,小基金公司,小基金公司,小基金公司,小基金公司,小基金公司,小基金公司,稳定小基金公司
495,007600.OF,小基金公司,小基金公司,小基金公司,小基金公司,小基金公司,小基金公司,稳定小基金公司
496,007603.OF,小基金公司,小基金公司,小基金公司,小基金公司,小基金公司,小基金公司,稳定小基金公司
497,007616.OF,小基金公司,小基金公司,小基金公司,小基金公司,小基金公司,小基金公司,稳定小基金公司
498,007618.OF,小基金公司,小基金公司,小基金公司,小基金公司,小基金公司,小基金公司,稳定小基金公司
499,007619.OF,小基金公司,小基金公司,小基金公司,小基金公司,小基金公司,小基金公司,稳定小基金公司
500,007645.OF,小基金公司,小基金公司,小基金公司,小基金公司,小基金公司,小基金公司,稳定小基金公司
501,007653.OF,小基金公司,小基金公司,小基金公司,小基金公司,小基金公司,小基金公司,稳定小基金公司
502,007659.OF,小基金公司,小基金公司,小基金公司,小基金公司,小基金公司,小基金公司,稳定小基金公司
503,007670.OF,小基金公司,小基金公司,小基金公司,小基金公司,小基金公司,小基金公司,稳定小基金公司
504,007680.OF,小基金公司,小基金公司,小基金公司,小基金公司,小基金公司,小基金公司,稳定小基金公司
505,007681.OF,小基金公司,小基金公司,小基金公司,小基金公司,小基金公司,小基金公司,稳定小基金公司
506,007682.OF,小基金公司,小基金公司,小基金公司,小基金公司,小基金公司,小基金公司,稳定小基金公司
507,007691.OF,小基金公司,小基金公司,小基金公司,小基金公司,小基金公司,小基金公司,稳定小基金公司
508,007692.OF,小基金公司,小基金公司,小基金公司,小基金公司,小基金公司,小基金公司,稳定小基金公司
509,007706.OF,小基金公司,小基金公司,小基金公司,小基金公司,小基金公司,小基金公司,稳定小基金公司
510,007714.OF,小基金公司,小基金公司,小基金公司,小基金公司,小基金公司,小基金公司,稳定小基金公司
511,007716.OF,小基金公司,小基金公司,小基金公司,小基金公司,小基金公司,小基金公司,稳定小基金公司
512,007717.OF,小基金公司,小基金公司,小基金公司,小基金公司,小基金公司,小基金公司,稳定小基金公司
513,007723.OF,小基金公司,小基金公司,小基金公司,小基金公司,小基金公司,小基金公司,稳定小基金公司
514,007740.OF,小基金公司,小基金公司,小基金公司,小基金公司,小基金公司,小基金公司,稳定小基金公司
515,007744.OF,小基金公司,小基金公司,小基金公司,小基金公司,小基金公司,小基金公司,稳定小基金公司
516,007754.OF,小基金公司,小基金公司,小基金公司,小基金公司,小基金公司,小基金公司,稳定小基金公司
517,007758.OF,小基金公司,小基金公司,小基金公司,小基金公司,小基金公司,小基金公司,稳定小基金公司
518,007761.OF,小基金公司,小基金公司,小基金公司,小基金公司,小基金公司,小基金公司,稳定小基金公司
519,007762.OF,小基金公司,小基金公司,小基金公司,小基金公司,小基金公司,小基金公司,稳定小基金公司
520,007772.OF,小基金公司,小基金公司,小基金公司,小基金公司,小基金公司,小基金公司,稳定小基金公司
521,007823.OF,小基金公司,小基金公司,小基金公司,小基金公司,小基金公司,小基金公司,稳定小基金公司
522,007828.OF,小基金公司,小基金公司,小基金公司,小基金公司,小基金公司,小基金公司,稳定小基金公司
523,007830.OF,小基金公司,小基金公司,小基金公司,小基金公司,小基金公司,小基金公司,稳定小基金公司
524,007836.OF,小基金公司,小基金公司,小基金公司,小基金公司,小基金公司,小基金公司,稳定小基金公司
525,007852.OF,小基金公司,小基金公司,小基金公司,小基金公司,小基金公司,小基金公司,稳定小基金公司
526,007867.OF,小基金公司,小基金公司,小基金公司,小基金公司,小基金公司,小基金公司,稳定小基金公司
527,007870.OF,小基金公司,小基金公司,小基金公司,小基金公司,小基金公司,小基金公司,稳定小基金公司
528,007871.OF,小基金公司,小基金公司,小基金公司,小基金公司,小基金公司,小基金公司,稳定小基金公司
529,007888.OF,小基金公司,小基金公司,小基金公司,小基金公司,小基金公司,小基金公司,稳定小基金公司
530,007915.OF,小基金公司,小基金公司,小基金公司,小基金公司,小基金公司,小基金公司,稳定小基金公司
531,007928.OF,小基金公司,小基金公司,小基金公司,小基金公司,小基金公司,小基金公司,稳定小基金公司
532,007930.OF,小基金公司,小基金公司,小基金公司,小基金公司,小基金公司,小基金公司,稳定小基金公司
533,007935.OF,小基金公司,小基金公司,小基金公司,小基金公司,小基金公司,小基金公司,稳定小基金公司
534,007948.OF,小基金公司,小基金公司,小基金公司,小基金公司,小基金公司,小基金公司,稳定小基金公司
535,007949.OF,小基金公司,小基金公司,小基金公司,小基金公司,小基金公司,小基金公司,稳定小基金公司
536,007953.OF,小基金公司,小基金公司,小基金公司,小基金公司,小基金公司,小基金公司,稳定小基金公司
537,007954.OF,小基金公司,小基金公司,小基金公司,小基金公司,小基金公司,小基金公司,稳定小基金公司
538,007958.OF,小基金公司,小基金公司,小基金公司,小基金公司,小基金公司,小基金公司,稳定小基金公司
539,007967.OF,小基金公司,小基金公司,小基金公司,小基金公司,小基金公司,小基金公司,稳定小基金公司
540,007970.OF,小基金公司,小基金公司,小基金公司,小基金公司,小基金公司,小基金公司,稳定小基金公司
541,007985.OF,小基金公司,小基金公司,小基金公司,小基金公司,小基金公司,小基金公司,稳定小基金公司
542,007986.OF,小基金公司,小基金公司,小基金公司,小基金公司,小基金公司,小基金公司,稳定小基金公司
543,007990.OF,小基金公司,小基金公司,小基金公司,小基金公司,小基金公司,小基金公司,稳定小基金公司
544,007996.OF,小基金公司,小基金公司,小基金公司,小基金公司,小基金公司,小基金公司,稳定小基金公司
545,007997.OF,小基金公司,小基金公司,小基金公司,小基金公司,小基金公司,小基金公司,稳定小基金公司
546,008003.OF,小基金公司,小基金公司,小基金公司,小基金公司,小基金公司,小基金公司,稳定小基金公司
547,008014.OF,小基金公司,小基金公司,小基金公司,小基金公司,小基金公司,小基金公司,稳定小基金公司
548,008017.OF,小基金公司,小基金公司,小基金公司,小基金公司,小基金公司,小基金公司,稳定小基金公司
549,008018.OF,小基金公司,小基金公司,小基金公司,小基金公司,小基金公司,小基金公司,稳定小基金公司
550,008022.OF,小基金公司,小基金公司,小基金公司,小基金公司,小基金公司,小基金公司,稳定小基金公司
551,008027.OF,小基金公司,小基金公司,小基金公司,小基金公司,小基金公司,小基金公司,稳定小基金公司
552,008030.OF,小基金公司,小基金公司,小基金公司,小基金公司,小基金公司,小基金公司,稳定小基金公司
553,008031.OF,小基金公司,小基金公司,小基金公司,小基金公司,小基金公司,小基金公司,稳定小基金公司
554,008032.OF,小基金公司,小基金公司,小基金公司,小基金公司,小基金公司,小基金公司,稳定小基金公司
555,008102.OF,小基金公司,小基金公司,小基金公司,小基金公司,小基金公司,小基金公司,稳定小基金公司
556,008104.OF,小基金公司,小基金公司,小基金公司,小基金公司,小基金公司,小基金公司,稳定小基金公司
557,008117.OF,小基金公司,小基金公司,小基金公司,小基金公司,小基金公司,小基金公司,稳定小基金公司
558,008130.OF,小基金公司,小基金公司,小基金公司,小基金公司,小基金公司,小基金公司,稳定小基金公司
559,008139.OF,小基金公司,小基金公司,小基金公司,小基金公司,小基金公司,小基金公司,稳定小基金公司
560,008170.OF,小基金公司,小基金公司,小基金公司,小基金公司,小基金公司,小基金公司,稳定小基金公司
561,008204.OF,小基金公司,小基金公司,小基金公司,小基金公司,小基金公司,小基金公司,稳定小基金公司
562,008207.OF,小基金公司,小基金公司,小基金公司,小基金公司,小基金公司,小基金公司,稳定小基金公司
563,008214.OF,小基金公司,小基金公司,小基金公司,小基金公司,小基金公司,小基金公司,稳定小基金公司
564,008217.OF,小基金公司,小基金公司,小基金公司,小基金公司,小基金公司,小基金公司,稳定小基金公司
565,008219.OF,小基金公司,小基金公司,小基金公司,小基金公司,小基金公司,小基金公司,稳定小基金公司
566,008223.OF,小基金公司,小基金公司,小基金公司,小基金公司,小基金公司,小基金公司,稳定小基金公司
567,008229.OF,小基金公司,小基金公司,小基金公司,小基金公司,小基金公司,小基金公司,稳定小基金公司
568,008231.OF,小基金公司,小基金公司,小基金公司,小基金公司,小基金公司,小基金公司,稳定小基金公司
569,008242.OF,小基金公司,小基金公司,小基金公司,小基金公司,小基金公司,小基金公司,稳定小基金公司
570,008266.OF,小基金公司,小基金公司,小基金公司,小基金公司,小基金公司,小基金公司,稳定小基金公司
571,008278.OF,小基金公司,小基金公司,小基金公司,小基金公司,小基金公司,小基金公司,稳定小基金公司
572,008302.OF,小基金公司,小基金公司,小基金公司,小基金公司,小基金公司,小基金公司,稳定小基金公司
573,008316.OF,小基金公司,小基金公司,小基金公司,小基金公司,小基金公司,小基金公司,稳定小基金公司
574,008338.OF,小基金公司,小基金公司,小基金公司,小基金公司,小基金公司,小基金公司,稳定小基金公司
575,008349.OF,小基金公司,小基金公司,小基金公司,小基金公司,小基金公司,小基金公司,稳定小基金公司
576,008352.OF,小基金公司,小基金公司,小基金公司,小基金公司,小基金公司,小基金公司,稳定小基金公司
577,008366.OF,小基金公司,小基金公司,小基金公司,小基金公司,小基金公司,小基金公司,稳定小基金公司
578,008383.OF,小基金公司,小基金公司,小基金公司,小基金公司,小基金公司,小基金公司,稳定小基金公司
579,008406.OF,小基金公司,小基金公司,小基金公司,小基金公司,小基金公司,小基金公司,稳定小基金公司
580,008409.OF,小基金公司,小基金公司,小基金公司,小基金公司,小基金公司,小基金公司,稳定小基金公司
581,008411.OF,小基金公司,小基金公司,小基金公司,小基金公司,小基金公司,小基金公司,稳定小基金公司
582,008429.OF,小基金公司,小基金公司,小基金公司,小基金公司,小基金公司,小基金公司,稳定小基金公司
583,008460.OF,小基金公司,小基金公司,小基金公司,小基金公司,小基金公司,小基金公司,稳定小基金公司
584,008463.OF,小基金公司,小基金公司,小基金公司,小基金公司,小基金公司,小基金公司,稳定小基金公司
585,008465.OF,小基金公司,小基金公司,小基金公司,小基金公司,小基金公司,小基金公司,稳定小基金公司
586,008471.OF,小基金公司,小基金公司,小基金公司,小基金公司,小基金公司,小基金公司,稳定小基金公司
587,008478.OF,小基金公司,小基金公司,小基金公司,小基金公司,小基金公司,小基金公司,稳定小基金公司
588,008493.OF,小基金公司,小基金公司,小基金公司,小基金公司,小基金公司,小基金公司,稳定小基金公司
589,008497.OF,小基金公司,小基金公司,小基金公司,小基金公司,小基金公司,小基金公司,稳定小基金公司
590,008508.OF,小基金公司,小基金公司,小基金公司,小基金公司,小基金公司,小基金公司,稳定小基金公司
591,008509.OF,小基金公司,小基金公司,小基金公司,小基金公司,小基金公司,小基金公司,稳定小基金公司
592,008516.OF,小基金公司,小基金公司,小基金公司,小基金公司,小基金公司,小基金公司,稳定小基金公司
593,008521.OF,小基金公司,小基金公司,小基金公司,小基金公司,小基金公司,小基金公司,稳定小基金公司
594,008535.OF,小基金公司,小基金公司,小基金公司,小基金公司,小基金公司,小基金公司,稳定小基金公司
595,008539.OF,小基金公司,小基金公司,小基金公司,小基金公司,小基金公司,小基金公司,稳定小基金公司
596,008558.OF,小基金公司,小基金公司,小基金公司,小基金公司,小基金公司,小基金公司,稳定小基金公司
597,008568.OF,小基金公司,小基金公司,小基金公司,小基金公司,小基金公司,小基金公司,稳定小基金公司
598,008569.OF,小基金公司,小基金公司,小基金公司,小基金公司,小基金公司,小基金公司,稳定小基金公司
599,008575.OF,小基金公司,小基金公司,小基金公司,小基金公司,小基金公司,小基金公司,稳定小基金公司
600,008582.OF,小基金公司,小基金公司,小基金公司,小基金公司,小基金公司,小基金公司,稳定小基金公司
601,008587.OF,小基金公司,小基金公司,小基金公司,小基金公司,小基金公司,小基金公司,稳定小基金公司
602,008596.OF,小基金公司,小基金公司,小基金公司,小基金公司,小基金公司,小基金公司,稳定小基金公司
603,008608.OF,小基金公司,小基金公司,小基金公司,小基金公司,小基金公司,小基金公司,稳定小基金公司
604,008620.OF,小基金公司,小基金公司,小基金公司,小基金公司,小基金公司,小基金公司,稳定小基金公司
605,008644.OF,小基金公司,小基金公司,小基金公司,小基金公司,小基金公司,小基金公司,稳定小基金公司
606,008646.OF,小基金公司,小基金公司,小基金公司,小基金公司,小基金公司,小基金公司,稳定小基金公司
607,008648.OF,小基金公司,小基金公司,小基金公司,小基金公司,小基金公司,小基金公司,稳定小基金公司
608,008649.OF,小基金公司,小基金公司,小基金公司,小基金公司,小基金公司,小基金公司,稳定小基金公司
609,008650.OF,小基金公司,小基金公司,小基金公司,小基金公司,小基金公司,小基金公司,稳定小基金公司
610,008651.OF,小基金公司,小基金公司,小基金公司,小基金公司,小基金公司,小基金公司,稳定小基金公司
611,008661.OF,小基金公司,小基金公司,小基金公司,小基金公司,小基金公司,小基金公司,稳定小基金公司
612,008674.OF,小基金公司,小基金公司,小基金公司,小基金公司,小基金公司,小基金公司,稳定小基金公司
613,008675.OF,小基金公司,小基金公司,小基金公司,小基金公司,小基金公司,小基金公司,稳定小基金公司
614,008700.OF,小基金公司,小基金公司,小基金公司,小基金公司,小基金公司,小基金公司,稳定小基金公司
615,008722.OF,小基金公司,小基金公司,小基金公司,小基金公司,小基金公司,小基金公司,稳定小基金公司
616,008730.OF,小基金公司,小基金公司,小基金公司,小基金公司,小基金公司,小基金公司,稳定小基金公司
617,008738.OF,小基金公司,小基金公司,小基金公司,小基金公司,小基金公司,小基金公司,稳定小基金公司
618,008746.OF,小基金公司,小基金公司,小基金公司,小基金公司,小基金公司,小基金公司,稳定小基金公司
619,008761.OF,小基金公司,小基金公司,小基金公司,小基金公司,小基金公司,小基金公司,稳定小基金公司
620,008762.OF,小基金公司,小基金公司,小基金公司,小基金公司,小基金公司,小基金公司,稳定小基金公司
621,008774.OF,小基金公司,小基金公司,小基金公司,小基金公司,小基金公司,小基金公司,稳定小基金公司
622,008796.OF,小基金公司,小基金公司,小基金公司,小基金公司,小基金公司,小基金公司,稳定小基金公司
623,008802.OF,小基金公司,小基金公司,小基金公司,小基金公司,小基金公司,小基金公司,稳定小基金公司
624,008807.OF,小基金公司,小基金公司,小基金公司,小基金公司,小基金公司,小基金公司,稳定小基金公司
625,008826.OF,小基金公司,小基金公司,小基金公司,小基金公司,小基金公司,小基金公司,稳定小基金公司
626,008829.OF,小基金公司,小基金公司,小基金公司,小基金公司,小基金公司,小基金公司,稳定小基金公司
627,008857.OF,小基金公司,小基金公司,小基金公司,小基金公司,小基金公司,小基金公司,稳定小基金公司
628,008862.OF,小基金公司,小基金公司,小基金公司,小基金公司,小基金公司,小基金公司,稳定小基金公司
629,008863.OF,小基金公司,小基金公司,小基金公司,小基金公司,小基金公司,小基金公司,稳定小基金公司
630,008875.OF,小基金公司,小基金公司,小基金公司,小基金公司,小基金公司,小基金公司,稳定小基金公司
631,008902.OF,小基金公司,小基金公司,小基金公司,小基金公司,小基金公司,小基金公司,稳定小基金公司
632,008925.OF,小基金公司,小基金公司,小基金公司,小基金公司,小基金公司,小基金公司,稳定小基金公司
633,008995.OF,小基金公司,小基金公司,小基金公司,小基金公司,小基金公司,小基金公司,稳定小基金公司
634,009001.OF,小基金公司,小基金公司,小基金公司,小基金公司,小基金公司,小基金公司,稳定小基金公司
635,009021.OF,小基金公司,小基金公司,小基金公司,小基金公司,小基金公司,小基金公司,稳定小基金公司
636,009041.OF,小基金公司,小基金公司,小基金公司,小基金公司,小基金公司,小基金公司,稳定小基金公司
637,009045.OF,小基金公司,小基金公司,小基金公司,小基金公司,小基金公司,小基金公司,稳定小基金公司
638,009082.OF,小基金公司,小基金公司,小基金公司,小基金公司,小基金公司,小基金公司,稳定小基金公司
639,009091.OF,小基金公司,小基金公司,小基金公司,小基金公司,小基金公司,小基金公司,稳定小基金公司
640,009105.OF,小基金公司,小基金公司,小基金公司,小基金公司,小基金公司,小基金公司,稳定小基金公司
641,009148.OF,小基金公司,小基金公司,小基金公司,小基金公司,小基金公司,小基金公司,稳定小基金公司
642,009166.OF,小基金公司,小基金公司,小基金公司,小基金公司,小基金公司,小基金公司,稳定小基金公司
643,009167.OF,小基金公司,小基金公司,小基金公司,小基金公司,小基金公司,小基金公司,稳定小基金公司
644,009207.OF,小基金公司,小基金公司,小基金公司,小基金公司,小基金公司,小基金公司,稳定小基金公司
645,009212.OF,小基金公司,小基金公司,小基金公司,小基金公司,小基金公司,小基金公司,稳定小基金公司
646,009235.OF,小基金公司,小基金公司,小基金公司,小基金公司,小基金公司,小基金公司,稳定小基金公司
647,009237.OF,小基金公司,小基金公司,小基金公司,小基金公司,小基金公司,小基金公司,稳定小基金公司
648,009252.OF,小基金公司,小基金公司,小基金公司,小基金公司,小基金公司,小基金公司,稳定小基金公司
649,009254.OF,小基金公司,小基金公司,小基金公司,小基金公司,小基金公司,小基金公司,稳定小基金公司
650,009257.OF,小基金公司,小基金公司,小基金公司,小基金公司,小基金公司,小基金公司,稳定小基金公司
651,009271.OF,小基金公司,小基金公司,小基金公司,小基金公司,小基金公司,小基金公司,稳定小基金公司
652,009284.OF,小基金公司,小基金公司,小基金公司,小基金公司,小基金公司,小基金公司,稳定小基金公司
653,009289.OF,小基金公司,小基金公司,小基金公司,小基金公司,小基金公司,小基金公司,稳定小基金公司
654,009290.OF,小基金公司,小基金公司,小基金公司,小基金公司,小基金公司,小基金公司,稳定小基金公司
655,009292.OF,小基金公司,小基金公司,小基金公司,小基金公司,小基金公司,小基金公司,稳定小基金公司
656,009294.OF,小基金公司,小基金公司,小基金公司,小基金公司,小基金公司,小基金公司,稳定小基金公司
657,009298.OF,小基金公司,小基金公司,小基金公司,小基金公司,小基金公司,小基金公司,稳定小基金公司
658,009306.OF,小基金公司,小基金公司,小基金公司,小基金公司,小基金公司,小基金公司,稳定小基金公司
659,009309.OF,小基金公司,小基金公司,小基金公司,小基金公司,小基金公司,小基金公司,稳定小基金公司
660,009338.OF,小基金公司,小基金公司,小基金公司,小基金公司,小基金公司,小基金公司,稳定小基金公司
661,009343.OF,小基金公司,小基金公司,小基金公司,小基金公司,小基金公司,小基金公司,稳定小基金公司
662,009356.OF,小基金公司,小基金公司,小基金公司,小基金公司,小基金公司,小基金公司,稳定小基金公司
663,009417.OF,小基金公司,小基金公司,小基金公司,小基金公司,小基金公司,小基金公司,稳定小基金公司
664,009450.OF,小基金公司,小基金公司,小基金公司,小基金公司,小基金公司,小基金公司,稳定小基金公司
665,009453.OF,小基金公司,小基金公司,小基金公司,小基金公司,小基金公司,小基金公司,稳定小基金公司
666,009483.OF,小基金公司,小基金公司,小基金公司,小基金公司,小基金公司,小基金公司,稳定小基金公司
667,009577.OF,小基金公司,小基金公司,小基金公司,小基金公司,小基金公司,小基金公司,稳定小基金公司
668,009578.OF,小基金公司,小基金公司,小基金公司,小基金公司,小基金公司,小基金公司,稳定小基金公司
669,009580.OF,小基金公司,小基金公司,小基金公司,小基金公司,小基金公司,小基金公司,稳定小基金公司
670,009583.OF,小基金公司,小基金公司,小基金公司,小基金公司,小基金公司,小基金公司,稳定小基金公司
671,009587.OF,小基金公司,小基金公司,小基金公司,小基金公司,小基金公司,小基金公司,稳定小基金公司
672,009599.OF,小基金公司,小基金公司,小基金公司,小基金公司,小基金公司,小基金公司,稳定小基金公司
673,009600.OF,小基金公司,小基金公司,小基金公司,小基金公司,小基金公司,小基金公司,稳定小基金公司
674,009632.OF,小基金公司,小基金公司,小基金公司,小基金公司,小基金公司,小基金公司,稳定小基金公司
675,009643.OF,小基金公司,小基金公司,小基金公司,小基金公司,小基金公司,小基金公司,稳定小基金公司
676,009655.OF,小基金公司,小基金公司,小基金公司,小基金公司,小基金公司,小基金公司,稳定小基金公司
677,009666.OF,小基金公司,小基金公司,小基金公司,小基金公司,小基金公司,小基金公司,稳定小基金公司
678,009685.OF,小基金公司,小基金公司,小基金公司,小基金公司,小基金公司,小基金公司,稳定小基金公司
679,009711.OF,小基金公司,小基金公司,小基金公司,小基金公司,小基金公司,小基金公司,稳定小基金公司
680,009732.OF,小基金公司,小基金公司,小基金公司,小基金公司,小基金公司,小基金公司,稳定小基金公司
681,009749.OF,小基金公司,小基金公司,小基金公司,小基金公司,小基金公司,小基金公司,稳定小基金公司
682,009770.OF,小基金公司,小基金公司,小基金公司,小基金公司,小基金公司,小基金公司,稳定小基金公司
683,009792.OF,小基金公司,小基金公司,小基金公司,小基金公司,小基金公司,小基金公司,稳定小基金公司
684,009799.OF,小基金公司,小基金公司,小基金公司,小基金公司,小基金公司,小基金公司,稳定小基金公司
685,009809.OF,小基金公司,小基金公司,小基金公司,小基金公司,小基金公司,小基金公司,稳定小基金公司
686,009831.OF,小基金公司,小基金公司,小基金公司,小基金公司,小基金公司,小基金公司,稳定小基金公司
687,009851.OF,小基金公司,小基金公司,小基金公司,小基金公司,小基金公司,小基金公司,稳定小基金公司
688,009866.OF,小基金公司,小基金公司,小基金公司,小基金公司,小基金公司,小基金公司,稳定小基金公司
689,009920.OF,小基金公司,小基金公司,小基金公司,小基金公司,小基金公司,小基金公司,稳定小基金公司
690,009922.OF,小基金公司,小基金公司,小基金公司,小基金公司,小基金公司,小基金公司,稳定小基金公司
691,009933.OF,小基金公司,小基金公司,小基金公司,小基金公司,小基金公司,小基金公司,稳定小基金公司
692,009953.OF,小基金公司,小基金公司,小基金公司,小基金公司,小基金公司,小基金公司,稳定小基金公司
693,010048.OF,小基金公司,小基金公司,小基金公司,小基金公司,小基金公司,小基金公司,稳定小基金公司
694,010083.OF,小基金公司,小基金公司,小基金公司,小基金公司,小基金公司,小基金公司,稳定小基金公司
695,010084.OF,小基金公司,小基金公司,小基金公司,小基金公司,小基金公司,小基金公司,稳定小基金公司
696,010092.OF,小基金公司,小基金公司,小基金公司,小基金公司,小基金公司,小基金公司,稳定小基金公司
697,010168.OF,小基金公司,小基金公司,小基金公司,小基金公司,小基金公司,小基金公司,稳定小基金公司
698,010191.OF,小基金公司,小基金公司,小基金公司,小基金公司,小基金公司,小基金公司,稳定小基金公司
699,010232.OF,小基金公司,小基金公司,小基金公司,小基金公司,小基金公司,小基金公司,稳定小基金公司
700,010254.OF,小基金公司,小基金公司,小基金公司,小基金公司,小基金公司,小基金公司,稳定小基金公司
701,010258.OF,小基金公司,小基金公司,小基金公司,小基金公司,小基金公司,小基金公司,稳定小基金公司
702,010462.OF,小基金公司,小基金公司,小基金公司,小基金公司,小基金公司,小基金公司,稳定小基金公司
703,010471.OF,小基金公司,小基金公司,小基金公司,小基金公司,小基金公司,小基金公司,稳定小基金公司
704,010477.OF,小基金公司,小基金公司,小基金公司,小基金公司,小基金公司,小基金公司,稳定小基金公司
705,010479.OF,小基金公司,小基金公司,小基金公司,小基金公司,小基金公司,小基金公司,稳定小基金公司
706,010482.OF,小基金公司,小基金公司,小基金公司,小基金公司,小基金公司,小基金公司,稳定小基金公司
707,010485.OF,小基金公司,小基金公司,小基金公司,小基金公司,小基金公司,小基金公司,稳定小基金公司
708,010580.OF,小基金公司,小基金公司,小基金公司,小基金公司,小基金公司,小基金公司,稳定小基金公司
709,010621.OF,小基金公司,小基金公司,小基金公司,小基金公司,小基金公司,小基金公司,稳定小基金公司
710,010627.OF,小基金公司,小基金公司,小基金公司,小基金公司,小基金公司,小基金公司,稳定小基金公司
711,010632.OF,小基金公司,小基金公司,小基金公司,小基金公司,小基金公司,小基金公司,稳定小基金公司
712,010634.OF,小基金公司,小基金公司,小基金公司,小基金公司,小基金公司,小基金公司,稳定小基金公司
713,010639.OF,小基金公司,小基金公司,小基金公司,小基金公司,小基金公司,小基金公司,稳定小基金公司
714,010653.OF,小基金公司,小基金公司,小基金公司,小基金公司,小基金公司,小基金公司,稳定小基金公司
715,010753.OF,小基金公司,小基金公司,小基金公司,小基金公司,小基金公司,小基金公司,稳定小基金公司
716,010836.OF,小基金公司,小基金公司,小基金公司,小基金公司,小基金公司,小基金公司,稳定小基金公司
717,010946.OF,小基金公司,小基金公司,小基金公司,小基金公司,小基金公司,小基金公司,稳定小基金公司
718,010983.OF,小基金公司,小基金公司,小基金公司,小基金公司,小基金公司,小基金公司,稳定小基金公司
719,011067.OF,小基金公司,小基金公司,小基金公司,小基金公司,小基金公司,小基金公司,稳定小基金公司
720,011079.OF,小基金公司,小基金公司,小基金公司,小基金公司,小基金公司,小基金公司,稳定小基金公司
721,011080.OF,小基金公司,小基金公司,小基金公司,小基金公司,小基金公司,小基金公司,稳定小基金公司
722,011088.OF,小基金公司,小基金公司,小基金公司,小基金公司,小基金公司,小基金公司,稳定小基金公司
723,011262.OF,小基金公司,小基金公司,小基金公司,小基金公司,小基金公司,小基金公司,稳定小基金公司
724,011292.OF,小基金公司,小基金公司,小基金公司,小基金公司,小基金公司,小基金公司,稳定小基金公司
725,011294.OF,小基金公司,小基金公司,小基金公司,小基金公司,小基金公司,小基金公司,稳定小基金公司
726,011529.OF,小基金公司,小基金公司,小基金公司,小基金公司,小基金公司,小基金公司,稳定小基金公司
727,011617.OF,小基金公司,小基金公司,小基金公司,小基金公司,小基金公司,小基金公司,稳定小基金公司
728,011655.OF,小基金公司,小基金公司,小基金公司,小基金公司,小基金公司,小基金公司,稳定小基金公司
729,011683.OF,小基金公司,小基金公司,小基金公司,小基金公司,小基金公司,小基金公司,稳定小基金公司
730,011699.OF,小基金公司,小基金公司,小基金公司,小基金公司,小基金公司,小基金公司,稳定小基金公司
731,011719.OF,小基金公司,小基金公司,小基金公司,小基金公司,小基金公司,小基金公司,稳定小基金公司
732,011890.OF,小基金公司,小基金公司,小基金公司,小基金公司,小基金公司,小基金公司,稳定小基金公司
733,011943.OF,小基金公司,小基金公司,小基金公司,小基金公司,小基金公司,小基金公司,稳定小基金公司
734,011946.OF,小基金公司,小基金公司,小基金公司,小基金公司,小基金公司,小基金公司,稳定小基金公司
735,011952.OF,小基金公司,小基金公司,小基金公司,小基金公司,小基金公司,小基金公司,稳定小基金公司
736,011953.OF,小基金公司,小基金公司,小基金公司,小基金公司,小基金公司,小基金公司,稳定小基金公司
737,011955.OF,小基金公司,小基金公司,小基金公司,小基金公司,小基金公司,小基金公司,稳定小基金公司
738,011960.OF,小基金公司,小基金公司,小基金公司,小基金公司,小基金公司,小基金公司,稳定小基金公司
739,011961.OF,小基金公司,小基金公司,小基金公司,小基金公司,小基金公司,小基金公司,稳定小基金公司
740,011968.OF,小基金公司,小基金公司,小基金公司,小基金公司,小基金公司,小基金公司,稳定小基金公司
741,012101.OF,小基金公司,小基金公司,小基金公司,小基金公司,小基金公司,小基金公司,稳定小基金公司
742,012229.OF,小基金公司,小基金公司,小基金公司,小基金公司,小基金公司,小基金公司,稳定小基金公司
743,012242.OF,小基金公司,小基金公司,小基金公司,小基金公司,小基金公司,小基金公司,稳定小基金公司
744,012265.OF,小基金公司,小基金公司,小基金公司,小基金公司,小基金公司,小基金公司,稳定小基金公司
745,012273.OF,小基金公司,小基金公司,小基金公司,小基金公司,小基金公司,小基金公司,稳定小基金公司
746,012279.OF,小基金公司,小基金公司,小基金公司,小基金公司,小基金公司,小基金公司,稳定小基金公司
747,012290.OF,小基金公司,小基金公司,小基金公司,小基金公司,小基金公司,小基金公司,稳定小基金公司
748,012352.OF,小基金公司,小基金公司,小基金公司,小基金公司,小基金公司,小基金公司,稳定小基金公司
749,012356.OF,小基金公司,小基金公司,小基金公司,小基金公司,小基金公司,小基金公司,稳定小基金公司
750,012395.OF,小基金公司,小基金公司,小基金公司,小基金公司,小基金公司,小基金公司,稳定小基金公司
751,012451.OF,小基金公司,小基金公司,小基金公司,小基金公司,小基金公司,小基金公司,稳定小基金公司
752,012452.OF,小基金公司,小基金公司,小基金公司,小基金公司,小基金公司,小基金公司,稳定小基金公司
753,012465.OF,小基金公司,小基金公司,小基金公司,小基金公司,小基金公司,小基金公司,稳定小基金公司
754,012468.OF,小基金公司,小基金公司,小基金公司,小基金公司,小基金公司,小基金公司,稳定小基金公司
755,012489.OF,小基金公司,小基金公司,小基金公司,小基金公司,小基金公司,小基金公司,稳定小基金公司
756,012567.OF,小基金公司,小基金公司,小基金公司,小基金公司,小基金公司,小基金公司,稳定小基金公司
757,012580.OF,小基金公司,小基金公司,小基金公司,小基金公司,小基金公司,小基金公司,稳定小基金公司
758,012591.OF,小基金公司,小基金公司,小基金公司,小基金公司,小基金公司,小基金公司,稳定小基金公司
759,012742.OF,小基金公司,小基金公司,小基金公司,小基金公司,小基金公司,小基金公司,稳定小基金公司
760,012750.OF,小基金公司,小基金公司,小基金公司,小基金公司,小基金公司,小基金公司,稳定小基金公司
761,012773.OF,小基金公司,小基金公司,小基金公司,小基金公司,小基金公司,小基金公司,稳定小基金公司
762,012803.OF,小基金公司,小基金公司,小基金公司,小基金公司,小基金公司,小基金公司,稳定小基金公司
763,012806.OF,小基金公司,小基金公司,小基金公司,小基金公司,小基金公司,小基金公司,稳定小基金公司
764,012823.OF,小基金公司,小基金公司,小基金公司,小基金公司,小基金公司,小基金公司,稳定小基金公司
765,012933.OF,小基金公司,小基金公司,小基金公司,小基金公司,小基金公司,小基金公司,稳定小基金公司
766,012941.OF,小基金公司,小基金公司,小基金公司,小基金公司,小基金公司,小基金公司,稳定小基金公司
767,012948.OF,小基金公司,小基金公司,小基金公司,小基金公司,小基金公司,小基金公司,稳定小基金公司
768,013008.OF,小基金公司,小基金公司,小基金公司,小基金公司,小基金公司,小基金公司,稳定小基金公司
769,013062.OF,小基金公司,小基金公司,小基金公司,小基金公司,小基金公司,小基金公司,稳定小基金公司
770,013065.OF,小基金公司,小基金公司,小基金公司,小基金公司,小基金公司,小基金公司,稳定小基金公司
771,013068.OF,小基金公司,小基金公司,小基金公司,小基金公司,小基金公司,小基金公司,稳定小基金公司
772,013075.OF,小基金公司,小基金公司,小基金公司,小基金公司,小基金公司,小基金公司,稳定小基金公司
773,013077.OF,小基金公司,小基金公司,小基金公司,小基金公司,小基金公司,小基金公司,稳定小基金公司
774,013087.OF,小基金公司,小基金公司,小基金公司,小基金公司,小基金公司,小基金公司,稳定小基金公司
775,013159.OF,小基金公司,小基金公司,小基金公司,小基金公司,小基金公司,小基金公司,稳定小基金公司
776,013206.OF,小基金公司,小基金公司,小基金公司,小基金公司,小基金公司,小基金公司,稳定小基金公司
777,013213.OF,小基金公司,小基金公司,小基金公司,小基金公司,小基金公司,小基金公司,稳定小基金公司
778,013216.OF,小基金公司,小基金公司,小基金公司,小基金公司,小基金公司,小基金公司,稳定小基金公司
779,013236.OF,小基金公司,小基金公司,小基金公司,小基金公司,小基金公司,小基金公司,稳定小基金公司
780,013265.OF,小基金公司,小基金公司,小基金公司,小基金公司,小基金公司,小基金公司,稳定小基金公司
781,013336.OF,小基金公司,小基金公司,小基金公司,小基金公司,小基金公司,小基金公司,稳定小基金公司
782,013351.OF,小基金公司,小基金公司,小基金公司,小基金公司,小基金公司,小基金公司,稳定小基金公司
783,013373.OF,小基金公司,小基金公司,小基金公司,小基金公司,小基金公司,小基金公司,稳定小基金公司
784,013375.OF,小基金公司,小基金公司,小基金公司,小基金公司,小基金公司,小基金公司,稳定小基金公司
785,013391.OF,小基金公司,小基金公司,小基金公司,小基金公司,小基金公司,小基金公司,稳定小基金公司
786,013405.OF,小基金公司,小基金公司,小基金公司,小基金公司,小基金公司,小基金公司,稳定小基金公司
787,013408.OF,小基金公司,小基金公司,小基金公司,小基金公司,小基金公司,小基金公司,稳定小基金公司
788,013419.OF,小基金公司,小基金公司,小基金公司,小基金公司,小基金公司,小基金公司,稳定小基金公司
789,013456.OF,小基金公司,小基金公司,小基金公司,小基金公司,小基金公司,小基金公司,稳定小基金公司
790,013457.OF,小基金公司,小基金公司,小基金公司,小基金公司,小基金公司,小基金公司,稳定小基金公司
791,013459.OF,小基金公司,小基金公司,小基金公司,小基金公司,小基金公司,小基金公司,稳定小基金公司
792,013487.OF,小基金公司,小基金公司,小基金公司,小基金公司,小基金公司,小基金公司,稳定小基金公司
793,013494.OF,小基金公司,小基金公司,小基金公司,小基金公司,小基金公司,小基金公司,稳定小基金公司
794,013522.OF,小基金公司,小基金公司,小基金公司,小基金公司,小基金公司,小基金公司,稳定小基金公司
795,013538.OF,小基金公司,小基金公司,小基金公司,小基金公司,小基金公司,小基金公司,稳定小基金公司
796,013563.OF,小基金公司,小基金公司,小基金公司,小基金公司,小基金公司,小基金公司,稳定小基金公司
797,013648.OF,小基金公司,小基金公司,小基金公司,小基金公司,小基金公司,小基金公司,稳定小基金公司
798,013654.OF,小基金公司,小基金公司,小基金公司,小基金公司,小基金公司,小基金公司,稳定小基金公司
799,013699.OF,小基金公司,小基金公司,小基金公司,小基金公司,小基金公司,小基金公司,稳定小基金公司
800,013703.OF,小基金公司,小基金公司,小基金公司,小基金公司,小基金公司,小基金公司,稳定小基金公司
801,013718.OF,小基金公司,小基金公司,小基金公司,小基金公司,小基金公司,小基金公司,稳定小基金公司
802,013723.OF,小基金公司,小基金公司,小基金公司,小基金公司,小基金公司,小基金公司,稳定小基金公司
803,013728.OF,小基金公司,小基金公司,小基金公司,小基金公司,小基金公司,小基金公司,稳定小基金公司
804,013780.OF,小基金公司,小基金公司,小基金公司,小基金公司,小基金公司,小基金公司,稳定小基金公司
805,013799.OF,小基金公司,小基金公司,小基金公司,小基金公司,小基金公司,小基金公司,稳定小基金公司
806,013804.OF,小基金公司,小基金公司,小基金公司,小基金公司,小基金公司,小基金公司,稳定小基金公司
807,013808.OF,小基金公司,小基金公司,小基金公司,小基金公司,小基金公司,小基金公司,稳定小基金公司
808,013821.OF,小基金公司,小基金公司,小基金公司,小基金公司,小基金公司,小基金公司,稳定小基金公司
809,013838.OF,小基金公司,小基金公司,小基金公司,小基金公司,小基金公司,小基金公司,稳定小基金公司
810,013864.OF,小基金公司,小基金公司,小基金公司,小基金公司,小基金公司,小基金公司,稳定小基金公司
811,013875.OF,小基金公司,小基金公司,小基金公司,小基金公司,小基金公司,小基金公司,稳定小基金公司
812,013901.OF,小基金公司,小基金公司,小基金公司,小基金公司,小基金公司,小基金公司,稳定小基金公司
813,013931.OF,小基金公司,小基金公司,小基金公司,小基金公司,小基金公司,小基金公司,稳定小基金公司
814,013952.OF,小基金公司,小基金公司,小基金公司,小基金公司,小基金公司,小基金公司,稳定小基金公司
815,013976.OF,小基金公司,小基金公司,小基金公司,小基金公司,小基金公司,小基金公司,稳定小基金公司
816,014004.OF,小基金公司,小基金公司,小基金公司,小基金公司,小基金公司,小基金公司,稳定小基金公司
817,014012.OF,小基金公司,小基金公司,小基金公司,小基金公司,小基金公司,小基金公司,稳定小基金公司
818,014059.OF,小基金公司,小基金公司,小基金公司,小基金公司,小基金公司,小基金公司,稳定小基金公司
819,014097.OF,小基金公司,小基金公司,小基金公司,小基金公司,小基金公司,小基金公司,稳定小基金公司
820,014105.OF,小基金公司,小基金公司,小基金公司,小基金公司,小基金公司,小基金公司,稳定小基金公司
821,014230.OF,小基金公司,小基金公司,小基金公司,小基金公司,小基金公司,小基金公司,稳定小基金公司
822,014231.OF,小基金公司,小基金公司,小基金公司,小基金公司,小基金公司,小基金公司,稳定小基金公司
823,014234.OF,小基金公司,小基金公司,小基金公司,小基金公司,小基金公司,小基金公司,稳定小基金公司
824,014242.OF,小基金公司,小基金公司,小基金公司,小基金公司,小基金公司,小基金公司,稳定小基金公司
825,014248.OF,小基金公司,小基金公司,小基金公司,小基金公司,小基金公司,小基金公司,稳定小基金公司
826,014250.OF,小基金公司,小基金公司,小基金公司,小基金公司,小基金公司,小基金公司,稳定小基金公司
827,014252.OF,小基金公司,小基金公司,小基金公司,小基金公司,小基金公司,小基金公司,稳定小基金公司
828,014257.OF,小基金公司,小基金公司,小基金公司,小基金公司,小基金公司,小基金公司,稳定小基金公司
829,014315.OF,小基金公司,小基金公司,小基金公司,小基金公司,小基金公司,小基金公司,稳定小基金公司
830,014367.OF,小基金公司,小基金公司,小基金公司,小基金公司,小基金公司,小基金公司,稳定小基金公司
831,014392.OF,小基金公司,小基金公司,小基金公司,小基金公司,小基金公司,小基金公司,稳定小基金公司
832,014435.OF,小基金公司,小基金公司,小基金公司,小基金公司,小基金公司,小基金公司,稳定小基金公司
833,014446.OF,小基金公司,小基金公司,小基金公司,小基金公司,小基金公司,小基金公司,稳定小基金公司
834,014452.OF,小基金公司,小基金公司,小基金公司,小基金公司,小基金公司,小基金公司,稳定小基金公司
835,014464.OF,小基金公司,小基金公司,小基金公司,小基金公司,小基金公司,小基金公司,稳定小基金公司
836,014474.OF,小基金公司,小基金公司,小基金公司,小基金公司,小基金公司,小基金公司,稳定小基金公司
837,014476.OF,小基金公司,小基金公司,小基金公司,小基金公司,小基金公司,小基金公司,稳定小基金公司
838,014480.OF,小基金公司,小基金公司,小基金公司,小基金公司,小基金公司,小基金公司,稳定小基金公司
839,014504.OF,小基金公司,小基金公司,小基金公司,小基金公司,小基金公司,小基金公司,稳定小基金公司
840,014517.OF,小基金公司,小基金公司,小基金公司,小基金公司,小基金公司,小基金公司,稳定小基金公司
841,014552.OF,小基金公司,小基金公司,小基金公司,小基金公司,小基金公司,小基金公司,稳定小基金公司
842,014638.OF,小基金公司,小基金公司,小基金公司,小基金公司,小基金公司,小基金公司,稳定小基金公司
843,014714.OF,小基金公司,小基金公司,小基金公司,小基金公司,小基金公司,小基金公司,稳定小基金公司
844,014721.OF,小基金公司,小基金公司,小基金公司,小基金公司,小基金公司,小基金公司,稳定小基金公司
845,014740.OF,小基金公司,小基金公司,小基金公司,小基金公司,小基金公司,小基金公司,稳定小基金公司
846,014778.OF,小基金公司,小基金公司,小基金公司,小基金公司,小基金公司,小基金公司,稳定小基金公司
847,014815.OF,小基金公司,小基金公司,小基金公司,小基金公司,小基金公司,小基金公司,稳定小基金公司
848,014856.OF,小基金公司,小基金公司,小基金公司,小基金公司,小基金公司,小基金公司,稳定小基金公司
849,014858.OF,小基金公司,小基金公司,小基金公司,小基金公司,小基金公司,小基金公司,稳定小基金公司
850,014952.OF,小基金公司,小基金公司,小基金公司,小基金公司,小基金公司,小基金公司,稳定小基金公司
851,014959.OF,小基金公司,小基金公司,小基金公司,小基金公司,小基金公司,小基金公司,稳定小基金公司
852,014965.OF,小基金公司,小基金公司,小基金公司,小基金公司,小基金公司,小基金公司,稳定小基金公司
853,014966.OF,小基金公司,小基金公司,小基金公司,小基金公司,小基金公司,小基金公司,稳定小基金公司
854,014973.OF,小基金公司,小基金公司,小基金公司,小基金公司,小基金公司,小基金公司,稳定小基金公司
855,015018.OF,小基金公司,小基金公司,小基金公司,小基金公司,小基金公司,小基金公司,稳定小基金公司
856,015049.OF,小基金公司,小基金公司,小基金公司,小基金公司,小基金公司,小基金公司,稳定小基金公司
857,015081.OF,小基金公司,小基金公司,小基金公司,小基金公司,小基金公司,小基金公司,稳定小基金公司
858,015209.OF,小基金公司,小基金公司,小基金公司,小基金公司,小基金公司,小基金公司,稳定小基金公司
859,015255.OF,小基金公司,小基金公司,小基金公司,小基金公司,小基金公司,小基金公司,稳定小基金公司
860,015260.OF,小基金公司,小基金公司,小基金公司,小基金公司,小基金公司,小基金公司,稳定小基金公司
861,015263.OF,小基金公司,小基金公司,小基金公司,小基金公司,小基金公司,小基金公司,稳定小基金公司
862,015301.OF,小基金公司,小基金公司,小基金公司,小基金公司,小基金公司,小基金公司,稳定小基金公司
863,015315.OF,小基金公司,小基金公司,小基金公司,小基金公司,小基金公司,小基金公司,稳定小基金公司
864,015397.OF,小基金公司,小基金公司,小基金公司,小基金公司,小基金公司,小基金公司,稳定小基金公司
865,015423.OF,小基金公司,小基金公司,小基金公司,小基金公司,小基金公司,小基金公司,稳定小基金公司
866,015469.OF,小基金公司,小基金公司,小基金公司,小基金公司,小基金公司,小基金公司,稳定小基金公司
867,015471.OF,小基金公司,小基金公司,小基金公司,小基金公司,小基金公司,小基金公司,稳定小基金公司
868,015473.OF,小基金公司,小基金公司,小基金公司,小基金公司,小基金公司,小基金公司,稳定小基金公司
869,015487.OF,小基金公司,小基金公司,小基金公司,小基金公司,小基金公司,小基金公司,稳定小基金公司
870,015492.OF,小基金公司,小基金公司,小基金公司,小基金公司,小基金公司,小基金公司,稳定小基金公司
871,015516.OF,小基金公司,小基金公司,小基金公司,小基金公司,小基金公司,小基金公司,稳定小基金公司
872,015530.OF,小基金公司,小基金公司,小基金公司,小基金公司,小基金公司,小基金公司,稳定小基金公司
873,015552.OF,小基金公司,小基金公司,小基金公司,小基金公司,小基金公司,小基金公司,稳定小基金公司
874,015569.OF,小基金公司,小基金公司,小基金公司,小基金公司,小基金公司,小基金公司,稳定小基金公司
875,015581.OF,小基金公司,小基金公司,小基金公司,小基金公司,小基金公司,小基金公司,稳定小基金公司
876,015622.OF,小基金公司,小基金公司,小基金公司,小基金公司,小基金公司,小基金公司,稳定小基金公司
877,015624.OF,小基金公司,小基金公司,小基金公司,小基金公司,小基金公司,小基金公司,稳定小基金公司
878,015629.OF,小基金公司,小基金公司,小基金公司,小基金公司,小基金公司,小基金公司,稳定小基金公司
879,015653.OF,小基金公司,小基金公司,小基金公司,小基金公司,小基金公司,小基金公司,稳定小基金公司
880,015654.OF,小基金公司,小基金公司,小基金公司,小基金公司,小基金公司,小基金公司,稳定小基金公司
881,015720.OF,小基金公司,小基金公司,小基金公司,小基金公司,小基金公司,小基金公司,稳定小基金公司
882,015736.OF,小基金公司,小基金公司,小基金公司,小基金公司,小基金公司,小基金公司,稳定小基金公司
883,015746.OF,小基金公司,小基金公司,小基金公司,小基金公司,小基金公司,小基金公司,稳定小基金公司
884,015811.OF,小基金公司,小基金公司,小基金公司,小基金公司,小基金公司,小基金公司,稳定小基金公司
885,015815.OF,小基金公司,小基金公司,小基金公司,小基金公司,小基金公司,小基金公司,稳定小基金公司
886,015830.OF,小基金公司,小基金公司,小基金公司,小基金公司,小基金公司,小基金公司,稳定小基金公司
887,015832.OF,小基金公司,小基金公司,小基金公司,小基金公司,小基金公司,小基金公司,稳定小基金公司
888,015834.OF,小基金公司,小基金公司,小基金公司,小基金公司,小基金公司,小基金公司,稳定小基金公司
889,015848.OF,小基金公司,小基金公司,小基金公司,小基金公司,小基金公司,小基金公司,稳定小基金公司
890,015852.OF,小基金公司,小基金公司,小基金公司,小基金公司,小基金公司,小基金公司,稳定小基金公司
891,015853.OF,小基金公司,小基金公司,小基金公司,小基金公司,小基金公司,小基金公司,稳定小基金公司
892,015858.OF,小基金公司,小基金公司,小基金公司,小基金公司,小基金公司,小基金公司,稳定小基金公司
893,015893.OF,小基金公司,小基金公司,小基金公司,小基金公司,小基金公司,小基金公司,稳定小基金公司
894,015913.OF,小基金公司,小基金公司,小基金公司,小基金公司,小基金公司,小基金公司,稳定小基金公司
895,015917.OF,小基金公司,小基金公司,小基金公司,小基金公司,小基金公司,小基金公司,稳定小基金公司
896,015925.OF,小基金公司,小基金公司,小基金公司,小基金公司,小基金公司,小基金公司,稳定小基金公司
897,015949.OF,小基金公司,小基金公司,小基金公司,小基金公司,小基金公司,小基金公司,稳定小基金公司
898,015969.OF,小基金公司,小基金公司,小基金公司,小基金公司,小基金公司,小基金公司,稳定小基金公司
899,016009.OF,小基金公司,小基金公司,小基金公司,小基金公司,小基金公司,小基金公司,稳定小基金公司
900,016011.OF,小基金公司,小基金公司,小基金公司,小基金公司,小基金公司,小基金公司,稳定小基金公司
901,016023.OF,小基金公司,小基金公司,小基金公司,小基金公司,小基金公司,小基金公司,稳定小基金公司
902,016024.OF,小基金公司,小基金公司,小基金公司,小基金公司,小基金公司,小基金公司,稳定小基金公司
903,016031.OF,小基金公司,小基金公司,小基金公司,小基金公司,小基金公司,小基金公司,稳定小基金公司
904,016034.OF,小基金公司,小基金公司,小基金公司,小基金公司,小基金公司,小基金公司,稳定小基金公司
905,016111.OF,小基金公司,小基金公司,小基金公司,小基金公司,小基金公司,小基金公司,稳定小基金公司
906,016172.OF,小基金公司,小基金公司,小基金公司,小基金公司,小基金公司,小基金公司,稳定小基金公司
907,016184.OF,小基金公司,小基金公司,小基金公司,小基金公司,小基金公司,小基金公司,稳定小基金公司
908,016189.OF,小基金公司,小基金公司,小基金公司,小基金公司,小基金公司,小基金公司,稳定小基金公司
909,016191.OF,小基金公司,小基金公司,小基金公司,小基金公司,小基金公司,小基金公司,稳定小基金公司
910,016208.OF,小基金公司,小基金公司,小基金公司,小基金公司,小基金公司,小基金公司,稳定小基金公司
911,016212.OF,小基金公司,小基金公司,小基金公司,小基金公司,小基金公司,小基金公司,稳定小基金公司
912,016235.OF,小基金公司,小基金公司,小基金公司,小基金公司,小基金公司,小基金公司,稳定小基金公司
913,016247.OF,小基金公司,小基金公司,小基金公司,小基金公司,小基金公司,小基金公司,稳定小基金公司
914,016296.OF,小基金公司,小基金公司,小基金公司,小基金公司,小基金公司,小基金公司,稳定小基金公司
915,016396.OF,小基金公司,小基金公司,小基金公司,小基金公司,小基金公司,小基金公司,稳定小基金公司
916,016411.OF,小基金公司,小基金公司,小基金公司,小基金公司,小基金公司,小基金公司,稳定小基金公司
917,016426.OF,小基金公司,小基金公司,小基金公司,小基金公司,小基金公司,小基金公司,稳定小基金公司
918,016427.OF,小基金公司,小基金公司,小基金公司,小基金公司,小基金公司,小基金公司,稳定小基金公司
919,016432.OF,小基金公司,小基金公司,小基金公司,小基金公司,小基金公司,小基金公司,稳定小基金公司
920,016483.OF,小基金公司,小基金公司,小基金公司,小基金公司,小基金公司,小基金公司,稳定小基金公司
921,016497.OF,小基金公司,小基金公司,小基金公司,小基金公司,小基金公司,小基金公司,稳定小基金公司
922,016510.OF,小基金公司,小基金公司,小基金公司,小基金公司,小基金公司,小基金公司,稳定小基金公司
923,016526.OF,小基金公司,小基金公司,小基金公司,小基金公司,小基金公司,小基金公司,稳定小基金公司
924,016585.OF,小基金公司,小基金公司,小基金公司,小基金公司,小基金公司,小基金公司,稳定小基金公司
925,016609.OF,小基金公司,小基金公司,小基金公司,小基金公司,小基金公司,小基金公司,稳定小基金公司
926,016614.OF,小基金公司,小基金公司,小基金公司,小基金公司,小基金公司,小基金公司,稳定小基金公司
927,016674.OF,小基金公司,小基金公司,小基金公司,小基金公司,小基金公司,小基金公司,稳定小基金公司
928,016689.OF,小基金公司,小基金公司,小基金公司,小基金公司,小基金公司,小基金公司,稳定小基金公司
929,016695.OF,小基金公司,小基金公司,小基金公司,小基金公司,小基金公司,小基金公司,稳定小基金公司
930,016790.OF,小基金公司,小基金公司,小基金公司,小基金公司,小基金公司,小基金公司,稳定小基金公司
931,016793.OF,小基金公司,小基金公司,小基金公司,小基金公司,小基金公司,小基金公司,稳定小基金公司
932,016799.OF,小基金公司,小基金公司,小基金公司,小基金公司,小基金公司,小基金公司,稳定小基金公司
933,016812.OF,小基金公司,小基金公司,小基金公司,小基金公司,小基金公司,小基金公司,稳定小基金公司
934,016816.OF,小基金公司,小基金公司,小基金公司,小基金公司,小基金公司,小基金公司,稳定小基金公司
935,016871.OF,小基金公司,小基金公司,小基金公司,小基金公司,小基金公司,小基金公司,稳定小基金公司
936,016875.OF,小基金公司,小基金公司,小基金公司,小基金公司,小基金公司,小基金公司,稳定小基金公司
937,016885.OF,小基金公司,小基金公司,小基金公司,小基金公司,小基金公司,小基金公司,稳定小基金公司
938,016914.OF,小基金公司,小基金公司,小基金公司,小基金公司,小基金公司,小基金公司,稳定小基金公司
939,016925.OF,小基金公司,小基金公司,小基金公司,小基金公司,小基金公司,小基金公司,稳定小基金公司
940,016928.OF,小基金公司,小基金公司,小基金公司,小基金公司,小基金公司,小基金公司,稳定小基金公司
941,016947.OF,小基金公司,小基金公司,小基金公司,小基金公司,小基金公司,小基金公司,稳定小基金公司
942,016951.OF,小基金公司,小基金公司,小基金公司,小基金公司,小基金公司,小基金公司,稳定小基金公司
943,016955.OF,小基金公司,小基金公司,小基金公司,小基金公司,小基金公司,小基金公司,稳定小基金公司
944,017006.OF,小基金公司,小基金公司,小基金公司,小基金公司,小基金公司,小基金公司,稳定小基金公司
945,017024.OF,小基金公司,小基金公司,小基金公司,小基金公司,小基金公司,小基金公司,稳定小基金公司
946,017129.OF,小基金公司,小基金公司,小基金公司,小基金公司,小基金公司,小基金公司,稳定小基金公司
947,017137.OF,小基金公司,小基金公司,小基金公司,小基金公司,小基金公司,小基金公司,稳定小基金公司
948,017201.OF,小基金公司,小基金公司,小基金公司,小基金公司,小基金公司,小基金公司,稳定小基金公司
949,017305.OF,小基金公司,小基金公司,小基金公司,小基金公司,小基金公司,小基金公司,稳定小基金公司
950,017307.OF,小基金公司,小基金公司,小基金公司,小基金公司,小基金公司,小基金公司,稳定小基金公司
951,017314.OF,小基金公司,小基金公司,小基金公司,小基金公司,小基金公司,小基金公司,稳定小基金公司
952,017328.OF,小基金公司,小基金公司,小基金公司,小基金公司,小基金公司,小基金公司,稳定小基金公司
953,017428.OF,小基金公司,小基金公司,小基金公司,小基金公司,小基金公司,小基金公司,稳定小基金公司
954,017432.OF,小基金公司,小基金公司,小基金公司,小基金公司,小基金公司,小基金公司,稳定小基金公司
955,017438.OF,小基金公司,小基金公司,小基金公司,小基金公司,小基金公司,小基金公司,稳定小基金公司
956,017500.OF,小基金公司,小基金公司,小基金公司,小基金公司,小基金公司,小基金公司,稳定小基金公司
957,017529.OF,小基金公司,小基金公司,小基金公司,小基金公司,小基金公司,小基金公司,稳定小基金公司
958,017614.OF,小基金公司,小基金公司,小基金公司,小基金公司,小基金公司,小基金公司,稳定小基金公司
959,017659.OF,小基金公司,小基金公司,小基金公司,小基金公司,小基金公司,小基金公司,稳定小基金公司
960,017671.OF,小基金公司,小基金公司,小基金公司,小基金公司,小基金公司,小基金公司,稳定小基金公司
961,017681.OF,小基金公司,小基金公司,小基金公司,小基金公司,小基金公司,小基金公司,稳定小基金公司
962,017687.OF,小基金公司,小基金公司,小基金公司,小基金公司,小基金公司,小基金公司,稳定小基金公司
963,017695.OF,小基金公司,小基金公司,小基金公司,小基金公司,小基金公司,小基金公司,稳定小基金公司
964,017777.OF,小基金公司,小基金公司,小基金公司,小基金公司,小基金公司,小基金公司,稳定小基金公司
965,017812.OF,小基金公司,小基金公司,小基金公司,小基金公司,小基金公司,小基金公司,稳定小基金公司
966,018011.OF,小基金公司,小基金公司,小基金公司,小基金公司,小基金公司,小基金公司,稳定小基金公司
967,018085.OF,小基金公司,小基金公司,小基金公司,小基金公司,小基金公司,小基金公司,稳定小基金公司
968,018169.OF,小基金公司,小基金公司,小基金公司,小基金公司,小基金公司,小基金公司,稳定小基金公司
969,018196.OF,小基金公司,小基金公司,小基金公司,小基金公司,小基金公司,小基金公司,稳定小基金公司
970,018252.OF,小基金公司,小基金公司,小基金公司,小基金公司,小基金公司,小基金公司,稳定小基金公司
971,018256.OF,小基金公司,小基金公司,小基金公司,小基金公司,小基金公司,小基金公司,稳定小基金公司
972,018275.OF,小基金公司,小基金公司,小基金公司,小基金公司,小基金公司,小基金公司,稳定小基金公司
973,018407.OF,小基金公司,小基金公司,小基金公司,小基金公司,小基金公司,小基金公司,稳定小基金公司
974,018559.OF,小基金公司,小基金公司,小基金公司,小基金公司,小基金公司,小基金公司,稳定小基金公司
975,018584.OF,小基金公司,小基金公司,小基金公司,小基金公司,小基金公司,小基金公司,稳定小基金公司
976,018666.OF,小基金公司,小基金公司,小基金公司,小基金公司,小基金公司,小基金公司,稳定小基金公司
977,040040.OF,小基金公司,小基金公司,小基金公司,小基金公司,小基金公司,小基金公司,稳定小基金公司
978,040045.OF,小基金公司,小基金公司,小基金公司,小基金公司,小基金公司,小基金公司,稳定小基金公司
979,050027.OF,小基金公司,小基金公司,小基金公司,小基金公司,小基金公司,小基金公司,稳定小基金公司
980,050106.OF,小基金公司,小基金公司,小基金公司,小基金公司,小基金公司,小基金公司,稳定小基金公司
981,070005.OF,小基金公司,小基金公司,小基金公司,小基金公司,小基金公司,小基金公司,稳定小基金公司
982,070025.OF,小基金公司,小基金公司,小基金公司,小基金公司,小基金公司,小基金公司,稳定小基金公司
983,070037.OF,小基金公司,小基金公司,小基金公司,小基金公司,小基金公司,小基金公司,稳定小基金公司
984,090021.OF,小基金公司,小基金公司,小基金公司,小基金公司,小基金公司,小基金公司,稳定小基金公司
985,100018.OF,小基金公司,小基金公司,小基金公司,小基金公司,小基金公司,小基金公司,稳定小基金公司
986,100058.OF,小基金公司,小基金公司,小基金公司,小基金公司,小基金公司,小基金公司,稳定小基金公司
987,100066.OF,小基金公司,小基金公司,小基金公司,小基金公司,小基金公司,小基金公司,稳定小基金公司
988,100072.OF,小基金公司,小基金公司,小基金公司,小基金公司,小基金公司,小基金公司,稳定小基金公司
989,110035.OF,小基金公司,小基金公司,小基金公司,小基金公司,小基金公司,小基金公司,稳定小基金公司
990,110051.OF,小基金公司,小基金公司,小基金公司,小基金公司,小基金公司,小基金公司,稳定小基金公司
991,110053.OF,小基金公司,小基金公司,小基金公司,小基金公司,小基金公司,小基金公司,稳定小基金公司
992,160602.OF,小基金公司,小基金公司,小基金公司,小基金公司,小基金公司,小基金公司,稳定小基金公司
993,202103.OF,小基金公司,小基金公司,小基金公司,小基金公司,小基金公司,小基金公司,稳定小基金公司
994,202108.OF,小基金公司,小基金公司,小基金公司,小基金公司,小基金公司,小基金公司,稳定小基金公司
995,217003.OF,小基金公司,小基金公司,小基金公司,小基金公司,小基金公司,小基金公司,稳定小基金公司
996,217022.OF,小基金公司,小基金公司,小基金公司,小基金公司,小基金公司,小基金公司,稳定小基金公司
997,261001.OF,小基金公司,小基金公司,小基金公司,小基金公司,小基金公司,小基金公司,稳定小基金公司
998,270043.OF,小基金公司,小基金公司,小基金公司,小基金公司,小基金公司,小基金公司,稳定小基金公司
999,270048.OF,小基金公司,小基金公司,小基金公司,小基金公司,小基金公司,小基金公司,稳定小基金公司
