,thscode,总排名,ths_fund_short_name_fund,ths_fund_manager_current_fund,ths_invest_type_second_classi_fund,bigcompany,Duration,lever,bondtype,是否为定开
0,007167.OF,0,华安安和债券A,康钊,中长期纯债券型基金,稳定小基金公司,轮动基金,轮动基金,稳定信用债,0.0
1,003265.OF,1,招商招坤纯债A,郭敏,中长期纯债券型基金,稳定大基金公司,轮动基金,轮动基金,稳定信用债,0.0
2,002929.OF,2,博时聚盈纯债债券,于渤洋,中长期纯债券型基金,稳定大基金公司,轮动基金,轮动基金,稳定信用债,0.0
3,000516.OF,3,富国祥利一年期定期开放债券型A,黄纪亮,中长期纯债券型基金,稳定大基金公司,稳定长,轮动基金,稳定信用债,0.0
4,007958.OF,4,华泰柏瑞益通三个月定开债,罗远航,中长期纯债券型基金,稳定小基金公司,轮动基金,轮动基金,稳定信用债,1.0
5,007105.OF,5,国泰丰鑫纯债债券,刘嵩扬,中长期纯债券型基金,稳定小基金公司,轮动基金,轮动基金,稳定信用债,0.0
6,003859.OF,6,招商招旭纯债A,郭敏,中长期纯债券型基金,稳定大基金公司,轮动基金,轮动基金,稳定信用债,0.0
7,005853.OF,7,财通聚利债券,罗晓倩,中长期纯债券型基金,稳定小基金公司,轮动基金,轮动基金,稳定信用债,0.0
8,008207.OF,8,国泰合融纯债债券A,"刘嵩扬,魏伟",中长期纯债券型基金,稳定小基金公司,轮动基金,轮动基金,稳定信用债,0.0
9,007997.OF,9,易方达年年恒秋纯债一年定期开放债券A,李一硕,中长期纯债券型基金,稳定小基金公司,轮动基金,稳定大,稳定信用债,0.0
10,007870.OF,10,鹏华尊信3个月定开发起式债券,杜培俊,中长期纯债券型基金,稳定小基金公司,轮动基金,轮动基金,稳定信用债,1.0
11,003102.OF,11,长盛盛裕纯债A,王贵君,中长期纯债券型基金,稳定大基金公司,轮动基金,轮动基金,轮动基金,0.0
12,006929.OF,12,博时富融纯债债券,王帅,中长期纯债券型基金,稳定小基金公司,轮动基金,轮动基金,稳定信用债,0.0
13,519782.OF,13,交银裕隆纯债债券A,黄莹洁,中长期纯债券型基金,稳定大基金公司,轮动基金,稳定中,稳定信用债,0.0
14,007828.OF,14,创金合信信用红利债券A,"张贺章,郑振源,谢创",混合债券型基金(一级),稳定小基金公司,轮动基金,轮动基金,稳定信用债,0.0
15,008383.OF,15,招商安心收益债券A,马龙,混合债券型基金(一级),稳定小基金公司,轮动基金,轮动基金,,0.0
16,004322.OF,16,创金尊隆纯债A,郑振源,混合债券型基金(一级),稳定小基金公司,轮动基金,轮动基金,稳定信用债,0.0
17,003209.OF,17,鹏华丰达债券,杜培俊,中长期纯债券型基金,稳定大基金公司,轮动基金,轮动基金,稳定信用债,0.0
18,006045.OF,18,长城久瑞三个月定期开放债券发起式,"张棪,吴冰燕",中长期纯债券型基金,稳定小基金公司,轮动基金,轮动基金,稳定信用债,0.0
19,005712.OF,19,兴全祥泰定期开放债券,"石广翔,王健,翟秀华",中长期纯债券型基金,稳定小基金公司,轮动基金,稳定大,稳定信用债,0.0
20,006850.OF,20,永赢颐利债券,谢越,中长期纯债券型基金,稳定小基金公司,轮动基金,轮动基金,稳定信用债,0.0
21,530021.OF,21,建信纯债A,"黎颖芳,彭紫云",中长期纯债券型基金,稳定大基金公司,轮动基金,轮动基金,稳定信用债,0.0
22,009252.OF,22,蜂巢添元纯债A,金之洁,中长期纯债券型基金,稳定小基金公司,轮动基金,轮动基金,稳定信用债,0.0
23,006626.OF,23,山证超短债基金A,"缪佳,刘凌云",短期纯债券型基金,稳定小基金公司,稳定短,轮动基金,稳定信用债,0.0
24,008774.OF,24,招商鑫福中短债A,李家辉,短期纯债券型基金,稳定小基金公司,轮动基金,轮动基金,稳定信用债,0.0
25,008746.OF,25,财通多利债券A,"闫梦璇,罗晓倩",中长期纯债券型基金,稳定小基金公司,稳定短,轮动基金,稳定信用债,0.0
26,005719.OF,26,招商招诚半年定开债发起式,李家辉,中长期纯债券型基金,稳定小基金公司,轮动基金,轮动基金,稳定信用债,1.0
27,000037.OF,27,广发景宁纯债A,宋倩倩,中长期纯债券型基金,稳定大基金公司,轮动基金,轮动基金,稳定信用债,0.0
28,001993.OF,28,博时裕泰纯债债券,李汉楠,中长期纯债券型基金,稳定大基金公司,轮动基金,轮动基金,稳定信用债,0.0
29,006985.OF,29,兴全恒裕债券A,王帅,混合债券型基金(一级),稳定小基金公司,轮动基金,轮动基金,稳定信用债,0.0
30,006405.OF,30,华富恒盛纯债债券A,倪莉莎,中长期纯债券型基金,稳定小基金公司,轮动基金,轮动基金,稳定信用债,0.0
31,005754.OF,31,平安短债A,欧阳亮,短期纯债券型基金,稳定小基金公司,稳定短,轮动基金,稳定信用债,0.0
32,010048.OF,32,平安短债I,欧阳亮,短期纯债券型基金,稳定小基金公司,稳定短,轮动基金,,0.0
33,007525.OF,33,易方达年年恒夏纯债A,李一硕,中长期纯债券型基金,稳定小基金公司,轮动基金,稳定大,稳定信用债,0.0
34,007175.OF,34,国联聚通定期开放债券,"王玥,石霄蒙",中长期纯债券型基金,稳定小基金公司,稳定长,轮动基金,稳定信用债,0.0
35,519746.OF,35,交银丰享收益债券A,黄莹洁,中长期纯债券型基金,稳定大基金公司,轮动基金,轮动基金,,0.0
36,006066.OF,36,中加颐睿纯债债券A,于跃,中长期纯债券型基金,稳定小基金公司,稳定中,轮动基金,稳定信用债,0.0
37,006151.OF,37,南方交元债券,"陈霜阳,李璇",中长期纯债券型基金,稳定小基金公司,轮动基金,轮动基金,稳定信用债,0.0
38,001819.OF,38,兴全稳益定开债券,"翟秀华,王健,石广翔",中长期纯债券型基金,稳定大基金公司,轮动基金,稳定大,稳定信用债,1.0
39,006629.OF,39,招商鑫悦中短债A,郭敏,短期纯债券型基金,稳定小基金公司,稳定短,轮动基金,稳定信用债,0.0
40,007529.OF,40,嘉实汇鑫中短债债券A,"赵国英,王立芹",短期纯债券型基金,稳定小基金公司,轮动基金,轮动基金,轮动基金,0.0
41,006965.OF,41,财通安瑞短债债券A,"罗晓倩,闫梦璇",短期纯债券型基金,稳定小基金公司,稳定短,轮动基金,稳定信用债,0.0
42,007744.OF,42,长盛安逸纯债债券A,王贵君,中长期纯债券型基金,稳定小基金公司,轮动基金,轮动基金,稳定信用债,0.0
43,003155.OF,43,中加丰尚纯债债券A,王霈,中长期纯债券型基金,稳定大基金公司,轮动基金,轮动基金,稳定信用债,0.0
44,008646.OF,44,天弘增利短债A,"王昌俊,王顺利",短期纯债券型基金,稳定小基金公司,稳定短,轮动基金,稳定信用债,0.0
45,008204.OF,45,交银稳利中短债债券A,黄莹洁,短期纯债券型基金,稳定小基金公司,轮动基金,轮动基金,稳定信用债,0.0
46,007017.OF,46,平安如意中短债A,"张文平,张璐",短期纯债券型基金,稳定小基金公司,轮动基金,轮动基金,稳定信用债,0.0
47,003547.OF,47,鹏华丰禄债券,刘涛,中长期纯债券型基金,稳定大基金公司,轮动基金,轮动基金,轮动基金,0.0
48,004920.OF,48,富国泓利纯债债券型发起式A,武磊,中长期纯债券型基金,稳定小基金公司,轮动基金,轮动基金,稳定信用债,0.0
49,009289.OF,49,富国长江经济带纯债债券,"吕春杰,张洋",中长期纯债券型基金,稳定小基金公司,轮动基金,轮动基金,稳定信用债,0.0
50,004919.OF,50,兴全兴泰债券,"王帅,田志祥,季伟杰",中长期纯债券型基金,稳定小基金公司,轮动基金,稳定大,稳定信用债,0.0
51,005307.OF,51,财通资管鸿达纯债债券A,"王珊,陈希希",中长期纯债券型基金,稳定小基金公司,稳定短,轮动基金,稳定信用债,0.0
52,519322.OF,52,浦银安盛盛元定开债券A,章潇枫,中长期纯债券型基金,稳定大基金公司,轮动基金,轮动基金,稳定信用债,1.0
53,650001.OF,53,英大纯债债券A,"张大铮,张婧珣,易祺坤",混合债券型基金(一级),稳定大基金公司,轮动基金,轮动基金,稳定信用债,0.0
54,100072.OF,54,富国强回报定期开放债券A,黄纪亮,中长期纯债券型基金,稳定小基金公司,轮动基金,轮动基金,稳定信用债,0.0
55,006597.OF,55,国泰利享中短债债券A,"陶然,丁士恒",短期纯债券型基金,稳定小基金公司,稳定短,轮动基金,稳定信用债,0.0
56,000914.OF,56,中加纯债债券,闫沛贤,中长期纯债券型基金,稳定大基金公司,轮动基金,轮动基金,稳定信用债,0.0
57,007537.OF,57,景顺长城景泰盈利纯债债券,彭成军,中长期纯债券型基金,稳定小基金公司,轮动基金,轮动基金,稳定信用债,0.0
58,005791.OF,58,华夏鼎福三个月定开债券A,孙蕾,中长期纯债券型基金,稳定小基金公司,轮动基金,轮动基金,稳定信用债,1.0
59,007427.OF,59,永赢凯利债券,"杨凡颖,张雪",中长期纯债券型基金,稳定小基金公司,轮动基金,轮动基金,稳定信用债,0.0
60,003863.OF,60,招商招祥纯债A,"马龙,王梓林",中长期纯债券型基金,稳定大基金公司,稳定长,稳定中,稳定信用债,0.0
61,000931.OF,61,国寿安保尊益信用纯债债券,"陶尹斌,丁宇佳",混合债券型基金(一级),稳定大基金公司,轮动基金,轮动基金,稳定信用债,0.0
62,003983.OF,62,鹏华丰惠债券,杜培俊,中长期纯债券型基金,稳定大基金公司,轮动基金,轮动基金,稳定信用债,0.0
63,008857.OF,63,华夏鼎航债券A,孙蕾,中长期纯债券型基金,稳定小基金公司,轮动基金,轮动基金,稳定信用债,0.0
64,003289.OF,64,创金合信尊泰纯债,郑振源,混合债券型基金(一级),稳定大基金公司,轮动基金,轮动基金,稳定信用债,0.0
65,009356.OF,65,博时季季乐持有期债券A,"李更,倪玉娟",短期纯债券型基金,稳定小基金公司,轮动基金,轮动基金,稳定信用债,0.0
66,009655.OF,66,工银尊益中短债债券A,谷衡,短期纯债券型基金,稳定小基金公司,轮动基金,轮动基金,,0.0
67,000355.OF,67,南方丰元信用增强债券A,李璇,混合债券型基金(一级),稳定大基金公司,轮动基金,轮动基金,稳定信用债,0.0
68,006953.OF,68,华安安业债券A,康钊,中长期纯债券型基金,稳定小基金公司,轮动基金,轮动基金,稳定信用债,0.0
69,007542.OF,69,永赢开泰中高等级中短债A,卢绮婷,短期纯债券型基金,稳定小基金公司,轮动基金,轮动基金,稳定信用债,0.0
70,007373.OF,70,永赢卓利债券,"张雪,杨凡颖",中长期纯债券型基金,稳定小基金公司,轮动基金,轮动基金,稳定信用债,0.0
71,003949.OF,71,兴全稳泰债券A,王帅,中长期纯债券型基金,稳定大基金公司,稳定长,轮动基金,稳定信用债,0.0
72,004736.OF,72,富国鼎利纯债三个月定开债,武磊,中长期纯债券型基金,稳定小基金公司,轮动基金,轮动基金,稳定信用债,1.0
73,531028.OF,73,建信短债债券A,"陈建良,李星佑,吴沛文",短期纯债券型基金,稳定大基金公司,稳定短,轮动基金,,0.0
74,270048.OF,74,广发纯债债券A,宋倩倩,中长期纯债券型基金,稳定小基金公司,轮动基金,轮动基金,稳定信用债,0.0
75,003640.OF,75,兴业裕丰债券,冯小波,中长期纯债券型基金,稳定大基金公司,轮动基金,轮动基金,稳定信用债,0.0
76,002927.OF,76,长盛盛和纯债A,王贵君,中长期纯债券型基金,稳定大基金公司,轮动基金,轮动基金,稳定信用债,0.0
77,006707.OF,77,永赢宏益债券A,谢越,中长期纯债券型基金,稳定小基金公司,稳定长,轮动基金,稳定信用债,0.0
78,000783.OF,78,博时季季享三个月持有期债券A,"于渤洋,黄海峰",短期纯债券型基金,稳定大基金公司,稳定短,轮动基金,稳定信用债,0.0
79,006824.OF,79,创金合信鑫日享短债债券A,"闫一帆,谢创,张贺章",混合债券型基金(一级),稳定小基金公司,稳定短,轮动基金,轮动基金,0.0
80,009271.OF,80,博时信用优选债券A,于渤洋,中长期纯债券型基金,稳定小基金公司,轮动基金,轮动基金,稳定信用债,0.0
81,007985.OF,81,博时富悦纯债A,王帅,中长期纯债券型基金,稳定小基金公司,轮动基金,轮动基金,稳定信用债,0.0
82,007616.OF,82,富国投资级信用债A,"黄纪亮,朱梦娜",中长期纯债券型基金,稳定小基金公司,轮动基金,轮动基金,稳定信用债,0.0
83,007213.OF,83,华安安平定开,康钊,中长期纯债券型基金,稳定小基金公司,轮动基金,轮动基金,稳定信用债,1.0
84,008022.OF,84,建信短债债券F,"李星佑,吴沛文,陈建良",短期纯债券型基金,稳定小基金公司,稳定短,轮动基金,,0.0
85,004601.OF,85,博时富腾纯债债券,郭思洁,中长期纯债券型基金,稳定小基金公司,轮动基金,轮动基金,稳定信用债,0.0
86,002868.OF,86,鹏华丰茂债券,杜培俊,中长期纯债券型基金,稳定大基金公司,轮动基金,轮动基金,稳定信用债,0.0
87,009580.OF,87,招商双债增强(LOF)D,刘万锋,混合债券型基金(一级),稳定小基金公司,轮动基金,轮动基金,,0.0
88,006275.OF,88,永赢聚益债券A,徐沛琳,中长期纯债券型基金,稳定小基金公司,轮动基金,轮动基金,稳定信用债,0.0
89,004978.OF,89,富国聚利纯债三个月定开债发起式,"刘瀚驰,朱梦娜",中长期纯债券型基金,稳定小基金公司,轮动基金,稳定大,稳定信用债,1.0
90,006120.OF,90,国联聚明定期开放债券,"王玥,石霄蒙",混合债券型基金(一级),稳定小基金公司,轮动基金,稳定大,稳定信用债,0.0
91,006874.OF,91,创金合信恒兴中短债债券A,"黄佳祥,郑振源,谢创",混合债券型基金(一级),稳定小基金公司,轮动基金,轮动基金,稳定信用债,0.0
92,006360.OF,92,财通资管鸿益中短债债券A,李杰,短期纯债券型基金,稳定小基金公司,稳定短,轮动基金,稳定信用债,0.0
93,006517.OF,93,南方吉元短债A,黄斌斌,短期纯债券型基金,稳定小基金公司,轮动基金,轮动基金,稳定信用债,0.0
94,007645.OF,94,平安季享裕定开债A,张文平,混合债券型基金(一级),稳定小基金公司,轮动基金,轮动基金,稳定信用债,1.0
95,007053.OF,95,平安季开鑫定开债A,张文平,中长期纯债券型基金,稳定小基金公司,轮动基金,轮动基金,稳定信用债,1.0
96,006834.OF,96,工银尊享短债债券A,王朔,短期纯债券型基金,稳定小基金公司,稳定短,轮动基金,稳定信用债,0.0
97,006332.OF,97,招商金鸿债券A,黄晓婷,中长期纯债券型基金,稳定小基金公司,轮动基金,稳定中,稳定信用债,0.0
98,001783.OF,98,兴银合盈债券A,王深,中长期纯债券型基金,稳定大基金公司,轮动基金,轮动基金,稳定信用债,0.0
99,003605.OF,99,景顺长城景泰汇利定期开放债券A,何江波,混合债券型基金(一级),稳定大基金公司,轮动基金,轮动基金,稳定信用债,0.0
100,007595.OF,100,招商添泽纯债A,康晶,中长期纯债券型基金,稳定小基金公司,轮动基金,轮动基金,稳定信用债,0.0
101,007513.OF,101,博时富丰3个月定开债发起式,郭思洁,混合债券型基金(一级),稳定小基金公司,轮动基金,轮动基金,稳定信用债,1.0
102,009643.OF,102,嘉实致信一年定期纯债债券,轩璇,中长期纯债券型基金,稳定小基金公司,轮动基金,轮动基金,稳定信用债,0.0
103,000053.OF,103,鹏华永诚一年定开债券,刘涛,中长期纯债券型基金,稳定大基金公司,轮动基金,轮动基金,稳定信用债,1.0
104,003703.OF,104,博时富鑫纯债债券A,"唐薇,张李陵",中长期纯债券型基金,稳定大基金公司,稳定长,轮动基金,轮动基金,0.0
105,003280.OF,105,鹏华丰恒债券,方昶,中长期纯债券型基金,稳定大基金公司,轮动基金,轮动基金,轮动基金,0.0
106,217022.OF,106,招商产业债券A,马龙,混合债券型基金(一级),稳定小基金公司,轮动基金,稳定中,稳定信用债,0.0
107,007417.OF,107,泰康信用精选债券A,经惠云,中长期纯债券型基金,稳定小基金公司,轮动基金,轮动基金,稳定信用债,0.0
108,004061.OF,108,华夏鼎隆债券A,孙蕾,中长期纯债券型基金,稳定小基金公司,轮动基金,轮动基金,稳定信用债,0.0
109,007562.OF,109,景顺长城景泰纯利债券A,彭成军,混合债券型基金(一级),稳定小基金公司,轮动基金,轮动基金,轮动基金,0.0
110,005577.OF,110,交银丰晟收益债券A,于海颖,中长期纯债券型基金,稳定小基金公司,轮动基金,稳定中,稳定信用债,0.0
111,006884.OF,111,添富AAA级信用纯债A,杨靖,中长期纯债券型基金,稳定小基金公司,轮动基金,轮动基金,稳定信用债,0.0
112,005841.OF,112,富国尊利纯债定期开放债券型发起式,武磊,中长期纯债券型基金,稳定小基金公司,轮动基金,稳定大,稳定信用债,0.0
113,008411.OF,113,博时富信纯债债券,陈黎,中长期纯债券型基金,稳定小基金公司,轮动基金,轮动基金,轮动基金,0.0
114,006684.OF,114,富国信用债债券D,"吕春杰,陈倩,黄纪亮",中长期纯债券型基金,稳定小基金公司,稳定中,轮动基金,,0.0
115,005862.OF,115,华夏鼎禄三个月定开债券A,孙蕾,混合债券型基金(一级),稳定小基金公司,轮动基金,轮动基金,稳定信用债,1.0
116,007618.OF,116,富国投资级信用债D,"朱梦娜,黄纪亮",中长期纯债券型基金,稳定小基金公司,轮动基金,轮动基金,,0.0
117,005439.OF,117,易方达恒安定开债券发起式,李一硕,中长期纯债券型基金,稳定小基金公司,轮动基金,稳定大,稳定信用债,1.0
118,003290.OF,118,长城久稳债券A,吴冰燕,中长期纯债券型基金,稳定大基金公司,轮动基金,轮动基金,轮动基金,0.0
119,004307.OF,119,博时富元纯债债券,"王帅,李汉楠",中长期纯债券型基金,稳定小基金公司,轮动基金,轮动基金,稳定信用债,0.0
120,009343.OF,120,泰康长江经济带债券A,经惠云,中长期纯债券型基金,稳定小基金公司,轮动基金,轮动基金,稳定信用债,0.0
121,004388.OF,121,鹏华丰享债券,方昶,中长期纯债券型基金,稳定小基金公司,轮动基金,轮动基金,稳定信用债,0.0
122,002206.OF,122,博时裕康纯债,王帅,中长期纯债券型基金,稳定大基金公司,轮动基金,轮动基金,稳定信用债,0.0
123,000084.OF,123,博时安盈债券A,黄海峰,短期纯债券型基金,稳定大基金公司,轮动基金,轮动基金,稳定信用债,0.0
124,009450.OF,124,中金新辉1年,董珊珊,中长期纯债券型基金,稳定小基金公司,轮动基金,轮动基金,稳定信用债,0.0
125,006936.OF,125,华安安盛定开,康钊,中长期纯债券型基金,稳定小基金公司,稳定长,稳定大,稳定信用债,1.0
126,005666.OF,126,上银慧佳盈债券,楼昕宇,中长期纯债券型基金,稳定小基金公司,稳定长,轮动基金,稳定信用债,0.0
127,006591.OF,127,广发景明中短债A,宋倩倩,短期纯债券型基金,稳定小基金公司,轮动基金,轮动基金,稳定信用债,0.0
128,008409.OF,128,景顺长城景泰裕利纯债A,彭成军,中长期纯债券型基金,稳定小基金公司,轮动基金,轮动基金,稳定信用债,0.0
129,007930.OF,129,淳厚稳鑫债券A,江文军,混合债券型基金(一级),稳定小基金公司,轮动基金,轮动基金,稳定信用债,0.0
130,004672.OF,130,华夏短债债券A,刘明宇,短期纯债券型基金,稳定小基金公司,稳定短,轮动基金,轮动基金,0.0
131,007158.OF,131,平安合盛定开债,张璐,中长期纯债券型基金,稳定小基金公司,轮动基金,轮动基金,稳定信用债,1.0
132,007953.OF,132,平安惠文纯债,段玮婧,中长期纯债券型基金,稳定小基金公司,轮动基金,轮动基金,轮动基金,0.0
133,007347.OF,133,永赢昌利债券A,陶毅,中长期纯债券型基金,稳定小基金公司,轮动基金,稳定中,稳定信用债,0.0
134,007915.OF,134,财通资管鸿福短债债券A,"王珊,李杰",短期纯债券型基金,稳定小基金公司,稳定短,轮动基金,轮动基金,0.0
135,007220.OF,135,天弘华享三个月定开,潘昱杉,中长期纯债券型基金,稳定小基金公司,轮动基金,轮动基金,稳定信用债,1.0
136,005709.OF,136,华安鼎益债券A,郑如熙,中长期纯债券型基金,稳定小基金公司,轮动基金,轮动基金,稳定信用债,0.0
137,002169.OF,137,永赢稳益债券,陶毅,中长期纯债券型基金,稳定大基金公司,轮动基金,稳定中,稳定信用债,0.0
138,006660.OF,138,永赢昌益债券A,徐沛琳,中长期纯债券型基金,稳定小基金公司,轮动基金,轮动基金,稳定信用债,0.0
139,005879.OF,139,中加颐兴定开债券,"颜灵珊,闫沛贤",中长期纯债券型基金,稳定小基金公司,轮动基金,轮动基金,稳定信用债,1.0
140,009599.OF,140,嘉实致嘉纯债债券,轩璇,中长期纯债券型基金,稳定小基金公司,轮动基金,轮动基金,稳定信用债,0.0
141,004122.OF,141,兴银长益三个月定开债,范泰奇,中长期纯债券型基金,稳定小基金公司,轮动基金,轮动基金,稳定信用债,1.0
142,006793.OF,142,交银稳鑫短债债券A,"姬静,黄莹洁",短期纯债券型基金,稳定小基金公司,轮动基金,轮动基金,稳定信用债,0.0
143,007589.OF,143,嘉实致元42个月定期债券,王立芹,中长期纯债券型基金,稳定小基金公司,轮动基金,轮动基金,稳定信用债,0.0
144,004127.OF,144,鹏华丰康债券A,"杜培俊,应琛,祝松",中长期纯债券型基金,稳定小基金公司,轮动基金,轮动基金,稳定信用债,0.0
145,003671.OF,145,兴业裕恒债券,雷志强,中长期纯债券型基金,稳定大基金公司,稳定长,轮动基金,稳定信用债,0.0
146,007717.OF,146,工银尊享短债债券F,王朔,短期纯债券型基金,稳定小基金公司,稳定短,轮动基金,,0.0
147,006804.OF,147,富国短债债券型A,"张波,刘爱民",短期纯债券型基金,稳定小基金公司,稳定短,轮动基金,稳定信用债,0.0
148,009600.OF,148,嘉实安泽一年定期纯债债券,"赵国英,王立芹",中长期纯债券型基金,稳定小基金公司,轮动基金,轮动基金,稳定信用债,0.0
149,006970.OF,149,广发景利纯债,赵子良,中长期纯债券型基金,稳定小基金公司,稳定长,轮动基金,稳定信用债,0.0
150,202108.OF,150,南方润元纯债债券A/B,金凌志,中长期纯债券型基金,稳定小基金公司,稳定长,轮动基金,稳定信用债,0.0
151,004238.OF,151,永赢瑞益债券A,"余国豪,杨凡颖",中长期纯债券型基金,稳定小基金公司,轮动基金,轮动基金,稳定信用债,0.0
152,000090.OF,152,民生加银高等级信用债债券A,李文君,短期纯债券型基金,稳定大基金公司,稳定短,轮动基金,,0.0
153,004118.OF,153,博时裕鹏纯债债券,王帅,中长期纯债券型基金,稳定小基金公司,轮动基金,轮动基金,稳定信用债,0.0
154,009483.OF,154,鹏华普利债券A,刘涛,混合债券型基金(一级),稳定小基金公司,轮动基金,稳定中,稳定信用债,0.0
155,519137.OF,155,海富通瑞福债券A,"方昆明,张靖爽",混合债券型基金(一级),稳定大基金公司,轮动基金,轮动基金,稳定信用债,0.0
156,008587.OF,156,淳厚中短债A,"祁洁萍,江文军",短期纯债券型基金,稳定小基金公司,轮动基金,轮动基金,稳定信用债,0.0
157,000402.OF,157,工银纯债债券A,"张略钊,谷衡",中长期纯债券型基金,稳定大基金公司,稳定长,轮动基金,稳定信用债,0.0
158,006852.OF,158,永赢迅利中高等级短债A,卢绮婷,短期纯债券型基金,稳定小基金公司,稳定短,稳定中,稳定信用债,0.0
159,000943.OF,159,工银中高等级信用债债券A,陈桂都,中长期纯债券型基金,稳定大基金公司,轮动基金,轮动基金,稳定信用债,0.0
160,001619.OF,160,兴银汇福定开债,范泰奇,中长期纯债券型基金,稳定大基金公司,轮动基金,轮动基金,稳定信用债,1.0
161,000191.OF,161,富国信用债债券A/B,"黄纪亮,吕春杰,陈倩",中长期纯债券型基金,稳定大基金公司,稳定中,轮动基金,稳定信用债,0.0
162,007374.OF,162,永赢淳利债券,徐沛琳,中长期纯债券型基金,稳定小基金公司,轮动基金,轮动基金,稳定信用债,0.0
163,008568.OF,163,蜂巢丰业一年定开,"廖新昌,金之洁",中长期纯债券型基金,稳定小基金公司,轮动基金,轮动基金,稳定信用债,1.0
164,006489.OF,164,招商添裕纯债A,"向霈,马龙",中长期纯债券型基金,稳定小基金公司,轮动基金,稳定小,稳定信用债,0.0
165,007321.OF,165,鹏华金利债券,邓明明,中长期纯债券型基金,稳定小基金公司,轮动基金,轮动基金,稳定信用债,0.0
166,006995.OF,166,南方惠利6个月定开债券A,金凌志,中长期纯债券型基金,稳定小基金公司,轮动基金,轮动基金,稳定信用债,1.0
167,005383.OF,167,富国绿色纯债一年定开债券,朱梦娜,中长期纯债券型基金,稳定小基金公司,轮动基金,轮动基金,稳定信用债,1.0
168,001299.OF,168,兴业添利债券,"伍方方,周鸣",中长期纯债券型基金,稳定大基金公司,轮动基金,轮动基金,稳定信用债,0.0
169,005369.OF,169,富国臻利纯债定期开放债券型发起式,武磊,中长期纯债券型基金,稳定小基金公司,轮动基金,稳定大,稳定信用债,0.0
170,005432.OF,170,上银聚鸿益三个月定开债券发起式,"蔡唯峰,许佳",中长期纯债券型基金,稳定小基金公司,轮动基金,轮动基金,稳定信用债,1.0
171,006806.OF,171,西部利得添盈短债债券A,刘心峰,短期纯债券型基金,稳定小基金公司,稳定短,稳定小,稳定信用债,0.0
172,006668.OF,172,华夏中短债债券A,刘明宇,短期纯债券型基金,稳定小基金公司,轮动基金,稳定大,稳定信用债,0.0
173,009001.OF,173,长城泰利债券A,"张棪,吴冰燕",中长期纯债券型基金,稳定小基金公司,轮动基金,轮动基金,稳定信用债,0.0
174,004705.OF,174,南方祥元A,黄斌斌,中长期纯债券型基金,稳定小基金公司,轮动基金,轮动基金,稳定信用债,0.0
175,007754.OF,175,上银慧永利中短期债券A,葛沁沁,短期纯债券型基金,稳定小基金公司,轮动基金,轮动基金,稳定信用债,0.0
176,006829.OF,176,鹏扬利沣短债A,"陈钟闻,王黎骁",短期纯债券型基金,稳定小基金公司,稳定短,轮动基金,轮动基金,0.0
177,008497.OF,177,鹏扬浦利中短债A,陈钟闻,短期纯债券型基金,稳定小基金公司,轮动基金,轮动基金,稳定信用债,0.0
178,000469.OF,178,富国目标齐利一年期纯债债券,"张洋,黄纪亮",中长期纯债券型基金,稳定大基金公司,轮动基金,轮动基金,稳定信用债,0.0
179,006998.OF,179,广发景兴中短债A,宋倩倩,短期纯债券型基金,稳定小基金公司,轮动基金,轮动基金,稳定信用债,0.0
180,006107.OF,180,招商添利6个月定开债发起式A,"刘万锋,康晶",中长期纯债券型基金,稳定小基金公司,轮动基金,轮动基金,稳定信用债,1.0
181,004637.OF,181,华夏鼎兴债券A,孙蕾,中长期纯债券型基金,稳定小基金公司,轮动基金,轮动基金,稳定信用债,0.0
182,040040.OF,182,华安纯债债券A,郑如熙,中长期纯债券型基金,稳定小基金公司,轮动基金,轮动基金,轮动基金,0.0
183,110053.OF,183,易方达安源中短债债券A,李一硕,短期纯债券型基金,稳定小基金公司,稳定短,轮动基金,,0.0
184,006740.OF,184,工银尊利中短债债券A,张略钊,短期纯债券型基金,稳定小基金公司,轮动基金,轮动基金,稳定信用债,0.0
185,007295.OF,185,天弘安益A,"程仕湘,赵鼎龙",中长期纯债券型基金,稳定小基金公司,轮动基金,轮动基金,稳定信用债,0.0
186,004200.OF,186,博时富瑞纯债债券A,倪玉娟,中长期纯债券型基金,稳定小基金公司,轮动基金,轮动基金,稳定信用债,0.0
187,007996.OF,187,博时富顺纯债债券,陈黎,中长期纯债券型基金,稳定小基金公司,轮动基金,轮动基金,轮动基金,0.0
188,005525.OF,188,工银瑞祥定开发起式债券,"赵建,李娜",混合债券型基金(一级),稳定小基金公司,轮动基金,轮动基金,稳定信用债,1.0
189,007515.OF,189,鹏华稳利短债A,"王康佳,叶朝明",短期纯债券型基金,稳定小基金公司,轮动基金,轮动基金,稳定信用债,0.0
190,006411.OF,190,中加颐智纯债债券,王霈,中长期纯债券型基金,稳定小基金公司,轮动基金,轮动基金,轮动基金,0.0
191,003847.OF,191,华安鼎丰债券发起式A,"李邦长,康钊,郑如熙",中长期纯债券型基金,稳定大基金公司,轮动基金,轮动基金,稳定信用债,0.0
192,004027.OF,192,广发景源纯债A,"刘志辉,方抗",中长期纯债券型基金,稳定小基金公司,轮动基金,轮动基金,稳定信用债,0.0
193,004923.OF,193,华夏鼎祥三个月定期开放债券A,孙蕾,中长期纯债券型基金,稳定小基金公司,轮动基金,轮动基金,稳定信用债,0.0
194,002864.OF,194,广发安泽短债A,刘志辉,短期纯债券型基金,稳定大基金公司,轮动基金,轮动基金,稳定信用债,0.0
195,009082.OF,195,华夏鼎佳债券A,张海静,中长期纯债券型基金,稳定小基金公司,轮动基金,轮动基金,稳定信用债,0.0
196,006076.OF,196,创金合信恒利超短债债券A,"谢创,吕沂洋,郑振源",混合债券型基金(一级),稳定小基金公司,轮动基金,轮动基金,稳定信用债,0.0
197,519762.OF,197,交银裕通纯债债券A,季参平,中长期纯债券型基金,稳定大基金公司,轮动基金,稳定大,稳定信用债,0.0
198,006319.OF,198,易方达安瑞短债债券A,"王晓晨,石大怿",短期纯债券型基金,稳定小基金公司,稳定短,轮动基金,稳定信用债,0.0
199,005435.OF,199,国投瑞银顺银债券,李鸥,中长期纯债券型基金,稳定小基金公司,轮动基金,轮动基金,稳定信用债,0.0
200,004797.OF,200,国寿安保安盛纯债3个月定开债券发起式,"卢珊,黄力",中长期纯债券型基金,稳定小基金公司,轮动基金,轮动基金,稳定信用债,1.0
201,007544.OF,201,鹏华尊晟定期开放发起式债券,应琛,中长期纯债券型基金,稳定小基金公司,轮动基金,轮动基金,稳定信用债,0.0
202,007888.OF,202,农银金盈债券,郭振宇,中长期纯债券型基金,稳定小基金公司,轮动基金,轮动基金,稳定信用债,0.0
203,005740.OF,203,易方达恒信定开债券发起式,胡剑,中长期纯债券型基金,稳定小基金公司,轮动基金,轮动基金,稳定信用债,1.0
204,004438.OF,204,鹏华永安定期开放债券,邓明明,中长期纯债券型基金,稳定小基金公司,轮动基金,轮动基金,稳定信用债,0.0
205,009041.OF,205,浦银安盛普天纯债债券A,陶祺,中长期纯债券型基金,稳定小基金公司,轮动基金,轮动基金,轮动基金,0.0
206,007935.OF,206,平安惠澜纯债A,张文平,中长期纯债券型基金,稳定小基金公司,轮动基金,轮动基金,稳定信用债,0.0
207,005171.OF,207,富国景利纯债债券,"朱梦娜,陈倩",中长期纯债券型基金,稳定小基金公司,轮动基金,轮动基金,稳定信用债,0.0
208,001246.OF,208,兴银长乐定开债,"范泰奇,陶国峰,王深",中长期纯债券型基金,稳定大基金公司,轮动基金,稳定大,稳定信用债,1.0
209,005842.OF,209,海富通弘丰定开债券,"陈轶平,方昆明",中长期纯债券型基金,稳定小基金公司,轮动基金,轮动基金,稳定信用债,1.0
210,007603.OF,210,景顺长城中短债债券A类,彭成军,短期纯债券型基金,稳定小基金公司,轮动基金,轮动基金,稳定信用债,0.0
211,006570.OF,211,中金金元A,"董珊珊,闫雯雯",混合债券型基金(一级),稳定小基金公司,轮动基金,轮动基金,稳定信用债,0.0
212,007716.OF,212,嘉实致华纯债债券,王立芹,中长期纯债券型基金,稳定小基金公司,稳定长,轮动基金,稳定信用债,0.0
213,005710.OF,213,兴业嘉润3个月定开债券发起式,雷志强,中长期纯债券型基金,稳定小基金公司,稳定长,轮动基金,稳定信用债,1.0
214,160602.OF,214,鹏华普天债券A,刘涛,混合债券型基金(一级),稳定小基金公司,轮动基金,轮动基金,稳定信用债,0.0
215,006901.OF,215,上银慧祥利债券A,许佳,中长期纯债券型基金,稳定小基金公司,轮动基金,轮动基金,稳定信用债,0.0
216,007121.OF,216,中加裕盈纯债债券,王霈,中长期纯债券型基金,稳定小基金公司,轮动基金,轮动基金,稳定信用债,0.0
217,000254.OF,217,长城定期开放债券A,张棪,混合债券型基金(一级),稳定大基金公司,轮动基金,轮动基金,稳定信用债,0.0
218,003258.OF,218,博时富祥纯债债券A,陈黎,中长期纯债券型基金,稳定大基金公司,轮动基金,轮动基金,轮动基金,0.0
219,006436.OF,219,浦银中短债A,曹治国,短期纯债券型基金,稳定小基金公司,轮动基金,轮动基金,稳定信用债,0.0
220,007659.OF,220,博时富汇3个月定开债发起式,何平,中长期纯债券型基金,稳定小基金公司,轮动基金,轮动基金,稳定信用债,1.0
221,006683.OF,221,富国国有企业债债券D,张波,中长期纯债券型基金,稳定小基金公司,稳定短,轮动基金,,0.0
222,000139.OF,222,富国国有企业债债券A/B,张波,中长期纯债券型基金,稳定大基金公司,稳定短,轮动基金,稳定信用债,0.0
223,009294.OF,223,嘉实致益纯债债券,王立芹,中长期纯债券型基金,稳定小基金公司,轮动基金,轮动基金,稳定信用债,0.0
224,005736.OF,224,中欧兴华债券,"洪慧梅,周锦程,LI TONG",中长期纯债券型基金,稳定小基金公司,轮动基金,轮动基金,稳定信用债,0.0
225,006984.OF,225,兴全恒瑞定开债券发起式,"张睿,季伟杰",中长期纯债券型基金,稳定小基金公司,轮动基金,稳定大,稳定信用债,1.0
226,008170.OF,226,博时富添纯债债券A,倪玉娟,中长期纯债券型基金,稳定小基金公司,轮动基金,轮动基金,稳定信用债,0.0
227,004052.OF,227,华夏鼎智债券A,孙蕾,中长期纯债券型基金,稳定小基金公司,稳定短,轮动基金,稳定信用债,0.0
228,004141.OF,228,兴业瑞丰6个月定开债券,冯小波,中长期纯债券型基金,稳定小基金公司,轮动基金,轮动基金,稳定信用债,1.0
229,008558.OF,229,永赢邦利债券A,"谢越,吴玮",中长期纯债券型基金,稳定小基金公司,轮动基金,轮动基金,稳定信用债,0.0
230,003193.OF,230,创金合信尊智纯债A,郑振源,混合债券型基金(一级),稳定大基金公司,轮动基金,轮动基金,稳定信用债,0.0
231,005388.OF,231,兴业安弘3个月定开债券发起式,刘禹含,中长期纯债券型基金,稳定小基金公司,轮动基金,轮动基金,稳定信用债,1.0
232,006885.OF,232,添富AAA级信用纯债C,杨靖,中长期纯债券型基金,稳定小基金公司,轮动基金,轮动基金,,0.0
233,100058.OF,233,富国产业债A,"黄纪亮,武磊",混合债券型基金(一级),稳定小基金公司,轮动基金,轮动基金,稳定信用债,0.0
234,519718.OF,234,交银纯债债券A/B,"于海颖,魏玉敏",中长期纯债券型基金,稳定大基金公司,稳定中,稳定中,稳定信用债,0.0
235,004614.OF,235,鹏扬利泽债券A,"焦翠,陈钟闻",短期纯债券型基金,稳定小基金公司,轮动基金,轮动基金,轮动基金,0.0
236,100066.OF,236,富国纯债债券发起式A/B,"吕春杰,张洋",中长期纯债券型基金,稳定小基金公司,轮动基金,轮动基金,稳定信用债,0.0
237,005124.OF,237,易方达恒益定开债券发起式,胡剑,中长期纯债券型基金,稳定小基金公司,轮动基金,轮动基金,稳定信用债,1.0
238,007762.OF,238,富国天盈债券(LOF)A,俞晓斌,混合债券型基金(一级),稳定小基金公司,轮动基金,轮动基金,,0.0
239,008465.OF,239,蜂巢添益纯债A,金之洁,中长期纯债券型基金,稳定小基金公司,轮动基金,轮动基金,稳定信用债,0.0
240,002301.OF,240,兴业短债债券A,刘禹含,短期纯债券型基金,稳定大基金公司,稳定短,轮动基金,稳定信用债,0.0
241,006635.OF,241,永赢伟益债券,章成,中长期纯债券型基金,稳定小基金公司,轮动基金,轮动基金,稳定信用债,0.0
242,006797.OF,242,嘉实中短债债券A,李金灿,短期纯债券型基金,稳定小基金公司,轮动基金,轮动基金,稳定信用债,0.0
243,004042.OF,243,华夏鼎茂债券A,刘明宇,中长期纯债券型基金,稳定小基金公司,稳定长,轮动基金,轮动基金,0.0
244,006776.OF,244,华夏鼎略债券A,孙蕾,中长期纯债券型基金,稳定小基金公司,轮动基金,轮动基金,稳定信用债,0.0
245,003662.OF,245,鹏华永盛定期开放债券,"祝松,杜培俊,应琛",混合债券型基金(一级),稳定大基金公司,轮动基金,轮动基金,稳定信用债,0.0
246,008266.OF,246,华夏鼎明债券A,孙蕾,中长期纯债券型基金,稳定小基金公司,轮动基金,轮动基金,稳定信用债,0.0
247,005590.OF,247,添富鑫永定开债A,胡娜,混合债券型基金(一级),稳定小基金公司,轮动基金,轮动基金,稳定信用债,1.0
248,009257.OF,248,工银尊利中短债债券F,张略钊,短期纯债券型基金,稳定小基金公司,轮动基金,轮动基金,,0.0
249,003809.OF,249,招商招顺纯债A,刘万锋,中长期纯债券型基金,稳定大基金公司,轮动基金,轮动基金,稳定信用债,0.0
250,003223.OF,250,广发景丰纯债,吴迪,中长期纯债券型基金,稳定大基金公司,轮动基金,轮动基金,,0.0
251,160128.SZ,251,南方金利定开债券A,李璇,中长期纯债券型基金,稳定大基金公司,轮动基金,轮动基金,稳定信用债,1.0
252,002268.OF,252,兴业丰利债券,伍方方,中长期纯债券型基金,稳定大基金公司,稳定长,轮动基金,稳定信用债,0.0
253,006919.OF,253,国寿安保泰和纯债债券,丁宇佳,混合债券型基金(一级),稳定小基金公司,轮动基金,轮动基金,稳定信用债,0.0
254,005898.OF,254,浦银安盛盛泽定开债券,陶祺,中长期纯债券型基金,稳定小基金公司,轮动基金,轮动基金,稳定信用债,1.0
255,003445.OF,255,中加丰享纯债债券,王霈,中长期纯债券型基金,稳定大基金公司,轮动基金,轮动基金,稳定信用债,0.0
256,005419.OF,256,中欧聚瑞债券A,"周锦程,LI TONG",混合债券型基金(一级),稳定小基金公司,稳定中,轮动基金,稳定信用债,0.0
257,005670.OF,257,嘉实致兴定期纯债债券,"王立芹,赵国英",中长期纯债券型基金,稳定小基金公司,稳定长,轮动基金,稳定信用债,0.0
258,004499.OF,258,鹏华丰瑞债券,刘涛,中长期纯债券型基金,稳定小基金公司,轮动基金,轮动基金,轮动基金,0.0
259,006986.OF,259,平安季添盈定开债A,欧阳亮,中长期纯债券型基金,稳定小基金公司,轮动基金,轮动基金,稳定信用债,1.0
260,001960.OF,260,兴银瑞益,"洪木妹,王深,陶国峰",中长期纯债券型基金,稳定大基金公司,轮动基金,轮动基金,稳定信用债,0.0
261,070037.OF,261,嘉实纯债债券A,轩璇,中长期纯债券型基金,稳定小基金公司,轮动基金,轮动基金,稳定信用债,0.0
262,160515.SZ,262,博时安丰18个月定开债A,王帅,中长期纯债券型基金,稳定大基金公司,轮动基金,轮动基金,轮动基金,1.0
263,005594.OF,263,招商添润3个月定开债发起式A,李家辉,中长期纯债券型基金,稳定小基金公司,轮动基金,轮动基金,稳定信用债,1.0
264,006664.OF,264,易方达安悦超短债债券F,"梁莹,刘朝阳",短期纯债券型基金,稳定小基金公司,稳定短,轮动基金,,0.0
265,000252.OF,265,景顺长城景兴信用纯债债券A,何江波,中长期纯债券型基金,稳定大基金公司,轮动基金,轮动基金,稳定信用债,0.0
266,006893.OF,266,汇添富丰利短债A,"郑文旭,胡娜",短期纯债券型基金,稳定小基金公司,稳定短,轮动基金,稳定信用债,0.0
267,006112.OF,267,易方达恒惠定开债券发起式,李一硕,中长期纯债券型基金,稳定小基金公司,稳定长,轮动基金,轮动基金,1.0
268,007772.OF,268,浦银安盛盛煊定开债券,陶祺,中长期纯债券型基金,稳定小基金公司,轮动基金,轮动基金,稳定信用债,1.0
269,006677.OF,269,,,,,,,,
270,006468.OF,270,嘉实稳联纯债债券,李金灿,中长期纯债券型基金,稳定小基金公司,轮动基金,轮动基金,轮动基金,0.0
271,006662.OF,271,易方达安悦超短债债券A,"梁莹,刘朝阳",短期纯债券型基金,稳定小基金公司,稳定短,轮动基金,稳定信用债,0.0
272,005442.OF,272,兴业安和6个月定开债券发起式,冯小波,中长期纯债券型基金,稳定小基金公司,轮动基金,轮动基金,稳定信用债,1.0
273,008650.OF,273,华泰柏瑞益商一年定开债券,罗远航,中长期纯债券型基金,稳定小基金公司,轮动基金,轮动基金,稳定信用债,1.0
274,000346.OF,274,建信安心回报6个月定期开放债券A,"闫晗,彭紫云",混合债券型基金(一级),稳定大基金公司,轮动基金,轮动基金,稳定信用债,0.0
275,008722.OF,275,永赢欣益一年,"吴玮,张雪",中长期纯债券型基金,稳定小基金公司,轮动基金,轮动基金,稳定信用债,0.0
276,009021.OF,276,鹏华丰诚债券A,"祝松,杜培俊",混合债券型基金(一级),稳定小基金公司,轮动基金,轮动基金,稳定信用债,0.0
277,006646.OF,277,添富短债债券A,杨靖,短期纯债券型基金,稳定小基金公司,稳定短,轮动基金,稳定信用债,0.0
278,005648.OF,278,招商添琪3个月定开债发起式A,"姜南林,李家辉",中长期纯债券型基金,稳定小基金公司,轮动基金,轮动基金,稳定信用债,1.0
279,005705.OF,279,永赢恒益债券,章成,中长期纯债券型基金,稳定小基金公司,轮动基金,轮动基金,稳定信用债,0.0
280,006907.OF,280,银华安鑫短债债券A,"王树丽,魏昕宇",短期纯债券型基金,稳定小基金公司,轮动基金,轮动基金,稳定信用债,0.0
281,007584.OF,281,丰鑫债券,刘涛,中长期纯债券型基金,稳定小基金公司,稳定中,轮动基金,稳定信用债,0.0
282,004140.OF,282,兴业福鑫债券,伍方方,中长期纯债券型基金,稳定小基金公司,轮动基金,轮动基金,稳定信用债,0.0
283,008648.OF,283,嘉实致业一年定期纯债债券,"王立芹,崔思维",中长期纯债券型基金,稳定小基金公司,轮动基金,轮动基金,稳定信用债,0.0
284,002445.OF,284,兴业丰泰债券,王卓然,中长期纯债券型基金,稳定大基金公司,轮动基金,轮动基金,稳定信用债,0.0
285,007823.OF,285,天弘弘择短债A,王昌俊,短期纯债券型基金,稳定小基金公司,稳定短,轮动基金,稳定信用债,0.0
286,005871.OF,286,天弘荣享,"任明,刘洋",混合债券型基金(一级),稳定小基金公司,轮动基金,轮动基金,稳定信用债,0.0
287,050027.OF,287,博时信用债纯债债券A,张李陵,中长期纯债券型基金,稳定小基金公司,稳定长,轮动基金,轮动基金,0.0
288,004954.OF,288,中银证券中高等级债券A,王玉玺,中长期纯债券型基金,稳定小基金公司,轮动基金,轮动基金,稳定信用债,0.0
289,003192.OF,289,创金合信尊丰纯债,郑振源,混合债券型基金(一级),稳定大基金公司,轮动基金,轮动基金,稳定信用债,0.0
290,004504.OF,290,鹏华永泽定期开放债券,"方昶,王石千",混合债券型基金(一级),稳定小基金公司,轮动基金,轮动基金,稳定信用债,0.0
291,004544.OF,291,嘉实稳华纯债债券A,王亚洲,中长期纯债券型基金,稳定小基金公司,稳定短,轮动基金,轮动基金,0.0
292,002198.OF,292,博时裕达纯债,王帅,中长期纯债券型基金,稳定大基金公司,轮动基金,轮动基金,稳定信用债,0.0
293,005845.OF,293,长城久荣定期开放债券型发起式,吴冰燕,中长期纯债券型基金,稳定小基金公司,轮动基金,轮动基金,稳定信用债,0.0
294,003571.OF,294,招商招琪纯债A,王梓林,中长期纯债券型基金,稳定大基金公司,轮动基金,轮动基金,稳定信用债,0.0
295,007706.OF,295,南方聪元A,黄斌斌,中长期纯债券型基金,稳定小基金公司,轮动基金,轮动基金,稳定信用债,0.0
296,005362.OF,296,中银证券安源债券A,吕文晔,中长期纯债券型基金,稳定小基金公司,稳定短,轮动基金,稳定信用债,0.0
297,005531.OF,297,华安安悦债券A,郑如熙,中长期纯债券型基金,稳定小基金公司,轮动基金,轮动基金,轮动基金,0.0
298,008582.OF,298,兴银聚丰债券,王深,中长期纯债券型基金,稳定小基金公司,轮动基金,轮动基金,稳定信用债,0.0
299,002549.OF,299,嘉实稳祥纯债债券A,王亚洲,中长期纯债券型基金,稳定大基金公司,轮动基金,轮动基金,轮动基金,0.0
300,040045.OF,300,华安添鑫中短债A,"郑如熙,马晓璇",短期纯债券型基金,稳定小基金公司,轮动基金,轮动基金,稳定信用债,0.0
301,006325.OF,301,招商添荣3个月定开债发起式A,康晶,中长期纯债券型基金,稳定小基金公司,轮动基金,轮动基金,稳定信用债,1.0
302,001961.OF,302,博时裕荣纯债债券,郭思洁,中长期纯债券型基金,稳定大基金公司,轮动基金,轮动基金,稳定信用债,0.0
303,004020.OF,303,广发景祥纯债,赵子良,中长期纯债券型基金,稳定小基金公司,轮动基金,轮动基金,稳定信用债,0.0
304,003607.OF,304,博时富益纯债债券,于渤洋,中长期纯债券型基金,稳定大基金公司,稳定中,轮动基金,稳定信用债,0.0
305,001578.OF,305,博时裕瑞纯债债券,"李汉楠,李秋实,何平",中长期纯债券型基金,稳定大基金公司,轮动基金,轮动基金,稳定信用债,0.0
306,003869.OF,306,长信稳势纯债债券,"杜国昊,邹依恩",中长期纯债券型基金,稳定大基金公司,轮动基金,轮动基金,稳定信用债,0.0
307,000147.OF,307,易方达高等级信用债债券A,胡剑,中长期纯债券型基金,稳定大基金公司,轮动基金,轮动基金,稳定信用债,0.0
308,008302.OF,308,永赢易弘债券A,陶毅,中长期纯债券型基金,稳定小基金公司,轮动基金,轮动基金,稳定信用债,0.0
309,003417.OF,309,中加丰泽纯债,袁素,中长期纯债券型基金,稳定大基金公司,轮动基金,轮动基金,稳定信用债,0.0
310,008995.OF,310,中银证券安沛债券A,余亮,中长期纯债券型基金,稳定小基金公司,轮动基金,轮动基金,稳定信用债,0.0
311,006915.OF,311,南方亨元A,黄斌斌,中长期纯债券型基金,稳定小基金公司,轮动基金,轮动基金,稳定信用债,0.0
312,003260.OF,312,博时利发纯债债券A,王帅,中长期纯债券型基金,稳定大基金公司,轮动基金,轮动基金,稳定信用债,0.0
313,000032.OF,313,易方达信用债债券A,"胡剑,纪玲云",中长期纯债券型基金,稳定大基金公司,轮动基金,轮动基金,稳定信用债,0.0
314,006421.OF,314,中银弘享债券A,易芳菲,中长期纯债券型基金,稳定小基金公司,轮动基金,轮动基金,稳定信用债,0.0
315,007740.OF,315,天弘信益A,潘昱杉,中长期纯债券型基金,稳定小基金公司,轮动基金,轮动基金,稳定信用债,0.0
316,005854.OF,316,财通汇利债券,闫梦璇,中长期纯债券型基金,稳定小基金公司,轮动基金,轮动基金,稳定信用债,0.0
317,005831.OF,317,鹏华尊悦定开债发起式,刘涛,中长期纯债券型基金,稳定小基金公司,轮动基金,轮动基金,稳定信用债,1.0
318,006088.OF,318,永赢润益债券A,章成,中长期纯债券型基金,稳定小基金公司,轮动基金,轮动基金,稳定信用债,0.0
319,002548.OF,319,嘉实稳瑞纯债债券,"王立芹,韩同利,闫红蕾",中长期纯债券型基金,稳定大基金公司,轮动基金,轮动基金,稳定信用债,0.0
320,008796.OF,320,国联恒安纯债A,石霄蒙,中长期纯债券型基金,稳定小基金公司,轮动基金,轮动基金,稳定信用债,0.0
321,003452.OF,321,招商招盛纯债A,李家辉,中长期纯债券型基金,稳定大基金公司,稳定长,轮动基金,稳定信用债,0.0
322,002377.OF,322,建信睿怡纯债A,"吴沛文,闫晗",混合债券型基金(一级),稳定大基金公司,轮动基金,轮动基金,轮动基金,0.0
323,007104.OF,323,易方达恒利3个月定期开放债券发起式,"刘琬姝,纪玲云,胡剑",中长期纯债券型基金,稳定小基金公司,轮动基金,轮动基金,稳定信用债,0.0
324,519784.OF,324,交银境尚收益债券A,"姬静,黄莹洁",中长期纯债券型基金,稳定大基金公司,稳定中,轮动基金,稳定信用债,0.0
325,000186.OF,325,华泰柏瑞季季红债券A,罗远航,中长期纯债券型基金,稳定大基金公司,稳定长,轮动基金,稳定信用债,0.0
326,002341.OF,326,招商招瑞纯债债券发起式A,刘万锋,中长期纯债券型基金,稳定大基金公司,稳定中,轮动基金,稳定信用债,0.0
327,003285.OF,327,国寿安保安康纯债债券,李一鸣,中长期纯债券型基金,稳定大基金公司,稳定长,轮动基金,稳定信用债,0.0
328,005931.OF,328,,,,,,,,
329,006653.OF,329,南方畅利定开债券发起,黄斌斌,中长期纯债券型基金,稳定小基金公司,轮动基金,轮动基金,稳定信用债,1.0
330,006287.OF,330,永赢盛益债券A,章成,中长期纯债券型基金,稳定小基金公司,轮动基金,轮动基金,稳定信用债,0.0
331,003269.OF,331,招商招乾3个月定开债发起式A,王梓林,中长期纯债券型基金,稳定大基金公司,轮动基金,轮动基金,稳定信用债,1.0
332,070025.OF,332,嘉实信用债券A,"王立芹,赵国英",混合债券型基金(一级),稳定小基金公司,轮动基金,稳定大,稳定信用债,0.0
333,005703.OF,333,永赢增益债券A,谢越,中长期纯债券型基金,稳定小基金公司,轮动基金,轮动基金,稳定信用债,0.0
334,008829.OF,334,博时富洋一年定开债发起式,李秋实,中长期纯债券型基金,稳定小基金公司,轮动基金,轮动基金,稳定信用债,1.0
335,006772.OF,335,汇添富丰润中短债A,杨靖,短期纯债券型基金,稳定小基金公司,稳定中,轮动基金,稳定信用债,0.0
336,530029.OF,336,建信荣元一年定开债券发起式,"刘思,闫晗",中长期纯债券型基金,稳定大基金公司,轮动基金,稳定小,稳定信用债,1.0
337,004899.OF,337,中银信享定期开放债券,白洁,中长期纯债券型基金,稳定小基金公司,轮动基金,轮动基金,稳定信用债,0.0
338,007576.OF,338,华夏鼎琪三个月定开债券,孙蕾,中长期纯债券型基金,稳定小基金公司,轮动基金,轮动基金,稳定信用债,1.0
339,007278.OF,339,国泰兴富三个月定期开放债券,"刘嵩扬,胡智磊",中长期纯债券型基金,稳定小基金公司,稳定长,轮动基金,稳定信用债,0.0
340,009792.OF,340,工银瑞益债券A,张略钊,中长期纯债券型基金,稳定小基金公司,轮动基金,轮动基金,稳定信用债,0.0
341,000187.OF,341,华泰柏瑞丰盛纯债债券A,何子建,中长期纯债券型基金,稳定大基金公司,轮动基金,轮动基金,稳定信用债,0.0
342,005024.OF,342,南方兴利半年定开债券发起,"李璇,杜才超",中长期纯债券型基金,稳定小基金公司,轮动基金,轮动基金,稳定信用债,1.0
343,005622.OF,343,博时富安3个月定开债发起式,"李秋实,黄海峰",中长期纯债券型基金,稳定小基金公司,轮动基金,轮动基金,稳定信用债,1.0
344,003214.OF,344,易方达富惠纯债债券A,李一硕,中长期纯债券型基金,稳定大基金公司,轮动基金,轮动基金,稳定信用债,0.0
345,005469.OF,345,南方浙利定开债券发起,黄斌斌,中长期纯债券型基金,稳定小基金公司,轮动基金,轮动基金,稳定信用债,1.0
346,008030.OF,346,农银金益债券,郭振宇,中长期纯债券型基金,稳定小基金公司,轮动基金,轮动基金,稳定信用债,0.0
347,009284.OF,347,上银慧丰利债券,"许佳,高永",中长期纯债券型基金,稳定小基金公司,轮动基金,稳定小,稳定信用债,0.0
348,000815.OF,348,鑫元合享纯债A,郭卉,中长期纯债券型基金,稳定大基金公司,稳定长,轮动基金,,0.0
349,007201.OF,349,民生加银聚益纯债,"李文君,刘昊",中长期纯债券型基金,稳定小基金公司,轮动基金,轮动基金,轮动基金,0.0
350,007440.OF,350,南方旭元A,金凌志,中长期纯债券型基金,稳定小基金公司,轮动基金,轮动基金,轮动基金,0.0
351,000265.OF,351,易方达恒久1年定期债券A,藏海涛,中长期纯债券型基金,稳定大基金公司,轮动基金,稳定大,稳定信用债,0.0
352,005462.OF,352,博时富业3个月定开债发起式,"倪玉娟,吕瑞君",中长期纯债券型基金,稳定小基金公司,轮动基金,轮动基金,稳定信用债,1.0
353,002832.OF,353,工银恒享纯债债券A,"杨曼丽,陈桂都",中长期纯债券型基金,稳定大基金公司,稳定中,轮动基金,稳定信用债,0.0
354,003268.OF,354,博时悦楚纯债债券A,郭思洁,中长期纯债券型基金,稳定大基金公司,轮动基金,稳定中,稳定信用债,0.0
355,006791.OF,355,建信睿兴纯债债券,刘思,中长期纯债券型基金,稳定小基金公司,轮动基金,轮动基金,稳定信用债,0.0
356,007451.OF,356,易方达恒兴3个月定开债券发起式,王晓晨,中长期纯债券型基金,稳定小基金公司,轮动基金,轮动基金,稳定信用债,1.0
357,006869.OF,357,广发政策性金融债,"赵子良,洪志",中长期纯债券型基金,稳定小基金公司,轮动基金,轮动基金,稳定信用债,0.0
358,007692.OF,358,永赢鼎利债券A,谢越,中长期纯债券型基金,稳定小基金公司,轮动基金,轮动基金,稳定信用债,0.0
359,161014.SZ,359,富国汇利回报定期开放债券,黄纪亮,混合债券型基金(一级),稳定大基金公司,轮动基金,轮动基金,稳定信用债,0.0
360,002483.OF,360,富国泰利定期开放债券发起式,俞晓斌,混合债券型基金(一级),稳定大基金公司,轮动基金,轮动基金,稳定信用债,0.0
361,006963.OF,361,中加颐瑾定开债券A,王霈,中长期纯债券型基金,稳定小基金公司,轮动基金,轮动基金,稳定信用债,1.0
362,000111.OF,362,易方达纯债1年定期开放债券A,李一硕,中长期纯债券型基金,稳定大基金公司,轮动基金,稳定大,稳定信用债,0.0
363,007342.OF,363,国投瑞银顺臻纯债债券A,李鸥,中长期纯债券型基金,稳定小基金公司,轮动基金,轮动基金,稳定信用债,0.0
364,003673.OF,364,中加丰裕纯债债券A,王霈,中长期纯债券型基金,稳定大基金公司,轮动基金,轮动基金,稳定信用债,0.0
365,006758.OF,365,农银汇理金禄债券,"郭振宇,周宇",中长期纯债券型基金,稳定小基金公司,轮动基金,轮动基金,稳定信用债,0.0
366,006043.OF,366,永赢惠益债券A,吴玮,中长期纯债券型基金,稳定小基金公司,轮动基金,轮动基金,稳定信用债,0.0
367,004547.OF,367,华夏稳定双利债券A,张海静,混合债券型基金(一级),稳定小基金公司,轮动基金,轮动基金,,0.0
368,007691.OF,368,永赢泽利一年,钱布克,中长期纯债券型基金,稳定小基金公司,轮动基金,轮动基金,稳定信用债,0.0
369,000205.OF,369,易方达投资级信用债债券A,王晓晨,中长期纯债券型基金,稳定大基金公司,轮动基金,稳定小,稳定信用债,0.0
370,001911.OF,370,博时裕恒纯债债券,郭思洁,中长期纯债券型基金,稳定大基金公司,轮动基金,轮动基金,稳定信用债,0.0
371,007454.OF,371,民生加银嘉盈债券,李文君,中长期纯债券型基金,稳定小基金公司,轮动基金,轮动基金,轮动基金,0.0
372,002603.OF,372,工银瑞信瑞丰半年定期开放纯债债券,李娜,中长期纯债券型基金,稳定大基金公司,轮动基金,轮动基金,稳定信用债,0.0
373,005897.OF,373,平安合颖定开债,张文平,中长期纯债券型基金,稳定小基金公司,轮动基金,轮动基金,稳定信用债,1.0
374,007215.OF,374,国寿安保泰荣纯债债券,丁宇佳,混合债券型基金(一级),稳定小基金公司,轮动基金,轮动基金,稳定信用债,0.0
375,485120.OF,375,工银14天理财债券发起A,李娜,短期纯债券型基金,稳定大基金公司,稳定短,轮动基金,稳定信用债,0.0
376,006393.OF,376,招商添德3个月定开债A,黄晓婷,中长期纯债券型基金,稳定小基金公司,轮动基金,轮动基金,稳定信用债,1.0
377,004555.OF,377,南方和元A,"黄斌斌,施彦珏",中长期纯债券型基金,稳定小基金公司,轮动基金,轮动基金,稳定信用债,0.0
378,485107.OF,378,工银添利债券A,谷衡,混合债券型基金(一级),稳定大基金公司,轮动基金,轮动基金,稳定信用债,0.0
379,519225.OF,379,海富通集利债券,方昆明,混合债券型基金(一级),稳定大基金公司,轮动基金,轮动基金,轮动基金,0.0
380,003454.OF,380,招商招通纯债A,黄晓婷,中长期纯债券型基金,稳定大基金公司,轮动基金,轮动基金,稳定信用债,0.0
381,006764.OF,381,景顺长城景泰鑫利纯债A,何江波,中长期纯债券型基金,稳定小基金公司,轮动基金,轮动基金,稳定信用债,0.0
382,002755.OF,382,博时裕盛纯债,李汉楠,中长期纯债券型基金,稳定大基金公司,稳定中,轮动基金,稳定信用债,0.0
383,002438.OF,383,创金合信尊盛纯债债券,郑振源,中长期纯债券型基金,稳定大基金公司,轮动基金,轮动基金,轮动基金,0.0
384,003162.OF,384,博时富宁纯债债券,李秋实,中长期纯债券型基金,稳定大基金公司,轮动基金,轮动基金,稳定信用债,0.0
385,160618.SZ,385,鹏华丰泽债券(LOF),"祝松,邓明明",混合债券型基金(一级),稳定大基金公司,轮动基金,轮动基金,稳定信用债,0.0
386,161117.SZ,386,易方达永旭定期开放债券,李一硕,中长期纯债券型基金,稳定大基金公司,轮动基金,稳定大,稳定信用债,0.0
387,005364.OF,387,华夏鼎顺三个月定开债券A,张海静,中长期纯债券型基金,稳定小基金公司,轮动基金,稳定中,稳定信用债,1.0
388,007572.OF,388,中加民丰纯债A,袁素,中长期纯债券型基金,稳定小基金公司,轮动基金,轮动基金,稳定信用债,0.0
389,110035.OF,389,易方达双债增强债券A,"田鑫,王晓晨",混合债券型基金(一级),稳定小基金公司,轮动基金,轮动基金,稳定信用债,0.0
390,002466.OF,390,博时裕新纯债,郭思洁,中长期纯债券型基金,稳定大基金公司,轮动基金,轮动基金,稳定信用债,0.0
391,002354.OF,391,博时裕腾纯债,李秋实,中长期纯债券型基金,稳定大基金公司,轮动基金,轮动基金,轮动基金,0.0
392,009298.OF,392,英大安惠纯债A,"张婧珣,张大铮,易祺坤",中长期纯债券型基金,稳定小基金公司,轮动基金,轮动基金,稳定信用债,0.0
393,007954.OF,393,平安惠涌纯债,欧阳亮,中长期纯债券型基金,稳定小基金公司,轮动基金,轮动基金,轮动基金,0.0
394,162715.SZ,394,广发聚源债券(LOF)A,吴迪,中长期纯债券型基金,稳定大基金公司,轮动基金,轮动基金,稳定信用债,0.0
395,675041.OF,395,西部利得合享A,刘心峰,混合债券型基金(一级),稳定大基金公司,轮动基金,稳定中,稳定信用债,0.0
396,007560.OF,396,,,,,,,,
397,202103.OF,397,南方多利增强债券A,李璇,混合债券型基金(一级),稳定小基金公司,轮动基金,轮动基金,,0.0
398,003327.OF,398,万家鑫璟纯债A,"周慧,周潜玮",中长期纯债券型基金,稳定大基金公司,轮动基金,轮动基金,稳定信用债,0.0
399,000207.OF,399,建信双债增强A,彭紫云,混合债券型基金(一级),稳定大基金公司,稳定短,轮动基金,稳定信用债,0.0
400,002716.OF,400,博时裕通3个月定开债发起式A,何平,中长期纯债券型基金,稳定大基金公司,轮动基金,轮动基金,稳定信用债,1.0
401,004689.OF,401,博时丰庆纯债债券,李汉楠,中长期纯债券型基金,稳定小基金公司,轮动基金,轮动基金,稳定信用债,0.0
402,000295.OF,402,鹏华丰实定期开放债券A,"方昶,王石千",混合债券型基金(一级),稳定大基金公司,轮动基金,轮动基金,稳定信用债,0.0
403,007184.OF,403,蜂巢添鑫纯债A,"李海涛,廖新昌",中长期纯债券型基金,稳定小基金公司,轮动基金,轮动基金,稳定信用债,0.0
404,004655.OF,404,汇添富鑫汇债券A,杨靖,混合债券型基金(一级),稳定小基金公司,轮动基金,轮动基金,稳定信用债,0.0
405,008620.OF,405,嘉实致宁3个月定开纯债债券,"李卓锴,李宇昂",中长期纯债券型基金,稳定小基金公司,稳定中,轮动基金,稳定信用债,1.0
406,006191.OF,406,华夏鼎通债券A,吴彬,中长期纯债券型基金,稳定小基金公司,轮动基金,轮动基金,稳定信用债,0.0
407,006771.OF,407,永赢合益债券,谢越,中长期纯债券型基金,稳定小基金公司,轮动基金,轮动基金,稳定信用债,0.0
408,519332.OF,408,浦银安盛盛达纯债债券A,章潇枫,中长期纯债券型基金,稳定大基金公司,轮动基金,轮动基金,稳定信用债,0.0
409,004366.OF,409,博时汇享纯债债券A,王帅,中长期纯债券型基金,稳定小基金公司,轮动基金,轮动基金,稳定信用债,0.0
410,000137.OF,410,民生加银岁岁增利债券A,李文君,中长期纯债券型基金,稳定大基金公司,稳定长,轮动基金,稳定信用债,0.0
411,006955.OF,411,国泰惠富纯债债券A,"索峰,胡智磊",中长期纯债券型基金,稳定小基金公司,轮动基金,轮动基金,稳定信用债,0.0
412,006714.OF,412,博时富源纯债债券A,"李秋实,何平",中长期纯债券型基金,稳定小基金公司,轮动基金,轮动基金,稳定信用债,0.0
413,217003.OF,413,招商安泰债券A,刘万锋,混合债券型基金(一级),稳定小基金公司,轮动基金,轮动基金,轮动基金,0.0
414,006116.OF,414,国泰丰祺纯债债券A,"胡智磊,索峰",中长期纯债券型基金,稳定小基金公司,轮动基金,轮动基金,稳定信用债,0.0
415,002600.OF,415,易方达裕景添利6个月定期开放债券,李一硕,混合债券型基金(一级),稳定大基金公司,轮动基金,轮动基金,稳定信用债,0.0
416,004498.OF,416,鹏华丰源债券,刘涛,中长期纯债券型基金,稳定小基金公司,轮动基金,轮动基金,稳定信用债,0.0
417,009306.OF,417,平安惠铭纯债,"李瑾懿,张文平",中长期纯债券型基金,稳定小基金公司,轮动基金,轮动基金,轮动基金,0.0
418,002175.OF,418,博时裕乾纯债A,何平,中长期纯债券型基金,稳定大基金公司,轮动基金,轮动基金,稳定信用债,0.0
419,002638.OF,419,兴业天融债券,雷志强,中长期纯债券型基金,稳定大基金公司,稳定长,稳定大,稳定信用债,0.0
420,002552.OF,420,华夏恒利3个月定开债券,孙蕾,混合债券型基金(一级),稳定大基金公司,轮动基金,轮动基金,稳定信用债,1.0
421,006841.OF,421,嘉实致享纯债债券,"赵国英,张文佳",中长期纯债券型基金,稳定小基金公司,轮动基金,轮动基金,稳定信用债,0.0
422,004230.OF,422,永赢添益债券,吴玮,中长期纯债券型基金,稳定小基金公司,轮动基金,轮动基金,稳定信用债,0.0
423,005606.OF,423,招商招鸿6个月定开债发起式,刘万锋,中长期纯债券型基金,稳定小基金公司,稳定长,稳定小,稳定信用债,1.0
424,003929.OF,424,中银证券安进债券A,"余亮,王玉玺",中长期纯债券型基金,稳定大基金公司,稳定长,稳定小,稳定信用债,0.0
425,007681.OF,425,鹏华丰登债券,"张丽娟,吴国杰,刘涛",中长期纯债券型基金,稳定小基金公司,稳定中,轮动基金,稳定信用债,0.0
426,007949.OF,426,富国泽利纯债债券,武磊,中长期纯债券型基金,稳定小基金公司,轮动基金,轮动基金,稳定信用债,0.0
427,006427.OF,427,招商添悦纯债A,刘万锋,中长期纯债券型基金,稳定小基金公司,稳定长,轮动基金,稳定信用债,0.0
428,004334.OF,428,博时广利3个月定开债发起式,于渤洋,中长期纯债券型基金,稳定小基金公司,轮动基金,稳定中,稳定信用债,1.0
429,007670.OF,429,嘉实商业银行精选债券,王立芹,中长期纯债券型基金,稳定小基金公司,轮动基金,轮动基金,稳定信用债,0.0
430,519330.OF,430,浦银安盛盛跃纯债债券A,陶祺,中长期纯债券型基金,稳定大基金公司,轮动基金,轮动基金,稳定信用债,0.0
431,519776.OF,431,交银裕盈纯债债券A,"于海颖,姬静",中长期纯债券型基金,稳定大基金公司,轮动基金,轮动基金,稳定信用债,0.0
432,004503.OF,432,鹏华永泰定期开放债券,"祝松,应琛",混合债券型基金(一级),稳定小基金公司,轮动基金,稳定大,稳定信用债,0.0
433,008761.OF,433,南方骏元中短期利率债债券,"黄斌斌,王润栋",短期纯债券型基金,稳定小基金公司,稳定中,轮动基金,稳定信用债,0.0
434,008242.OF,434,英大通盈纯债债券A,"吕一楠,易祺坤,张大铮",混合债券型基金(一级),稳定小基金公司,轮动基金,轮动基金,稳定信用债,0.0
435,003329.OF,435,万家鑫安纯债A,"周慧,周潜玮",中长期纯债券型基金,稳定大基金公司,轮动基金,轮动基金,稳定信用债,0.0
436,002140.OF,436,博时裕诚纯债债券,郭思洁,中长期纯债券型基金,稳定大基金公司,轮动基金,稳定中,稳定信用债,0.0
437,519334.OF,437,浦银安盛盛勤定开债券A,李羿,中长期纯债券型基金,稳定大基金公司,轮动基金,稳定小,稳定信用债,1.0
438,004030.OF,438,嘉实丰安6个月定期债券,王亚洲,中长期纯债券型基金,稳定小基金公司,轮动基金,轮动基金,稳定信用债,0.0
439,004126.OF,439,浦银安盛稳健增利债券(LOF)A,章潇枫,混合债券型基金(一级),稳定小基金公司,轮动基金,轮动基金,,0.0
440,005971.OF,440,平安惠锦债券,欧阳亮,中长期纯债券型基金,稳定小基金公司,稳定中,轮动基金,稳定信用债,0.0
441,002754.OF,441,博时裕创纯债,李汉楠,中长期纯债券型基金,稳定大基金公司,轮动基金,稳定大,轮动基金,0.0
442,003315.OF,442,景顺长城政策性金融债A,"陈健宾,何江波",中长期纯债券型基金,稳定大基金公司,轮动基金,轮动基金,稳定信用债,0.0
443,003730.OF,443,博时富华纯债债券,李汉楠,中长期纯债券型基金,稳定大基金公司,轮动基金,稳定大,稳定信用债,0.0
444,002991.OF,444,嘉实稳鑫纯债债券,李卓锴,中长期纯债券型基金,稳定大基金公司,稳定长,轮动基金,稳定信用债,0.0
445,006029.OF,445,鹏华尊享定期开放发起式债券,应琛,中长期纯债券型基金,稳定小基金公司,稳定短,轮动基金,稳定信用债,0.0
446,090021.OF,446,大成月添利一个月滚动持有中短债债券A,曾婷婷,短期纯债券型基金,稳定小基金公司,轮动基金,轮动基金,轮动基金,0.0
447,005920.OF,447,富国颐利纯债债券,"吕春杰,李金柳",中长期纯债券型基金,稳定小基金公司,轮动基金,轮动基金,稳定信用债,0.0
448,005073.OF,448,永赢永益债券A,徐沛琳,中长期纯债券型基金,稳定小基金公司,轮动基金,轮动基金,稳定信用债,0.0
449,004728.OF,449,中欧瑾泰债券A,LI TONG,中长期纯债券型基金,稳定小基金公司,轮动基金,轮动基金,稳定信用债,0.0
450,004910.OF,450,中加颐享纯债债券A,于跃,中长期纯债券型基金,稳定小基金公司,轮动基金,轮动基金,稳定信用债,0.0
451,008875.OF,451,国寿安保尊恒利率债债券A,"李辉,卢珊",中长期纯债券型基金,稳定小基金公司,轮动基金,轮动基金,稳定信用债,0.0
452,008539.OF,452,工银开元利率债债券A,张略钊,中长期纯债券型基金,稳定小基金公司,轮动基金,轮动基金,轮动基金,0.0
453,004479.OF,453,博时富和纯债债券,李秋实,中长期纯债券型基金,稳定小基金公司,轮动基金,轮动基金,稳定信用债,0.0
454,005200.OF,454,浦银普瑞A,章潇枫,中长期纯债券型基金,稳定小基金公司,轮动基金,轮动基金,轮动基金,0.0
455,002930.OF,455,博时聚润纯债债券,王帅,中长期纯债券型基金,稳定大基金公司,轮动基金,轮动基金,稳定信用债,0.0
456,004956.OF,456,中银证券安誉债券A,余亮,中长期纯债券型基金,稳定小基金公司,轮动基金,轮动基金,轮动基金,0.0
457,009922.OF,457,华夏鼎富债券A,吴彬,中长期纯债券型基金,稳定小基金公司,轮动基金,轮动基金,稳定信用债,0.0
458,007408.OF,458,鹏扬淳开债券A,"王黎骁,陈钟闻",中长期纯债券型基金,稳定小基金公司,轮动基金,轮动基金,稳定信用债,0.0
459,007068.OF,459,浦银安盛普丰纯债债券A,章潇枫,中长期纯债券型基金,稳定小基金公司,轮动基金,轮动基金,轮动基金,0.0
460,010083.OF,460,中银欣享利率债,"白洁,刘筱筠",中长期纯债券型基金,稳定小基金公司,轮动基金,轮动基金,稳定信用债,0.0
461,002994.OF,461,招商招裕纯债A,"王闯,康晶",中长期纯债券型基金,稳定大基金公司,轮动基金,轮动基金,稳定信用债,0.0
462,519680.OF,462,交银增利债券A/B,"张顺晨,魏玉敏",混合债券型基金(一级),稳定大基金公司,轮动基金,轮动基金,稳定信用债,0.0
463,006750.OF,463,富国德利纯债三个月定期开放债券型发起式,"刘瀚驰,吕春杰",中长期纯债券型基金,稳定小基金公司,轮动基金,轮动基金,稳定信用债,0.0
464,002524.OF,464,兴业福益债券,唐丁祥,混合债券型基金(一级),稳定大基金公司,轮动基金,稳定中,稳定信用债,0.0
465,006097.OF,465,平安高等级债A,欧阳亮,混合债券型基金(一级),稳定小基金公司,轮动基金,轮动基金,稳定信用债,0.0
466,005864.OF,466,国投瑞银顺达纯债债券,"敬夏玺,李鸥",中长期纯债券型基金,稳定小基金公司,轮动基金,轮动基金,稳定信用债,0.0
467,261001.OF,467,景顺长城稳定收益债券A,"李训练,何江波",混合债券型基金(一级),稳定小基金公司,轮动基金,轮动基金,轮动基金,0.0
468,006367.OF,468,交银裕祥纯债债券A,季参平,中长期纯债券型基金,稳定小基金公司,轮动基金,轮动基金,稳定信用债,0.0
469,004136.OF,469,博时民泽纯债债券,倪玉娟,中长期纯债券型基金,稳定小基金公司,轮动基金,轮动基金,轮动基金,0.0
470,050106.OF,470,博时稳定价值债券A,"罗霄,张李陵",混合债券型基金(一级),稳定小基金公司,轮动基金,轮动基金,,0.0
471,006665.OF,471,华夏鼎康债券A,吴彬,中长期纯债券型基金,稳定小基金公司,轮动基金,轮动基金,稳定信用债,0.0
472,000005.OF,472,嘉实增强信用定期债券,轩璇,混合债券型基金(一级),稳定大基金公司,轮动基金,轮动基金,稳定信用债,0.0
473,007714.OF,473,南方贺元利率债A,金凌志,中长期纯债券型基金,稳定小基金公司,轮动基金,轮动基金,稳定信用债,0.0
474,005393.OF,474,南方卓利3个月定开债发起式,"金凌志,李璇",中长期纯债券型基金,稳定小基金公司,轮动基金,轮动基金,轮动基金,1.0
475,519328.OF,475,浦银安盛盛泰纯债债券A,陶祺,中长期纯债券型基金,稳定大基金公司,轮动基金,轮动基金,轮动基金,0.0
476,006172.OF,476,万家鑫悦纯债A,周潜玮,中长期纯债券型基金,稳定小基金公司,轮动基金,轮动基金,稳定信用债,0.0
477,002698.OF,477,博时裕利纯债债券,陈黎,中长期纯债券型基金,稳定大基金公司,轮动基金,轮动基金,稳定信用债,0.0
478,161115.SZ,478,易方达岁丰添利债券A,"张凯頔,胡剑",混合债券型基金(一级),稳定大基金公司,轮动基金,轮动基金,稳定信用债,0.0
479,161019.SZ,479,富国新天锋债券(LOF)A,武磊,混合债券型基金(一级),稳定大基金公司,轮动基金,轮动基金,稳定信用债,0.0
480,002336.OF,480,创金合信尊享纯债债券A,郑振源,中长期纯债券型基金,稳定大基金公司,轮动基金,轮动基金,稳定信用债,0.0
481,003188.OF,481,博时聚源纯债债券A,黄海峰,中长期纯债券型基金,稳定大基金公司,稳定长,轮动基金,稳定信用债,0.0
482,006450.OF,482,嘉实致盈债券,"张文佳,王立芹",混合债券型基金(一级),稳定小基金公司,轮动基金,轮动基金,稳定信用债,0.0
483,164703.SZ,483,汇添富纯债(LOF),胡娜,混合债券型基金(一级),稳定大基金公司,轮动基金,轮动基金,稳定信用债,0.0
484,009338.OF,484,万家民瑞祥和6个月持有期债券A,"周潜玮,周慧",中长期纯债券型基金,稳定小基金公司,轮动基金,轮动基金,稳定信用债,0.0
485,003590.OF,485,建信睿富纯债债券,刘思,中长期纯债券型基金,稳定大基金公司,轮动基金,轮动基金,稳定信用债,0.0
486,006464.OF,486,浦银普益A,章潇枫,中长期纯债券型基金,稳定小基金公司,轮动基金,轮动基金,稳定信用债,0.0
487,002970.OF,487,博时裕昂纯债债券,李汉楠,中长期纯债券型基金,稳定大基金公司,轮动基金,轮动基金,稳定信用债,0.0
488,005972.OF,488,交银裕如纯债债券A,"于海颖,张顺晨",中长期纯债券型基金,稳定小基金公司,轮动基金,轮动基金,轮动基金,0.0
489,002188.OF,489,鹏华丰华债券,刘涛,中长期纯债券型基金,稳定大基金公司,轮动基金,轮动基金,稳定信用债,0.0
490,006599.OF,490,国寿安保安丰纯债债券,李一鸣,混合债券型基金(一级),稳定小基金公司,轮动基金,轮动基金,稳定信用债,0.0
491,007086.OF,491,永赢汇利六个月定开债,钱布克,中长期纯债券型基金,稳定小基金公司,轮动基金,轮动基金,稳定信用债,1.0
492,000606.OF,492,天弘优选债券,刘洋,中长期纯债券型基金,稳定大基金公司,轮动基金,轮动基金,稳定信用债,0.0
493,002578.OF,493,博时裕泉纯债债券,李秋实,中长期纯债券型基金,稳定大基金公司,轮动基金,轮动基金,稳定信用债,0.0
494,460008.OF,494,华泰柏瑞稳健收益债券A,罗远航,中长期纯债券型基金,稳定大基金公司,轮动基金,轮动基金,稳定信用债,0.0
495,006934.OF,495,平安3-5年期政策性金融债债券A,"刘晓兰,苏宁,张璐",中长期纯债券型基金,稳定小基金公司,稳定长,轮动基金,,0.0
496,007199.OF,496,永赢泰利债券A,"刘星宇,陶毅,杨野",中长期纯债券型基金,稳定小基金公司,轮动基金,轮动基金,稳定信用债,0.0
497,005072.OF,497,中银丰进定期开放债券,易芳菲,中长期纯债券型基金,稳定小基金公司,轮动基金,轮动基金,稳定信用债,0.0
498,100018.OF,498,富国天利增长债券A,黄纪亮,混合债券型基金(一级),稳定小基金公司,轮动基金,轮动基金,稳定信用债,0.0
499,007555.OF,499,中航瑞明纯债A,茅勇峰,中长期纯债券型基金,稳定小基金公司,轮动基金,轮动基金,稳定信用债,0.0
500,070005.OF,500,嘉实债券,轩璇,混合债券型基金(一级),稳定小基金公司,轮动基金,轮动基金,稳定信用债,0.0
501,002568.OF,501,博时裕发纯债债券,于渤洋,中长期纯债券型基金,稳定大基金公司,轮动基金,轮动基金,稳定信用债,0.0
502,006169.OF,502,工银瑞福纯债债券A,李娜,中长期纯债券型基金,稳定小基金公司,轮动基金,轮动基金,稳定信用债,0.0
503,519743.OF,503,交银丰润收益债券A,季参平,中长期纯债券型基金,稳定大基金公司,轮动基金,轮动基金,稳定信用债,0.0
504,006944.OF,504,永赢悦利债券,"徐沛琳,吴玮",中长期纯债券型基金,稳定小基金公司,稳定中,轮动基金,稳定信用债,0.0
505,003039.OF,505,广发集富纯债A,吴迪,中长期纯债券型基金,稳定大基金公司,稳定中,轮动基金,稳定信用债,0.0
506,485105.OF,506,工银增强收益债券A,"杜海涛,张略钊",混合债券型基金(一级),稳定大基金公司,稳定长,轮动基金,稳定信用债,0.0
