,thscode,ths_fund_short_name_fund,ths_fund_manager_current_fund,ths_invest_type_second_classi_fund,bigcompany,Duration,lever,bondtype
0,460008.OF,华泰柏瑞稳健收益债券A,罗远航,中长期纯债券型基金,稳定大基金公司,稳定短,稳定小,稳定信用债
1,485022.OF,工银尊益中短债债券F,谷衡,短期纯债券型基金,稳定大基金公司,稳定中,稳定中,
2,485105.OF,工银增强收益债券A,"杜海涛,张略钊",混合债券型基金(一级),稳定大基金公司,稳定长,稳定小,稳定信用债
3,485107.OF,工银添利债券A,谷衡,混合债券型基金(一级),稳定大基金公司,稳定中,稳定大,稳定信用债
4,485120.OF,工银14天理财债券发起A,李娜,短期纯债券型基金,稳定大基金公司,稳定短,稳定中,稳定信用债
5,519137.OF,海富通瑞福债券A,"方昆明,张靖爽",混合债券型基金(一级),稳定大基金公司,稳定长,稳定小,稳定信用债
6,519138.OF,海富通瑞祥一年定开债券,张靖爽,混合债券型基金(一级),稳定大基金公司,稳定长,稳定大,轮动基金
7,519225.OF,海富通集利债券,方昆明,混合债券型基金(一级),稳定大基金公司,稳定长,稳定中,轮动基金
8,519322.OF,浦银安盛盛元定开债券A,章潇枫,中长期纯债券型基金,稳定大基金公司,稳定中,稳定中,稳定信用债
9,519324.OF,浦银安盛盛鑫定开债券A,章潇枫,混合债券型基金(一级),稳定大基金公司,稳定中,稳定小,稳定信用债
10,519328.OF,浦银安盛盛泰纯债债券A,陶祺,中长期纯债券型基金,稳定大基金公司,稳定短,稳定小,轮动基金
11,519330.OF,浦银安盛盛跃纯债债券A,陶祺,中长期纯债券型基金,稳定大基金公司,稳定中,稳定小,稳定信用债
12,519332.OF,浦银安盛盛达纯债债券A,章潇枫,中长期纯债券型基金,稳定大基金公司,稳定中,稳定中,稳定信用债
13,519334.OF,浦银安盛盛勤定开债券A,李羿,中长期纯债券型基金,稳定大基金公司,稳定中,稳定小,稳定信用债
14,519680.OF,交银增利债券A/B,"张顺晨,魏玉敏",混合债券型基金(一级),稳定大基金公司,稳定中,稳定中,稳定信用债
15,519718.OF,交银纯债债券A/B,"于海颖,魏玉敏",中长期纯债券型基金,稳定大基金公司,稳定中,稳定中,稳定信用债
16,519743.OF,交银丰润收益债券A,季参平,中长期纯债券型基金,稳定大基金公司,稳定长,稳定小,稳定信用债
17,519746.OF,交银丰享收益债券A,黄莹洁,中长期纯债券型基金,稳定大基金公司,稳定中,稳定中,
18,519762.OF,交银裕通纯债债券A,季参平,中长期纯债券型基金,稳定大基金公司,稳定中,稳定大,稳定信用债
19,519776.OF,交银裕盈纯债债券A,"于海颖,姬静",中长期纯债券型基金,稳定大基金公司,稳定长,稳定小,稳定信用债
20,519782.OF,交银裕隆纯债债券A,黄莹洁,中长期纯债券型基金,稳定大基金公司,稳定长,稳定中,稳定信用债
21,519784.OF,交银境尚收益债券A,"姬静,黄莹洁",中长期纯债券型基金,稳定大基金公司,稳定中,稳定小,稳定信用债
22,530021.OF,建信纯债A,"黎颖芳,彭紫云",中长期纯债券型基金,稳定大基金公司,稳定长,稳定中,稳定信用债
23,530029.OF,建信荣元一年定开债券发起式,"刘思,闫晗",中长期纯债券型基金,稳定大基金公司,稳定长,稳定小,稳定信用债
24,531028.OF,建信短债债券A,"陈建良,李星佑,吴沛文",短期纯债券型基金,稳定大基金公司,稳定短,稳定小,
25,650001.OF,英大纯债债券A,"张大铮,张婧珣,易祺坤",混合债券型基金(一级),稳定大基金公司,稳定中,稳定中,稳定信用债
26,675041.OF,西部利得合享A,刘心峰,混合债券型基金(一级),稳定大基金公司,稳定短,稳定中,稳定信用债
27,960040.OF,南方多利增强债券H,李璇,混合债券型基金(一级),稳定大基金公司,稳定短,稳定小,
28,970096.OF,东证融汇禧悦90天滚动A,"李卿睿,应洁茜,郑铮",混合债券型基金(一级),稳定大基金公司,稳定短,稳定小,
29,970098.OF,东证融汇鑫享30天滚动A,"李卿睿,应洁茜,郑铮",混合债券型基金(一级),稳定大基金公司,稳定短,稳定小,
30,970132.OF,东证融汇添添益中短债A,"郑铮,李卿睿,应洁茜",短期纯债券型基金,稳定大基金公司,稳定短,稳定小,
31,H000355.OF,南方丰元H,李璇,混合债券型基金(一级),稳定大基金公司,稳定短,稳定小,
32,H202108.OF,南方润元纯债债券H,金凌志,中长期纯债券型基金,稳定大基金公司,稳定短,稳定小,
33,H217003.OF,招商安泰债券H,刘万锋,混合债券型基金(一级),稳定大基金公司,稳定短,稳定小,
34,160128.SZ,南方金利定开债券A,李璇,中长期纯债券型基金,稳定大基金公司,稳定中,稳定大,稳定信用债
35,160515.SZ,博时安丰18个月定开债A,王帅,中长期纯债券型基金,稳定大基金公司,稳定长,稳定大,轮动基金
36,160618.SZ,鹏华丰泽债券(LOF),"祝松,邓明明",混合债券型基金(一级),稳定大基金公司,稳定中,稳定小,稳定信用债
37,161014.SZ,富国汇利回报定期开放债券,黄纪亮,混合债券型基金(一级),稳定大基金公司,稳定中,稳定大,稳定信用债
38,161019.SZ,富国新天锋债券(LOF)A,武磊,混合债券型基金(一级),稳定大基金公司,稳定长,稳定大,稳定信用债
39,161115.SZ,易方达岁丰添利债券A,"张凯頔,胡剑",混合债券型基金(一级),稳定大基金公司,稳定中,稳定小,稳定信用债
40,161117.SZ,易方达永旭定期开放债券,李一硕,中长期纯债券型基金,稳定大基金公司,稳定短,稳定大,稳定信用债
41,162715.SZ,广发聚源债券(LOF)A,吴迪,中长期纯债券型基金,稳定大基金公司,稳定中,稳定小,稳定信用债
42,164703.SZ,汇添富纯债(LOF),胡娜,混合债券型基金(一级),稳定大基金公司,稳定中,稳定大,稳定信用债
43,000005.OF,嘉实增强信用定期债券,轩璇,混合债券型基金(一级),稳定大基金公司,稳定中,稳定大,稳定信用债
44,000032.OF,易方达信用债债券A,"胡剑,纪玲云",中长期纯债券型基金,稳定大基金公司,稳定长,稳定大,稳定信用债
45,000037.OF,广发景宁纯债A,宋倩倩,中长期纯债券型基金,稳定大基金公司,稳定长,稳定大,稳定信用债
46,000053.OF,鹏华永诚一年定开债券,刘涛,中长期纯债券型基金,稳定大基金公司,稳定长,稳定大,稳定信用债
47,000084.OF,博时安盈债券A,黄海峰,短期纯债券型基金,稳定大基金公司,稳定中,稳定中,稳定信用债
48,000090.OF,民生加银高等级信用债债券A,李文君,短期纯债券型基金,稳定大基金公司,稳定短,稳定中,
49,000111.OF,易方达纯债1年定期开放债券A,李一硕,中长期纯债券型基金,稳定大基金公司,稳定短,稳定大,稳定信用债
50,000137.OF,民生加银岁岁增利债券A,李文君,中长期纯债券型基金,稳定大基金公司,稳定长,稳定中,稳定信用债
51,000139.OF,富国国有企业债债券A/B,张波,中长期纯债券型基金,稳定大基金公司,稳定短,稳定小,稳定信用债
52,000147.OF,易方达高等级信用债债券A,胡剑,中长期纯债券型基金,稳定大基金公司,稳定长,稳定中,稳定信用债
53,000183.OF,嘉实丰益策略定期债券,轩璇,混合债券型基金(一级),稳定大基金公司,稳定中,稳定大,稳定信用债
54,000186.OF,华泰柏瑞季季红债券A,罗远航,中长期纯债券型基金,稳定大基金公司,稳定长,稳定中,稳定信用债
55,000187.OF,华泰柏瑞丰盛纯债债券A,何子建,中长期纯债券型基金,稳定大基金公司,稳定长,稳定中,稳定信用债
56,000191.OF,富国信用债债券A/B,"黄纪亮,吕春杰,陈倩",中长期纯债券型基金,稳定大基金公司,稳定中,稳定中,稳定信用债
57,000205.OF,易方达投资级信用债债券A,王晓晨,中长期纯债券型基金,稳定大基金公司,稳定中,稳定小,稳定信用债
58,000207.OF,建信双债增强A,彭紫云,混合债券型基金(一级),稳定大基金公司,稳定短,稳定小,稳定信用债
59,000244.OF,天弘稳利定期开放A,柴文婷,混合债券型基金(一级),稳定大基金公司,稳定短,稳定中,稳定信用债
60,000252.OF,景顺长城景兴信用纯债债券A,何江波,中长期纯债券型基金,稳定大基金公司,稳定长,稳定中,稳定信用债
61,000254.OF,长城定期开放债券A,张棪,混合债券型基金(一级),稳定大基金公司,稳定长,稳定中,稳定信用债
62,000265.OF,易方达恒久1年定期债券A,藏海涛,中长期纯债券型基金,稳定大基金公司,稳定中,稳定大,稳定信用债
63,000295.OF,鹏华丰实定期开放债券A,"方昶,王石千",混合债券型基金(一级),稳定大基金公司,稳定短,稳定中,稳定信用债
64,000345.OF,鹏华丰融定期开放债券,刘涛,混合债券型基金(一级),稳定大基金公司,稳定中,稳定小,稳定信用债
65,000346.OF,建信安心回报6个月定期开放债券A,"闫晗,彭紫云",混合债券型基金(一级),稳定大基金公司,稳定短,稳定中,稳定信用债
66,000355.OF,南方丰元信用增强债券A,李璇,混合债券型基金(一级),稳定大基金公司,稳定短,稳定小,稳定信用债
67,000402.OF,工银纯债债券A,"张略钊,谷衡",中长期纯债券型基金,稳定大基金公司,稳定长,稳定中,稳定信用债
68,000469.OF,富国目标齐利一年期纯债债券,"张洋,黄纪亮",中长期纯债券型基金,稳定大基金公司,稳定中,稳定大,稳定信用债
69,000516.OF,富国祥利一年期定期开放债券型A,黄纪亮,中长期纯债券型基金,稳定大基金公司,稳定长,稳定大,稳定信用债
70,000546.OF,兴业定开债券A,"腊博,周鸣",混合债券型基金(一级),稳定大基金公司,稳定长,稳定小,稳定信用债
71,000552.OF,中加纯债一年A,闫沛贤,中长期纯债券型基金,稳定大基金公司,稳定中,稳定大,稳定信用债
72,000606.OF,天弘优选债券,刘洋,中长期纯债券型基金,稳定大基金公司,稳定中,稳定中,稳定信用债
73,000783.OF,博时季季享三个月持有期债券A,"于渤洋,黄海峰",短期纯债券型基金,稳定大基金公司,稳定短,稳定小,稳定信用债
74,000799.OF,民生加银半年理财,李文君,短期纯债券型基金,稳定大基金公司,稳定短,稳定小,
75,000815.OF,鑫元合享纯债A,郭卉,中长期纯债券型基金,稳定大基金公司,稳定长,稳定大,
76,000914.OF,中加纯债债券,闫沛贤,中长期纯债券型基金,稳定大基金公司,稳定长,稳定中,稳定信用债
77,000931.OF,国寿安保尊益信用纯债债券,"陶尹斌,丁宇佳",混合债券型基金(一级),稳定大基金公司,稳定中,稳定中,稳定信用债
78,000943.OF,工银中高等级信用债债券A,陈桂都,中长期纯债券型基金,稳定大基金公司,稳定中,稳定小,稳定信用债
79,001246.OF,兴银长乐定开债,"范泰奇,陶国峰,王深",中长期纯债券型基金,稳定大基金公司,稳定中,稳定大,稳定信用债
80,001299.OF,兴业添利债券,"伍方方,周鸣",中长期纯债券型基金,稳定大基金公司,稳定长,稳定小,稳定信用债
81,001368.OF,兴业稳固收益一年理财债券,"周鸣,王卓然",中长期纯债券型基金,稳定大基金公司,稳定短,稳定中,稳定信用债
82,001369.OF,兴业稳固收益两年理财债券,唐丁祥,中长期纯债券型基金,稳定大基金公司,稳定短,稳定小,
83,001545.OF,博时裕嘉3个月定开债发起式,郭思洁,中长期纯债券型基金,稳定大基金公司,稳定短,稳定小,稳定信用债
84,001578.OF,博时裕瑞纯债债券,"李汉楠,李秋实,何平",中长期纯债券型基金,稳定大基金公司,稳定中,稳定中,稳定信用债
85,001619.OF,兴银汇福定开债,范泰奇,中长期纯债券型基金,稳定大基金公司,稳定中,稳定中,稳定信用债
86,001783.OF,兴银合盈债券A,王深,中长期纯债券型基金,稳定大基金公司,稳定中,稳定小,稳定信用债
87,001785.OF,民生加银岁岁增利债券D,李文君,中长期纯债券型基金,稳定大基金公司,稳定长,稳定中,
88,001819.OF,兴全稳益定开债券,"翟秀华,王健,石广翔",中长期纯债券型基金,稳定大基金公司,稳定长,稳定大,稳定信用债
89,001911.OF,博时裕恒纯债债券,郭思洁,中长期纯债券型基金,稳定大基金公司,稳定长,稳定中,稳定信用债
90,001960.OF,兴银瑞益,"洪木妹,王深,陶国峰",中长期纯债券型基金,稳定大基金公司,稳定长,稳定中,稳定信用债
91,001961.OF,博时裕荣纯债债券,郭思洁,中长期纯债券型基金,稳定大基金公司,稳定中,稳定中,稳定信用债
92,001993.OF,博时裕泰纯债债券,李汉楠,中长期纯债券型基金,稳定大基金公司,稳定中,稳定大,稳定信用债
93,002109.OF,博时裕丰3个月定开债发起式,"王帅,程卓",中长期纯债券型基金,稳定大基金公司,稳定长,稳定大,轮动基金
94,002140.OF,博时裕诚纯债债券,郭思洁,中长期纯债券型基金,稳定大基金公司,稳定长,稳定中,稳定信用债
95,002143.OF,博时裕坤3个月定开债发起式,郭思洁,中长期纯债券型基金,稳定大基金公司,稳定中,稳定中,稳定信用债
96,002169.OF,永赢稳益债券,陶毅,中长期纯债券型基金,稳定大基金公司,稳定长,稳定中,稳定信用债
97,002175.OF,博时裕乾纯债A,何平,中长期纯债券型基金,稳定大基金公司,稳定长,稳定小,稳定信用债
98,002188.OF,鹏华丰华债券,刘涛,中长期纯债券型基金,稳定大基金公司,稳定长,稳定小,稳定信用债
99,002198.OF,博时裕达纯债,王帅,中长期纯债券型基金,稳定大基金公司,稳定长,稳定中,稳定信用债
100,002206.OF,博时裕康纯债,王帅,中长期纯债券型基金,稳定大基金公司,稳定长,稳定大,稳定信用债
101,002268.OF,兴业丰利债券,伍方方,中长期纯债券型基金,稳定大基金公司,稳定长,稳定中,稳定信用债
102,002301.OF,兴业短债债券A,刘禹含,短期纯债券型基金,稳定大基金公司,稳定短,稳定小,稳定信用债
103,002336.OF,创金合信尊享纯债债券A,郑振源,中长期纯债券型基金,稳定大基金公司,稳定中,稳定小,稳定信用债
104,002341.OF,招商招瑞纯债债券发起式A,刘万锋,中长期纯债券型基金,稳定大基金公司,稳定中,稳定中,稳定信用债
105,002354.OF,博时裕腾纯债,李秋实,中长期纯债券型基金,稳定大基金公司,稳定中,稳定中,轮动基金
106,002377.OF,建信睿怡纯债A,"吴沛文,闫晗",混合债券型基金(一级),稳定大基金公司,稳定长,稳定中,轮动基金
107,002395.OF,鹏华丰尚定期开放债券A,刘涛,混合债券型基金(一级),稳定大基金公司,稳定短,稳定中,稳定信用债
108,002438.OF,创金合信尊盛纯债债券,郑振源,中长期纯债券型基金,稳定大基金公司,稳定长,稳定大,轮动基金
109,002445.OF,兴业丰泰债券,王卓然,中长期纯债券型基金,稳定大基金公司,稳定中,稳定大,稳定信用债
110,002447.OF,博时裕安一年定开债发起式,李汉楠,中长期纯债券型基金,稳定大基金公司,稳定中,稳定小,稳定信用债
111,002466.OF,博时裕新纯债,郭思洁,中长期纯债券型基金,稳定大基金公司,稳定中,稳定中,稳定信用债
112,002483.OF,富国泰利定期开放债券发起式,俞晓斌,混合债券型基金(一级),稳定大基金公司,稳定短,稳定小,稳定信用债
113,002524.OF,兴业福益债券,唐丁祥,混合债券型基金(一级),稳定大基金公司,稳定中,稳定中,稳定信用债
114,002548.OF,嘉实稳瑞纯债债券,"王立芹,韩同利,闫红蕾",中长期纯债券型基金,稳定大基金公司,稳定长,稳定中,稳定信用债
115,002549.OF,嘉实稳祥纯债债券A,王亚洲,中长期纯债券型基金,稳定大基金公司,稳定长,稳定小,轮动基金
116,002552.OF,华夏恒利3个月定开债券,孙蕾,混合债券型基金(一级),稳定大基金公司,稳定中,稳定大,稳定信用债
117,002568.OF,博时裕发纯债债券,于渤洋,中长期纯债券型基金,稳定大基金公司,稳定长,稳定中,稳定信用债
118,002578.OF,博时裕泉纯债债券,李秋实,中长期纯债券型基金,稳定大基金公司,稳定短,稳定小,稳定信用债
119,002600.OF,易方达裕景添利6个月定期开放债券,李一硕,混合债券型基金(一级),稳定大基金公司,稳定长,稳定大,稳定信用债
120,002603.OF,工银瑞信瑞丰半年定期开放纯债债券,李娜,中长期纯债券型基金,稳定大基金公司,稳定短,稳定小,稳定信用债
121,002625.OF,博时安怡6个月定开债,王帅,混合债券型基金(一级),稳定大基金公司,稳定长,稳定中,稳定信用债
122,002638.OF,兴业天融债券,雷志强,中长期纯债券型基金,稳定大基金公司,稳定长,稳定大,稳定信用债
123,002698.OF,博时裕利纯债债券,陈黎,中长期纯债券型基金,稳定大基金公司,稳定短,稳定小,稳定信用债
124,002716.OF,博时裕通3个月定开债发起式A,何平,中长期纯债券型基金,稳定大基金公司,稳定长,稳定大,稳定信用债
125,002750.OF,工银泰享三年理财债券,陈桂都,中长期纯债券型基金,稳定大基金公司,稳定中,稳定大,稳定信用债
126,002754.OF,博时裕创纯债,李汉楠,中长期纯债券型基金,稳定大基金公司,稳定长,稳定大,轮动基金
127,002755.OF,博时裕盛纯债,李汉楠,中长期纯债券型基金,稳定大基金公司,稳定中,稳定小,稳定信用债
128,002781.OF,博时聚瑞6个月定开债发起式,于渤洋,中长期纯债券型基金,稳定大基金公司,稳定中,稳定小,稳定信用债
129,002832.OF,工银恒享纯债债券A,"杨曼丽,陈桂都",中长期纯债券型基金,稳定大基金公司,稳定中,稳定小,稳定信用债
130,002864.OF,广发安泽短债A,刘志辉,短期纯债券型基金,稳定大基金公司,稳定短,稳定小,稳定信用债
131,002868.OF,鹏华丰茂债券,杜培俊,中长期纯债券型基金,稳定大基金公司,稳定长,稳定中,稳定信用债
132,002898.OF,富国两年期理财债券A,俞晓斌,中长期纯债券型基金,稳定大基金公司,稳定中,稳定中,
133,002904.OF,博时安仁一年定开债发起式A,李汉楠,中长期纯债券型基金,稳定大基金公司,稳定短,稳定中,稳定信用债
134,002927.OF,长盛盛和纯债A,王贵君,中长期纯债券型基金,稳定大基金公司,稳定短,稳定中,稳定信用债
135,002929.OF,博时聚盈纯债债券,于渤洋,中长期纯债券型基金,稳定大基金公司,稳定长,稳定小,稳定信用债
136,002930.OF,博时聚润纯债债券,王帅,中长期纯债券型基金,稳定大基金公司,稳定中,稳定大,稳定信用债
137,002970.OF,博时裕昂纯债债券,李汉楠,中长期纯债券型基金,稳定大基金公司,稳定中,稳定小,稳定信用债
138,002985.OF,中银季季红定期开放债券,易芳菲,混合债券型基金(一级),稳定大基金公司,稳定短,稳定小,轮动基金
139,002991.OF,嘉实稳鑫纯债债券,李卓锴,中长期纯债券型基金,稳定大基金公司,稳定长,稳定小,稳定信用债
140,002994.OF,招商招裕纯债A,"王闯,康晶",中长期纯债券型基金,稳定大基金公司,稳定长,稳定中,稳定信用债
141,003039.OF,广发集富纯债A,吴迪,中长期纯债券型基金,稳定大基金公司,稳定中,稳定大,稳定信用债
142,003102.OF,长盛盛裕纯债A,王贵君,中长期纯债券型基金,稳定大基金公司,稳定长,稳定大,轮动基金
143,003155.OF,中加丰尚纯债债券A,王霈,中长期纯债券型基金,稳定大基金公司,稳定中,稳定小,稳定信用债
144,003162.OF,博时富宁纯债债券,李秋实,中长期纯债券型基金,稳定大基金公司,稳定短,稳定小,稳定信用债
145,003188.OF,博时聚源纯债债券A,黄海峰,中长期纯债券型基金,稳定大基金公司,稳定长,稳定大,稳定信用债
146,003192.OF,创金合信尊丰纯债,郑振源,混合债券型基金(一级),稳定大基金公司,稳定中,稳定中,稳定信用债
147,003193.OF,创金合信尊智纯债A,郑振源,混合债券型基金(一级),稳定大基金公司,稳定短,稳定中,稳定信用债
148,003209.OF,鹏华丰达债券,杜培俊,中长期纯债券型基金,稳定大基金公司,稳定长,稳定中,稳定信用债
149,003213.OF,中银悦享定期开放债券,白洁,中长期纯债券型基金,稳定大基金公司,稳定中,稳定小,稳定信用债
150,003214.OF,易方达富惠纯债债券A,李一硕,中长期纯债券型基金,稳定大基金公司,稳定中,稳定大,稳定信用债
151,003223.OF,广发景丰纯债,吴迪,中长期纯债券型基金,稳定大基金公司,稳定中,稳定中,
152,003258.OF,博时富祥纯债债券A,陈黎,中长期纯债券型基金,稳定大基金公司,稳定短,稳定中,轮动基金
153,003260.OF,博时利发纯债债券A,王帅,中长期纯债券型基金,稳定大基金公司,稳定长,稳定大,稳定信用债
154,003265.OF,招商招坤纯债A,郭敏,中长期纯债券型基金,稳定大基金公司,稳定长,稳定小,稳定信用债
155,003268.OF,博时悦楚纯债债券,郭思洁,中长期纯债券型基金,稳定大基金公司,稳定中,稳定中,稳定信用债
156,003269.OF,招商招乾3个月定开债发起式A,王梓林,中长期纯债券型基金,稳定大基金公司,稳定中,稳定中,稳定信用债
157,003280.OF,鹏华丰恒债券,方昶,中长期纯债券型基金,稳定大基金公司,稳定短,稳定中,轮动基金
158,003285.OF,国寿安保安康纯债债券,李一鸣,中长期纯债券型基金,稳定大基金公司,稳定长,稳定中,稳定信用债
159,003289.OF,创金合信尊泰纯债,郑振源,混合债券型基金(一级),稳定大基金公司,稳定中,稳定中,稳定信用债
160,003290.OF,长城久稳债券A,吴冰燕,中长期纯债券型基金,稳定大基金公司,稳定短,稳定中,轮动基金
161,003309.OF,兴业启元一年定开债券A,唐丁祥,混合债券型基金(一级),稳定大基金公司,稳定中,稳定大,稳定信用债
162,003313.OF,中银睿享定期开放债券,白洁,中长期纯债券型基金,稳定大基金公司,稳定长,稳定小,稳定信用债
163,003315.OF,景顺长城政策性金融债A,"陈健宾,何江波",中长期纯债券型基金,稳定大基金公司,稳定中,稳定大,稳定信用债
164,003327.OF,万家鑫璟纯债A,"周慧,周潜玮",中长期纯债券型基金,稳定大基金公司,稳定长,稳定小,稳定信用债
165,003329.OF,万家鑫安纯债A,"周慧,周潜玮",中长期纯债券型基金,稳定大基金公司,稳定短,稳定中,稳定信用债
166,003417.OF,中加丰泽纯债,袁素,中长期纯债券型基金,稳定大基金公司,稳定长,稳定中,稳定信用债
167,003428.OF,中加丰盈一年定期开放债券型发起式,于跃,混合债券型基金(一级),稳定大基金公司,稳定短,稳定大,稳定信用债
168,003445.OF,中加丰享纯债债券,王霈,中长期纯债券型基金,稳定大基金公司,稳定中,稳定中,稳定信用债
169,003452.OF,招商招盛纯债A,李家辉,中长期纯债券型基金,稳定大基金公司,稳定长,稳定中,稳定信用债
170,003454.OF,招商招通纯债A,黄晓婷,中长期纯债券型基金,稳定大基金公司,稳定中,稳定小,稳定信用债
171,003528.OF,汇添富长添利定期开放债券A,杨靖,混合债券型基金(一级),稳定大基金公司,稳定长,稳定大,稳定信用债
172,003547.OF,鹏华丰禄债券,刘涛,中长期纯债券型基金,稳定大基金公司,稳定长,稳定大,轮动基金
173,003571.OF,招商招琪纯债A,王梓林,中长期纯债券型基金,稳定大基金公司,稳定中,稳定中,稳定信用债
174,003590.OF,建信睿富纯债债券,刘思,中长期纯债券型基金,稳定大基金公司,稳定中,稳定小,稳定信用债
175,003605.OF,景顺长城景泰汇利定期开放债券A,何江波,混合债券型基金(一级),稳定大基金公司,稳定长,稳定大,稳定信用债
176,003607.OF,博时富益纯债债券,于渤洋,中长期纯债券型基金,稳定大基金公司,稳定中,稳定中,稳定信用债
177,003640.OF,兴业裕丰债券,冯小波,中长期纯债券型基金,稳定大基金公司,稳定长,稳定小,稳定信用债
178,003651.OF,博时丰达6个月定开债发起式,郭思洁,中长期纯债券型基金,稳定大基金公司,稳定长,稳定中,稳定信用债
179,003660.OF,中加纯债两年债券A,于跃,混合债券型基金(一级),稳定大基金公司,稳定短,稳定中,稳定信用债
180,003662.OF,鹏华永盛定期开放债券,"祝松,杜培俊,应琛",混合债券型基金(一级),稳定大基金公司,稳定中,稳定大,稳定信用债
181,003671.OF,兴业裕恒债券,雷志强,中长期纯债券型基金,稳定大基金公司,稳定长,稳定大,稳定信用债
182,003673.OF,中加丰裕纯债债券A,王霈,中长期纯债券型基金,稳定大基金公司,稳定长,稳定小,稳定信用债
183,003703.OF,博时富鑫纯债债券A,"唐薇,张李陵",中长期纯债券型基金,稳定大基金公司,稳定长,稳定中,轮动基金
184,003730.OF,博时富华纯债债券,李汉楠,中长期纯债券型基金,稳定大基金公司,稳定短,稳定大,稳定信用债
185,003746.OF,广发汇瑞3个月定期开放债券,赵子良,中长期纯债券型基金,稳定大基金公司,稳定短,稳定中,稳定信用债
186,003770.OF,中银丰庆定期开放债券,白洁,中长期纯债券型基金,稳定大基金公司,稳定长,稳定小,稳定信用债
187,003809.OF,招商招顺纯债A,刘万锋,中长期纯债券型基金,稳定大基金公司,稳定短,稳定中,稳定信用债
188,003832.OF,中银丰润定期开放债券,易芳菲,中长期纯债券型基金,稳定大基金公司,稳定中,稳定小,稳定信用债
189,003847.OF,华安鼎丰债券发起式A,"李邦长,康钊,郑如熙",中长期纯债券型基金,稳定大基金公司,稳定中,稳定中,稳定信用债
190,003859.OF,招商招旭纯债A,郭敏,中长期纯债券型基金,稳定大基金公司,稳定长,稳定小,稳定信用债
191,003863.OF,招商招祥纯债A,"马龙,王梓林",中长期纯债券型基金,稳定大基金公司,稳定长,稳定中,稳定信用债
192,003869.OF,长信稳势纯债债券,"杜国昊,邹依恩",中长期纯债券型基金,稳定大基金公司,稳定短,稳定小,稳定信用债
193,003929.OF,中银证券安进债券A,"余亮,王玉玺",中长期纯债券型基金,稳定大基金公司,稳定长,稳定小,稳定信用债
194,003949.OF,兴全稳泰债券A,王帅,中长期纯债券型基金,稳定大基金公司,稳定长,稳定小,稳定信用债
195,003983.OF,鹏华丰惠债券,杜培俊,中长期纯债券型基金,稳定大基金公司,稳定长,稳定中,稳定信用债
196,004020.OF,广发景祥纯债,赵子良,中长期纯债券型基金,稳定大基金公司,稳定短,稳定小,稳定信用债
197,004027.OF,广发景源纯债A,"刘志辉,方抗",中长期纯债券型基金,稳定大基金公司,稳定中,稳定中,稳定信用债
198,004030.OF,嘉实丰安6个月定期债券,王亚洲,中长期纯债券型基金,稳定大基金公司,稳定短,稳定中,稳定信用债
199,004031.OF,鑫元添利三个月定期开放债券,郭卉,混合债券型基金(一级),稳定小基金公司,稳定短,稳定中,稳定信用债
200,004032.OF,工银丰淳半年定开债券,陈桂都,中长期纯债券型基金,稳定小基金公司,稳定中,稳定中,稳定信用债
201,004042.OF,华夏鼎茂债券A,刘明宇,中长期纯债券型基金,稳定小基金公司,稳定长,稳定大,轮动基金
202,004052.OF,华夏鼎智债券A,孙蕾,中长期纯债券型基金,稳定小基金公司,稳定短,稳定小,稳定信用债
203,004061.OF,华夏鼎隆债券A,孙蕾,中长期纯债券型基金,稳定小基金公司,稳定短,稳定中,稳定信用债
204,004118.OF,博时裕鹏纯债债券,王帅,中长期纯债券型基金,稳定小基金公司,稳定中,稳定小,稳定信用债
205,004122.OF,兴银长益三个月定开债,范泰奇,中长期纯债券型基金,稳定小基金公司,稳定中,稳定中,稳定信用债
206,004126.OF,浦银安盛稳健增利债券(LOF)A,章潇枫,混合债券型基金(一级),稳定小基金公司,稳定中,稳定小,
207,004127.OF,鹏华丰康债券A,"杜培俊,应琛,祝松",中长期纯债券型基金,稳定小基金公司,稳定长,稳定中,稳定信用债
208,004136.OF,博时民泽纯债债券,倪玉娟,中长期纯债券型基金,稳定小基金公司,稳定长,稳定中,轮动基金
209,004140.OF,兴业福鑫债券,伍方方,中长期纯债券型基金,稳定小基金公司,稳定长,稳定中,稳定信用债
210,004141.OF,兴业瑞丰6个月定开债券,冯小波,中长期纯债券型基金,稳定小基金公司,稳定中,稳定小,稳定信用债
211,004200.OF,博时富瑞纯债债券A,倪玉娟,中长期纯债券型基金,稳定小基金公司,稳定中,稳定大,稳定信用债
212,004230.OF,永赢添益债券,吴玮,中长期纯债券型基金,稳定小基金公司,稳定长,稳定中,稳定信用债
213,004238.OF,永赢瑞益债券A,"余国豪,杨凡颖",中长期纯债券型基金,稳定小基金公司,稳定中,稳定小,稳定信用债
214,004307.OF,博时富元纯债债券,"王帅,李汉楠",中长期纯债券型基金,稳定小基金公司,稳定中,稳定中,稳定信用债
215,004322.OF,创金尊隆纯债A,郑振源,混合债券型基金(一级),稳定小基金公司,稳定中,稳定中,稳定信用债
216,004334.OF,博时广利3个月定开债发起式,于渤洋,中长期纯债券型基金,稳定小基金公司,稳定长,稳定中,稳定信用债
217,004366.OF,博时汇享纯债债券A,王帅,中长期纯债券型基金,稳定小基金公司,稳定中,稳定中,稳定信用债
218,004388.OF,鹏华丰享债券,方昶,中长期纯债券型基金,稳定小基金公司,稳定中,稳定中,稳定信用债
219,004438.OF,鹏华永安定期开放债券,邓明明,中长期纯债券型基金,稳定小基金公司,稳定长,稳定大,稳定信用债
220,004459.OF,鑫元瑞利定开债券,郭卉,中长期纯债券型基金,稳定小基金公司,稳定长,稳定中,稳定信用债
221,004479.OF,博时富和纯债债券,李秋实,中长期纯债券型基金,稳定小基金公司,稳定中,稳定中,稳定信用债
222,004498.OF,鹏华丰源债券,刘涛,中长期纯债券型基金,稳定小基金公司,稳定中,稳定中,稳定信用债
223,004499.OF,鹏华丰瑞债券,刘涛,中长期纯债券型基金,稳定小基金公司,稳定长,稳定中,轮动基金
224,004503.OF,鹏华永泰定期开放债券,"祝松,应琛",混合债券型基金(一级),稳定小基金公司,稳定长,稳定大,稳定信用债
225,004504.OF,鹏华永泽定期开放债券,"方昶,王石千",混合债券型基金(一级),稳定小基金公司,稳定中,稳定大,稳定信用债
226,004544.OF,嘉实稳华纯债债券A,王亚洲,中长期纯债券型基金,稳定小基金公司,稳定短,稳定小,轮动基金
227,004547.OF,华夏稳定双利债券A,张海静,混合债券型基金(一级),稳定小基金公司,稳定长,稳定小,
228,004555.OF,南方和元A,"黄斌斌,施彦珏",中长期纯债券型基金,稳定小基金公司,稳定中,稳定中,稳定信用债
229,004601.OF,博时富腾纯债债券,郭思洁,中长期纯债券型基金,稳定小基金公司,稳定中,稳定中,稳定信用债
230,004614.OF,鹏扬利泽债券A,"焦翠,陈钟闻",短期纯债券型基金,稳定小基金公司,稳定中,稳定小,轮动基金
231,004637.OF,华夏鼎兴债券A,孙蕾,中长期纯债券型基金,稳定小基金公司,稳定短,稳定小,稳定信用债
232,004639.OF,华夏恒慧一年定开债券,张海静,中长期纯债券型基金,稳定小基金公司,稳定长,稳定大,稳定信用债
233,004655.OF,汇添富鑫汇债券A,杨靖,混合债券型基金(一级),稳定小基金公司,稳定长,稳定小,稳定信用债
234,004672.OF,华夏短债债券A,刘明宇,短期纯债券型基金,稳定小基金公司,稳定短,稳定大,轮动基金
235,004689.OF,博时丰庆纯债债券,李汉楠,中长期纯债券型基金,稳定小基金公司,稳定长,稳定中,稳定信用债
236,004705.OF,南方祥元A,黄斌斌,中长期纯债券型基金,稳定小基金公司,稳定短,稳定大,稳定信用债
237,004722.OF,中银丰和定期开放债券,郑涛,中长期纯债券型基金,稳定小基金公司,稳定长,稳定小,稳定信用债
238,004728.OF,中欧瑾泰债券A,LI TONG,中长期纯债券型基金,稳定小基金公司,稳定长,稳定中,稳定信用债
239,004736.OF,富国鼎利纯债三个月定开债,武磊,中长期纯债券型基金,稳定小基金公司,稳定短,稳定大,稳定信用债
240,004797.OF,国寿安保安盛纯债3个月定开债券发起式,"卢珊,黄力",中长期纯债券型基金,稳定小基金公司,稳定短,稳定大,稳定信用债
241,004821.OF,国寿安保安吉纯债半年定开债券发起式,"吴闻,李一鸣",混合债券型基金(一级),稳定小基金公司,稳定长,稳定大,稳定信用债
242,004839.OF,银华安颐中短债双月持有期债券A,王树丽,短期纯债券型基金,稳定小基金公司,稳定中,稳定中,稳定信用债
243,004859.OF,泰康年年红纯债一年债券,经惠云,混合债券型基金(一级),稳定小基金公司,稳定长,稳定大,稳定信用债
244,004882.OF,中银丰荣定期开放债券,郑涛,中长期纯债券型基金,稳定小基金公司,稳定长,稳定小,稳定信用债
245,004887.OF,长信稳通三个月定开债券发起式,"邹依恩,杜国昊",中长期纯债券型基金,稳定小基金公司,稳定短,稳定小,稳定信用债
246,004899.OF,中银信享定期开放债券,白洁,中长期纯债券型基金,稳定小基金公司,稳定长,稳定小,稳定信用债
247,004910.OF,中加颐享纯债债券A,于跃,中长期纯债券型基金,稳定小基金公司,稳定中,稳定小,稳定信用债
248,004911.OF,中加纯债定开债券A,王霈,中长期纯债券型基金,稳定小基金公司,稳定中,稳定中,稳定信用债
249,004919.OF,兴全兴泰债券,"王帅,田志祥,季伟杰",中长期纯债券型基金,稳定小基金公司,稳定中,稳定大,稳定信用债
250,004920.OF,富国泓利纯债债券型发起式A,武磊,中长期纯债券型基金,稳定小基金公司,稳定短,稳定大,稳定信用债
251,004923.OF,华夏鼎祥三个月定期开放债券A,孙蕾,中长期纯债券型基金,稳定小基金公司,稳定短,稳定小,稳定信用债
252,004940.OF,中加聚鑫纯债一年A,袁素,混合债券型基金(一级),稳定小基金公司,稳定长,稳定大,稳定信用债
253,004954.OF,中银证券中高等级债券A,王玉玺,中长期纯债券型基金,稳定小基金公司,稳定短,稳定中,稳定信用债
254,004956.OF,中银证券安誉债券A,余亮,中长期纯债券型基金,稳定小基金公司,稳定短,稳定小,轮动基金
255,004978.OF,富国聚利纯债三个月定开债发起式,"刘瀚驰,朱梦娜",中长期纯债券型基金,稳定小基金公司,稳定中,稳定大,稳定信用债
256,005024.OF,南方兴利半年定开债券发起,"李璇,杜才超",中长期纯债券型基金,稳定小基金公司,稳定中,稳定大,稳定信用债
257,005072.OF,中银丰进定期开放债券,易芳菲,中长期纯债券型基金,稳定小基金公司,稳定长,稳定小,稳定信用债
258,005073.OF,永赢永益债券A,徐沛琳,中长期纯债券型基金,稳定小基金公司,稳定长,稳定中,稳定信用债
259,005099.OF,易方达富华纯债债券A,藏海涛,中长期纯债券型基金,稳定小基金公司,稳定中,稳定中,
260,005124.OF,易方达恒益定开债券发起式,胡剑,中长期纯债券型基金,稳定小基金公司,稳定中,稳定大,稳定信用债
261,005171.OF,富国景利纯债债券,"朱梦娜,陈倩",中长期纯债券型基金,稳定小基金公司,稳定中,稳定小,稳定信用债
262,005200.OF,浦银普瑞A,章潇枫,中长期纯债券型基金,稳定小基金公司,稳定中,稳定小,轮动基金
263,005307.OF,财通资管鸿达纯债债券A,"王珊,陈希希",中长期纯债券型基金,稳定小基金公司,稳定短,稳定小,稳定信用债
264,005309.OF,中银证券汇嘉定期开放债券,"吕文晔,余亮",中长期纯债券型基金,稳定小基金公司,稳定长,稳定小,稳定信用债
265,005321.OF,中银证券汇宇定期开放债券,余亮,中长期纯债券型基金,稳定小基金公司,稳定长,稳定小,稳定信用债
266,005322.OF,中银丰禧定期开放债券,郑涛,中长期纯债券型基金,稳定小基金公司,稳定短,稳定小,稳定信用债
267,005336.OF,中加颐慧定开债券A,王霈,中长期纯债券型基金,稳定小基金公司,稳定中,稳定中,稳定信用债
268,005362.OF,中银证券安源债券A,吕文晔,中长期纯债券型基金,稳定小基金公司,稳定短,稳定中,稳定信用债
269,005364.OF,华夏鼎顺三个月定开债券A,张海静,中长期纯债券型基金,稳定小基金公司,稳定长,稳定中,稳定信用债
270,005369.OF,富国臻利纯债定期开放债券型发起式,武磊,中长期纯债券型基金,稳定小基金公司,稳定长,稳定大,稳定信用债
271,005383.OF,富国绿色纯债一年定开债券,朱梦娜,中长期纯债券型基金,稳定小基金公司,稳定短,稳定小,稳定信用债
272,005388.OF,兴业安弘3个月定开债券发起式,刘禹含,中长期纯债券型基金,稳定小基金公司,稳定短,稳定大,稳定信用债
273,005393.OF,南方卓利3个月定开债发起式,"金凌志,李璇",中长期纯债券型基金,稳定小基金公司,稳定中,稳定中,轮动基金
274,005398.OF,鹏扬淳优债券,"王莹莹,陈钟闻",中长期纯债券型基金,稳定小基金公司,稳定中,稳定大,稳定信用债
275,005419.OF,中欧聚瑞债券A,"周锦程,LI TONG",混合债券型基金(一级),稳定小基金公司,稳定中,稳定中,稳定信用债
276,005432.OF,上银聚鸿益三个月定开债券发起式,"蔡唯峰,许佳",中长期纯债券型基金,稳定小基金公司,稳定长,稳定大,稳定信用债
277,005435.OF,国投瑞银顺银债券,李鸥,中长期纯债券型基金,稳定小基金公司,稳定短,稳定小,稳定信用债
278,005439.OF,易方达恒安定开债券发起式,李一硕,中长期纯债券型基金,稳定小基金公司,稳定短,稳定大,稳定信用债
279,005442.OF,兴业安和6个月定开债券发起式,冯小波,中长期纯债券型基金,稳定小基金公司,稳定长,稳定小,稳定信用债
280,005462.OF,博时富业3个月定开债发起式,"倪玉娟,吕瑞君",中长期纯债券型基金,稳定小基金公司,稳定长,稳定大,稳定信用债
281,005469.OF,南方浙利定开债券发起,黄斌斌,中长期纯债券型基金,稳定小基金公司,稳定中,稳定中,稳定信用债
282,005525.OF,工银瑞祥定开发起式债券,"赵建,李娜",混合债券型基金(一级),稳定小基金公司,稳定中,稳定大,稳定信用债
283,005531.OF,华安安悦债券A,郑如熙,中长期纯债券型基金,稳定小基金公司,稳定中,稳定中,轮动基金
284,005577.OF,交银丰晟收益债券A,于海颖,中长期纯债券型基金,稳定小基金公司,稳定中,稳定中,稳定信用债
285,005590.OF,添富鑫永定开债A,胡娜,混合债券型基金(一级),稳定小基金公司,稳定中,稳定中,稳定信用债
286,005594.OF,招商添润3个月定开债发起式A,李家辉,中长期纯债券型基金,稳定小基金公司,稳定中,稳定中,稳定信用债
287,005606.OF,招商招鸿6个月定开债发起式,刘万锋,中长期纯债券型基金,稳定小基金公司,稳定长,稳定小,稳定信用债
288,005622.OF,博时富安3个月定开债发起式,"李秋实,黄海峰",中长期纯债券型基金,稳定小基金公司,稳定长,稳定中,稳定信用债
289,005631.OF,博时富乾3个月定开债发起式,于渤洋,中长期纯债券型基金,稳定小基金公司,稳定长,稳定中,稳定信用债
290,005648.OF,招商添琪3个月定开债发起式A,"姜南林,李家辉",中长期纯债券型基金,稳定小基金公司,稳定中,稳定中,稳定信用债
291,005666.OF,上银慧佳盈债券,楼昕宇,中长期纯债券型基金,稳定小基金公司,稳定长,稳定中,稳定信用债
292,005670.OF,嘉实致兴定期纯债债券,"王立芹,赵国英",中长期纯债券型基金,稳定小基金公司,稳定长,稳定大,稳定信用债
293,005684.OF,财通资管鸿睿12个月定开债券A,"陈希希,顾宇笛",混合债券型基金(一级),稳定小基金公司,稳定中,稳定中,稳定信用债
294,005703.OF,永赢增益债券A,谢越,中长期纯债券型基金,稳定小基金公司,稳定中,稳定小,稳定信用债
295,005705.OF,永赢恒益债券,章成,中长期纯债券型基金,稳定小基金公司,稳定长,稳定大,稳定信用债
296,005709.OF,华安鼎益债券A,郑如熙,中长期纯债券型基金,稳定小基金公司,稳定短,稳定中,稳定信用债
297,005710.OF,兴业嘉润3个月定开债券发起式,雷志强,中长期纯债券型基金,稳定小基金公司,稳定长,稳定大,稳定信用债
298,005712.OF,兴全祥泰定期开放债券,"石广翔,王健,翟秀华",中长期纯债券型基金,稳定小基金公司,稳定长,稳定大,稳定信用债
299,005718.OF,长信富瑞两年定开债券A,"杜国昊,邹依恩",中长期纯债券型基金,稳定小基金公司,稳定短,稳定大,稳定信用债
300,005719.OF,招商招诚半年定开债发起式,李家辉,中长期纯债券型基金,稳定小基金公司,稳定中,稳定中,稳定信用债
301,005736.OF,中欧兴华债券,"洪慧梅,周锦程,LI TONG",中长期纯债券型基金,稳定小基金公司,稳定中,稳定大,稳定信用债
302,005740.OF,易方达恒信定开债券发起式,胡剑,中长期纯债券型基金,稳定小基金公司,稳定长,稳定大,稳定信用债
303,005754.OF,平安短债A,欧阳亮,短期纯债券型基金,稳定小基金公司,稳定短,稳定中,稳定信用债
304,005772.OF,工银瑞景定开发起式债券,陈桂都,中长期纯债券型基金,稳定小基金公司,稳定短,稳定小,稳定信用债
305,005781.OF,华富富瑞3个月定期开放债券,倪莉莎,中长期纯债券型基金,稳定小基金公司,稳定短,稳定小,稳定信用债
306,005782.OF,创金合信汇益纯债一年定开债券A,郑振源,混合债券型基金(一级),稳定小基金公司,稳定短,稳定大,稳定信用债
307,005784.OF,创金合信汇誉纯债六个月定开债券A,郑振源,混合债券型基金(一级),稳定小基金公司,稳定中,稳定小,稳定信用债
308,005791.OF,华夏鼎福三个月定开债券A,孙蕾,中长期纯债券型基金,稳定小基金公司,稳定长,稳定大,稳定信用债
309,005816.OF,国泰农惠定期开放债券,刘嵩扬,混合债券型基金(一级),稳定小基金公司,稳定短,稳定中,稳定信用债
310,005820.OF,博时富兴纯债3个月定开债发起式,陈黎,中长期纯债券型基金,稳定小基金公司,稳定长,稳定大,稳定信用债
311,005831.OF,鹏华尊悦定开债发起式,刘涛,中长期纯债券型基金,稳定小基金公司,稳定长,稳定中,稳定信用债
312,005836.OF,创金合信泰盈双季红定开债券A,郑振源,中长期纯债券型基金,稳定小基金公司,稳定短,稳定中,稳定信用债
313,005841.OF,富国尊利纯债定期开放债券型发起式,武磊,中长期纯债券型基金,稳定小基金公司,稳定中,稳定大,稳定信用债
314,005842.OF,海富通弘丰定开债券,"陈轶平,方昆明",中长期纯债券型基金,稳定小基金公司,稳定长,稳定中,稳定信用债
315,005845.OF,长城久荣定期开放债券型发起式,吴冰燕,中长期纯债券型基金,稳定小基金公司,稳定短,稳定小,稳定信用债
316,005853.OF,财通聚利债券,罗晓倩,中长期纯债券型基金,稳定小基金公司,稳定短,稳定中,稳定信用债
317,005854.OF,财通汇利债券,闫梦璇,中长期纯债券型基金,稳定小基金公司,稳定短,稳定中,稳定信用债
318,005862.OF,华夏鼎禄三个月定开债券A,孙蕾,混合债券型基金(一级),稳定小基金公司,稳定长,稳定中,稳定信用债
319,005864.OF,国投瑞银顺达纯债债券,"敬夏玺,李鸥",中长期纯债券型基金,稳定小基金公司,稳定中,稳定中,稳定信用债
320,005871.OF,天弘荣享,"任明,刘洋",混合债券型基金(一级),稳定小基金公司,稳定长,稳定小,稳定信用债
321,005879.OF,中加颐兴定开债券,"颜灵珊,闫沛贤",中长期纯债券型基金,稳定小基金公司,稳定短,稳定大,稳定信用债
322,005897.OF,平安合颖定开债,"张文平,张恒",中长期纯债券型基金,稳定小基金公司,稳定长,稳定小,稳定信用债
323,005898.OF,浦银安盛盛泽定开债券,陶祺,中长期纯债券型基金,稳定小基金公司,稳定长,稳定大,稳定信用债
324,005920.OF,富国颐利纯债债券,"吕春杰,李金柳",中长期纯债券型基金,稳定小基金公司,稳定中,稳定小,稳定信用债
325,005921.OF,农银金鑫定开债券,郭振宇,混合债券型基金(一级),稳定小基金公司,稳定中,稳定大,稳定信用债
326,005931.OF,国联恒裕纯债A,哈默,混合债券型基金(一级),稳定小基金公司,稳定短,稳定中,稳定信用债
327,005971.OF,平安惠锦债券,欧阳亮,中长期纯债券型基金,稳定小基金公司,稳定中,稳定小,稳定信用债
328,005972.OF,交银裕如纯债债券A,"于海颖,张顺晨",中长期纯债券型基金,稳定小基金公司,稳定短,稳定中,轮动基金
329,005988.OF,兴业纯债6个月定开债券A,伍方方,混合债券型基金(一级),稳定小基金公司,稳定长,稳定小,稳定信用债
330,006029.OF,鹏华尊享定期开放发起式债券,应琛,中长期纯债券型基金,稳定小基金公司,稳定短,稳定小,稳定信用债
331,006032.OF,创金合信汇泽三个月定开债券A,郑振源,中长期纯债券型基金,稳定小基金公司,稳定短,稳定小,稳定信用债
332,006043.OF,永赢惠益债券A,吴玮,中长期纯债券型基金,稳定小基金公司,稳定长,稳定小,稳定信用债
333,006045.OF,长城久瑞三个月定期开放债券发起式,"张棪,吴冰燕",中长期纯债券型基金,稳定小基金公司,稳定中,稳定大,稳定信用债
334,006053.OF,中航瑞景3个月定开A,茅勇峰,混合债券型基金(一级),稳定小基金公司,稳定短,稳定小,稳定信用债
335,006066.OF,中加颐睿纯债债券A,于跃,中长期纯债券型基金,稳定小基金公司,稳定中,稳定小,稳定信用债
336,006076.OF,创金合信恒利超短债债券A,"谢创,吕沂洋,郑振源",混合债券型基金(一级),稳定小基金公司,稳定短,稳定中,稳定信用债
337,006082.OF,鑫元全利一年定期开放债券发起式A,郭卉,中长期纯债券型基金,稳定小基金公司,稳定长,稳定小,稳定信用债
338,006088.OF,永赢润益债券A,章成,中长期纯债券型基金,稳定小基金公司,稳定短,稳定大,稳定信用债
339,006097.OF,平安高等级债A,欧阳亮,混合债券型基金(一级),稳定小基金公司,稳定中,稳定小,稳定信用债
340,006107.OF,招商添利6个月定开债发起式A,"刘万锋,康晶",中长期纯债券型基金,稳定小基金公司,稳定中,稳定中,稳定信用债
341,006112.OF,易方达恒惠定开债券发起式,李一硕,中长期纯债券型基金,稳定小基金公司,稳定长,稳定小,轮动基金
342,006116.OF,国泰丰祺纯债债券A,"胡智磊,索峰",中长期纯债券型基金,稳定小基金公司,稳定长,稳定中,稳定信用债
343,006120.OF,国联聚明定期开放债券,"王玥,石霄蒙",混合债券型基金(一级),稳定小基金公司,稳定中,稳定大,稳定信用债
344,006137.OF,广发汇立定期开放债券,赵子良,中长期纯债券型基金,稳定小基金公司,稳定短,稳定大,稳定信用债
345,006150.OF,招商添利两年债券,"马龙,李家辉",混合债券型基金(一级),稳定小基金公司,稳定短,稳定大,稳定信用债
346,006151.OF,南方交元债券,"陈霜阳,李璇",中长期纯债券型基金,稳定小基金公司,稳定长,稳定小,稳定信用债
347,006169.OF,工银瑞福纯债债券A,李娜,中长期纯债券型基金,稳定小基金公司,稳定短,稳定小,稳定信用债
348,006171.OF,鹏扬淳利定期开放债券,"陈钟闻,王莹莹",中长期纯债券型基金,稳定小基金公司,稳定中,稳定大,轮动基金
349,006172.OF,万家鑫悦纯债A,周潜玮,中长期纯债券型基金,稳定小基金公司,稳定长,稳定小,稳定信用债
350,006191.OF,华夏鼎通债券A,吴彬,中长期纯债券型基金,稳定小基金公司,稳定长,稳定中,稳定信用债
351,006275.OF,永赢聚益债券A,徐沛琳,中长期纯债券型基金,稳定小基金公司,稳定长,稳定大,稳定信用债
352,006287.OF,永赢盛益债券A,章成,中长期纯债券型基金,稳定小基金公司,稳定长,稳定大,稳定信用债
353,006319.OF,易方达安瑞短债债券A,"王晓晨,石大怿",短期纯债券型基金,稳定小基金公司,稳定短,稳定小,稳定信用债
354,006325.OF,招商添荣3个月定开债发起式A,康晶,中长期纯债券型基金,稳定小基金公司,稳定长,稳定小,稳定信用债
355,006332.OF,招商金鸿债券A,黄晓婷,中长期纯债券型基金,稳定小基金公司,稳定中,稳定中,稳定信用债
356,006360.OF,财通资管鸿益中短债债券A,李杰,短期纯债券型基金,稳定小基金公司,稳定短,稳定小,稳定信用债
357,006367.OF,交银裕祥纯债债券A,季参平,中长期纯债券型基金,稳定小基金公司,稳定长,稳定大,稳定信用债
358,006378.OF,广发汇宏6个月定开债,赵子良,中长期纯债券型基金,稳定小基金公司,稳定中,稳定中,稳定信用债
359,006393.OF,招商添德3个月定开债A,黄晓婷,中长期纯债券型基金,稳定小基金公司,稳定短,稳定小,稳定信用债
360,006405.OF,华富恒盛纯债债券A,倪莉莎,中长期纯债券型基金,稳定小基金公司,稳定短,稳定大,稳定信用债
361,006411.OF,中加颐智纯债债券,王霈,中长期纯债券型基金,稳定小基金公司,稳定短,稳定小,轮动基金
362,006421.OF,中银弘享债券A,易芳菲,中长期纯债券型基金,稳定小基金公司,稳定长,稳定大,稳定信用债
363,006427.OF,招商添悦纯债A,刘万锋,中长期纯债券型基金,稳定小基金公司,稳定长,稳定小,稳定信用债
364,006434.OF,鹏华3个月中短债A,"王康佳,张佳蕾",短期纯债券型基金,稳定小基金公司,稳定长,稳定中,稳定信用债
365,006436.OF,浦银中短债A,曹治国,短期纯债券型基金,稳定小基金公司,稳定短,稳定大,稳定信用债
366,006450.OF,嘉实致盈债券,"张文佳,王立芹",混合债券型基金(一级),稳定小基金公司,稳定长,稳定大,稳定信用债
367,006464.OF,浦银普益A,章潇枫,中长期纯债券型基金,稳定小基金公司,稳定中,稳定小,稳定信用债
368,006468.OF,嘉实稳联纯债债券,李金灿,中长期纯债券型基金,稳定小基金公司,稳定中,稳定大,轮动基金
369,006489.OF,招商添裕纯债A,"向霈,马龙",中长期纯债券型基金,稳定小基金公司,稳定中,稳定小,稳定信用债
370,006504.OF,广发汇承定期开放债券,宋倩倩,中长期纯债券型基金,稳定小基金公司,稳定长,稳定中,稳定信用债
371,006517.OF,南方吉元短债A,黄斌斌,短期纯债券型基金,稳定小基金公司,稳定短,稳定小,稳定信用债
372,006552.OF,广发汇兴3个月定期开放债券,赵子良,中长期纯债券型基金,稳定小基金公司,稳定中,稳定小,稳定信用债
373,006570.OF,中金金元A,"董珊珊,闫雯雯",混合债券型基金(一级),稳定小基金公司,稳定短,稳定小,稳定信用债
374,006582.OF,博时富永3个月定开债发起式,李秋实,中长期纯债券型基金,稳定小基金公司,稳定中,稳定中,稳定信用债
375,006591.OF,广发景明中短债A,宋倩倩,短期纯债券型基金,稳定小基金公司,稳定短,稳定中,稳定信用债
376,006597.OF,国泰利享中短债债券A,"陶然,丁士恒",短期纯债券型基金,稳定小基金公司,稳定短,稳定小,稳定信用债
377,006599.OF,国寿安保安丰纯债债券,李一鸣,混合债券型基金(一级),稳定小基金公司,稳定短,稳定大,稳定信用债
378,006617.OF,工银瑞泽定开债券,陈桂都,中长期纯债券型基金,稳定小基金公司,稳定长,稳定小,稳定信用债
379,006626.OF,山证超短债基金A,"缪佳,刘凌云",短期纯债券型基金,稳定小基金公司,稳定短,稳定小,稳定信用债
380,006629.OF,招商鑫悦中短债A,郭敏,短期纯债券型基金,稳定小基金公司,稳定短,稳定小,稳定信用债
381,006635.OF,永赢伟益债券,章成,中长期纯债券型基金,稳定小基金公司,稳定长,稳定中,稳定信用债
382,006646.OF,添富短债债券A,杨靖,短期纯债券型基金,稳定小基金公司,稳定短,稳定中,稳定信用债
383,006653.OF,南方畅利定开债券发起,黄斌斌,中长期纯债券型基金,稳定小基金公司,稳定中,稳定小,稳定信用债
384,006660.OF,永赢昌益债券A,徐沛琳,中长期纯债券型基金,稳定小基金公司,稳定中,稳定大,稳定信用债
385,006662.OF,易方达安悦超短债债券A,"梁莹,刘朝阳",短期纯债券型基金,稳定小基金公司,稳定短,稳定中,稳定信用债
386,006664.OF,易方达安悦超短债债券F,"梁莹,刘朝阳",短期纯债券型基金,稳定小基金公司,稳定短,稳定中,
387,006665.OF,华夏鼎康债券A,吴彬,中长期纯债券型基金,稳定小基金公司,稳定长,稳定小,稳定信用债
388,006668.OF,华夏中短债债券A,刘明宇,短期纯债券型基金,稳定小基金公司,稳定长,稳定大,稳定信用债
389,006677.OF,中银稳汇短债债券A,"朱水媚,白洁",短期纯债券型基金,稳定小基金公司,稳定短,稳定中,稳定信用债
390,006683.OF,富国国有企业债债券D,张波,中长期纯债券型基金,稳定小基金公司,稳定短,稳定小,
391,006684.OF,富国信用债债券D,"吕春杰,陈倩,黄纪亮",中长期纯债券型基金,稳定小基金公司,稳定中,稳定中,
392,006707.OF,永赢宏益债券A,谢越,中长期纯债券型基金,稳定小基金公司,稳定长,稳定中,稳定信用债
393,006714.OF,博时富源纯债债券A,"李秋实,何平",中长期纯债券型基金,稳定小基金公司,稳定长,稳定小,稳定信用债
394,006740.OF,工银尊利中短债债券A,张略钊,短期纯债券型基金,稳定小基金公司,稳定短,稳定小,稳定信用债
395,006750.OF,富国德利纯债三个月定期开放债券型发起式,"刘瀚驰,吕春杰",中长期纯债券型基金,稳定小基金公司,稳定短,稳定大,稳定信用债
396,006758.OF,农银汇理金禄债券,"郭振宇,周宇",中长期纯债券型基金,稳定小基金公司,稳定长,稳定大,稳定信用债
397,006764.OF,景顺长城景泰鑫利纯债A,何江波,中长期纯债券型基金,稳定小基金公司,稳定短,稳定小,稳定信用债
398,006771.OF,永赢合益债券,谢越,中长期纯债券型基金,稳定小基金公司,稳定短,稳定小,稳定信用债
399,006772.OF,汇添富丰润中短债A,杨靖,短期纯债券型基金,稳定小基金公司,稳定中,稳定小,稳定信用债
400,006776.OF,华夏鼎略债券A,孙蕾,中长期纯债券型基金,稳定小基金公司,稳定短,稳定小,稳定信用债
401,006782.OF,国泰信利三个月定期开放债券,"刘波,刘嵩扬",混合债券型基金(一级),稳定小基金公司,稳定短,稳定大,稳定信用债
402,006791.OF,建信睿兴纯债债券,刘思,中长期纯债券型基金,稳定小基金公司,稳定长,稳定小,稳定信用债
403,006793.OF,交银稳鑫短债债券A,"姬静,黄莹洁",短期纯债券型基金,稳定小基金公司,稳定短,稳定小,稳定信用债
404,006797.OF,嘉实中短债债券A,李金灿,短期纯债券型基金,稳定小基金公司,稳定短,稳定小,稳定信用债
405,006804.OF,富国短债债券型A,"张波,刘爱民",短期纯债券型基金,稳定小基金公司,稳定短,稳定中,稳定信用债
406,006806.OF,西部利得添盈短债债券A,刘心峰,短期纯债券型基金,稳定小基金公司,稳定短,稳定小,稳定信用债
407,006824.OF,创金合信鑫日享短债债券A,"闫一帆,谢创,张贺章",混合债券型基金(一级),稳定小基金公司,稳定短,稳定小,轮动基金
408,006829.OF,鹏扬利沣短债A,陈钟闻,短期纯债券型基金,稳定小基金公司,稳定短,稳定中,轮动基金
409,006834.OF,工银尊享短债债券A,王朔,短期纯债券型基金,稳定小基金公司,稳定短,稳定中,稳定信用债
410,006838.OF,鑫元荣利三个月定开债发起式,郭卉,中长期纯债券型基金,稳定小基金公司,稳定长,稳定小,稳定信用债
411,006841.OF,嘉实致享纯债债券,"赵国英,张文佳",中长期纯债券型基金,稳定小基金公司,稳定长,稳定大,稳定信用债
412,006846.OF,福建国有企业债6个月定期开放债券A,易芳菲,中长期纯债券型基金,稳定小基金公司,稳定中,稳定大,稳定信用债
413,006850.OF,永赢颐利债券,谢越,中长期纯债券型基金,稳定小基金公司,稳定中,稳定中,稳定信用债
414,006852.OF,永赢迅利中高等级短债A,卢绮婷,短期纯债券型基金,稳定小基金公司,稳定短,稳定中,稳定信用债
415,006869.OF,广发政策性金融债,"赵子良,洪志",中长期纯债券型基金,稳定小基金公司,稳定中,稳定中,稳定信用债
416,006874.OF,创金合信恒兴中短债债券A,"黄佳祥,郑振源,谢创",混合债券型基金(一级),稳定小基金公司,稳定中,稳定中,稳定信用债
417,006884.OF,添富AAA级信用纯债A,杨靖,中长期纯债券型基金,稳定小基金公司,稳定短,稳定中,稳定信用债
418,006885.OF,添富AAA级信用纯债C,杨靖,中长期纯债券型基金,稳定小基金公司,稳定短,稳定中,
419,006893.OF,汇添富丰利短债A,"郑文旭,胡娜",短期纯债券型基金,稳定小基金公司,稳定短,稳定小,稳定信用债
420,006901.OF,上银慧祥利债券A,许佳,中长期纯债券型基金,稳定小基金公司,稳定中,稳定小,稳定信用债
421,006907.OF,银华安鑫短债债券A,"王树丽,魏昕宇",短期纯债券型基金,稳定小基金公司,稳定长,稳定大,稳定信用债
422,006915.OF,南方亨元A,黄斌斌,中长期纯债券型基金,稳定小基金公司,稳定中,稳定小,稳定信用债
423,006919.OF,国寿安保泰和纯债债券,丁宇佳,混合债券型基金(一级),稳定小基金公司,稳定长,稳定中,稳定信用债
424,006929.OF,博时富融纯债债券,王帅,中长期纯债券型基金,稳定小基金公司,稳定短,稳定小,稳定信用债
425,006934.OF,平安3-5年期政策性金融债债券A,"刘晓兰,苏宁,张璐",中长期纯债券型基金,稳定小基金公司,稳定长,稳定小,
426,006936.OF,华安安盛定开,康钊,中长期纯债券型基金,稳定小基金公司,稳定长,稳定大,稳定信用债
427,006944.OF,永赢悦利债券,"徐沛琳,吴玮",中长期纯债券型基金,稳定小基金公司,稳定中,稳定中,稳定信用债
428,006953.OF,华安安业债券A,康钊,中长期纯债券型基金,稳定小基金公司,稳定短,稳定中,稳定信用债
429,006955.OF,国泰惠富纯债债券A,"索峰,胡智磊",中长期纯债券型基金,稳定小基金公司,稳定长,稳定中,稳定信用债
430,006956.OF,鹏华永润一年定期开放债券,刘涛,中长期纯债券型基金,稳定小基金公司,稳定中,稳定小,稳定信用债
431,006958.OF,鹏华永融一年定期开放债券,刘涛,中长期纯债券型基金,稳定小基金公司,稳定长,稳定中,轮动基金
432,006963.OF,中加颐瑾定开债券A,王霈,中长期纯债券型基金,稳定小基金公司,稳定中,稳定小,稳定信用债
433,006965.OF,财通安瑞短债债券A,"罗晓倩,闫梦璇",短期纯债券型基金,稳定小基金公司,稳定短,稳定小,稳定信用债
434,006970.OF,广发景利纯债,赵子良,中长期纯债券型基金,稳定小基金公司,稳定长,稳定小,稳定信用债
435,006984.OF,兴全恒瑞定开债券发起式,"张睿,季伟杰",中长期纯债券型基金,稳定小基金公司,稳定中,稳定大,稳定信用债
436,006985.OF,兴全恒裕债券A,王帅,混合债券型基金(一级),稳定小基金公司,稳定中,稳定中,稳定信用债
437,006986.OF,平安季添盈定开债A,欧阳亮,中长期纯债券型基金,稳定小基金公司,稳定短,稳定大,稳定信用债
438,006995.OF,南方惠利6个月定开债券A,金凌志,中长期纯债券型基金,稳定小基金公司,稳定中,稳定中,稳定信用债
439,006998.OF,广发景兴中短债A,宋倩倩,短期纯债券型基金,稳定小基金公司,稳定短,稳定中,稳定信用债
440,007017.OF,平安如意中短债A,"张文平,张璐",短期纯债券型基金,稳定小基金公司,稳定中,稳定中,稳定信用债
441,007050.OF,鑫元恒利三个月定期开放债券,郭卉,中长期纯债券型基金,稳定小基金公司,稳定短,稳定中,稳定信用债
442,007053.OF,平安季开鑫定开债A,张文平,中长期纯债券型基金,稳定小基金公司,稳定中,稳定中,稳定信用债
443,007061.OF,中加聚盈定开债券A,闫沛贤,混合债券型基金(一级),稳定小基金公司,稳定短,稳定小,稳定信用债
444,007068.OF,浦银安盛普丰纯债债券A,章潇枫,中长期纯债券型基金,稳定小基金公司,稳定长,稳定小,轮动基金
445,007086.OF,永赢汇利六个月定开债,钱布克,中长期纯债券型基金,稳定小基金公司,稳定中,稳定中,稳定信用债
446,007104.OF,易方达恒利3个月定期开放债券发起式,"刘琬姝,纪玲云,胡剑",中长期纯债券型基金,稳定小基金公司,稳定中,稳定大,稳定信用债
447,007105.OF,国泰丰鑫纯债债券,刘嵩扬,中长期纯债券型基金,稳定小基金公司,稳定短,稳定小,稳定信用债
448,007121.OF,中加裕盈纯债债券,王霈,中长期纯债券型基金,稳定小基金公司,稳定短,稳定小,稳定信用债
449,007145.OF,泰康安和纯债6个月定开债券,经惠云,中长期纯债券型基金,稳定小基金公司,稳定长,稳定大,稳定信用债
450,007158.OF,平安合盛定开债,张璐,中长期纯债券型基金,稳定小基金公司,稳定短,稳定小,稳定信用债
451,007167.OF,华安安和债券A,康钊,中长期纯债券型基金,稳定小基金公司,稳定短,稳定中,稳定信用债
452,007175.OF,国联聚通定期开放债券,"王玥,石霄蒙",中长期纯债券型基金,稳定小基金公司,稳定长,稳定大,稳定信用债
453,007184.OF,蜂巢添鑫纯债A,"李海涛,廖新昌",中长期纯债券型基金,稳定小基金公司,稳定长,稳定中,稳定信用债
454,007199.OF,永赢泰利债券A,"刘星宇,陶毅,杨野",中长期纯债券型基金,稳定小基金公司,稳定中,稳定小,稳定信用债
455,007201.OF,民生加银聚益纯债,"李文君,刘昊",中长期纯债券型基金,稳定小基金公司,稳定长,稳定小,轮动基金
456,007213.OF,华安安平定开,康钊,中长期纯债券型基金,稳定小基金公司,稳定中,稳定中,稳定信用债
457,007215.OF,国寿安保泰荣纯债债券,丁宇佳,混合债券型基金(一级),稳定小基金公司,稳定短,稳定大,稳定信用债
458,007220.OF,天弘华享三个月定开,潘昱杉,中长期纯债券型基金,稳定小基金公司,稳定短,稳定小,稳定信用债
459,007268.OF,山证裕睿6个月定开A,缪佳,混合债券型基金(一级),稳定小基金公司,稳定短,稳定大,稳定信用债
460,007278.OF,国泰兴富三个月定期开放债券,"刘嵩扬,胡智磊",中长期纯债券型基金,稳定小基金公司,稳定长,稳定大,稳定信用债
461,007295.OF,天弘安益A,"程仕湘,赵鼎龙",中长期纯债券型基金,稳定小基金公司,稳定短,稳定中,稳定信用债
462,007321.OF,鹏华金利债券,邓明明,中长期纯债券型基金,稳定小基金公司,稳定长,稳定小,稳定信用债
463,007342.OF,国投瑞银顺臻纯债债券A,李鸥,中长期纯债券型基金,稳定小基金公司,稳定长,稳定大,稳定信用债
464,007347.OF,永赢昌利债券A,陶毅,中长期纯债券型基金,稳定小基金公司,稳定长,稳定中,稳定信用债
465,007373.OF,永赢卓利债券,"张雪,杨凡颖",中长期纯债券型基金,稳定小基金公司,稳定短,稳定中,稳定信用债
466,007374.OF,永赢淳利债券,徐沛琳,中长期纯债券型基金,稳定小基金公司,稳定短,稳定中,稳定信用债
467,007408.OF,鹏扬淳开债券A,"王黎骁,陈钟闻",中长期纯债券型基金,稳定小基金公司,稳定长,稳定中,稳定信用债
468,007417.OF,泰康信用精选债券A,经惠云,中长期纯债券型基金,稳定小基金公司,稳定长,稳定大,稳定信用债
469,007427.OF,永赢凯利债券,"杨凡颖,张雪",中长期纯债券型基金,稳定小基金公司,稳定中,稳定中,稳定信用债
470,007440.OF,南方旭元A,金凌志,中长期纯债券型基金,稳定小基金公司,稳定短,稳定中,轮动基金
471,007451.OF,易方达恒兴3个月定开债券发起式,王晓晨,中长期纯债券型基金,稳定小基金公司,稳定中,稳定大,稳定信用债
472,007454.OF,民生加银嘉盈债券,李文君,中长期纯债券型基金,稳定小基金公司,稳定中,稳定小,轮动基金
473,007496.OF,农银汇理丰泽三年定期开放债券,"王明君,周宇,郭振宇",中长期纯债券型基金,稳定小基金公司,稳定中,稳定大,稳定信用债
474,007513.OF,博时富丰3个月定开债发起式,郭思洁,混合债券型基金(一级),稳定小基金公司,稳定短,稳定大,稳定信用债
475,007515.OF,鹏华稳利短债A,"王康佳,叶朝明",短期纯债券型基金,稳定小基金公司,稳定短,稳定中,稳定信用债
476,007517.OF,博时富淳3个月定开债发起式,郭思洁,中长期纯债券型基金,稳定小基金公司,稳定长,稳定中,稳定信用债
477,007525.OF,易方达年年恒夏纯债A,李一硕,中长期纯债券型基金,稳定小基金公司,稳定中,稳定大,稳定信用债
478,007529.OF,嘉实汇鑫中短债债券A,"赵国英,王立芹",短期纯债券型基金,稳定小基金公司,稳定中,稳定大,轮动基金
479,007535.OF,中欧盈和债券,LI TONG,中长期纯债券型基金,稳定小基金公司,稳定短,稳定大,稳定信用债
480,007537.OF,景顺长城景泰盈利纯债债券,彭成军,中长期纯债券型基金,稳定小基金公司,稳定中,稳定大,稳定信用债
481,007542.OF,永赢开泰中高等级中短债A,卢绮婷,短期纯债券型基金,稳定小基金公司,稳定短,稳定中,稳定信用债
482,007544.OF,鹏华尊晟定期开放发起式债券,应琛,中长期纯债券型基金,稳定小基金公司,稳定长,稳定大,稳定信用债
483,007555.OF,中航瑞明纯债A,茅勇峰,中长期纯债券型基金,稳定小基金公司,稳定长,稳定大,稳定信用债
484,007560.OF,国联恒鑫纯债A,哈默,中长期纯债券型基金,稳定小基金公司,稳定短,稳定大,稳定信用债
485,007562.OF,景顺长城景泰纯利债券A,彭成军,混合债券型基金(一级),稳定小基金公司,稳定中,稳定中,轮动基金
486,007572.OF,中加民丰纯债A,袁素,中长期纯债券型基金,稳定小基金公司,稳定中,稳定中,稳定信用债
487,007573.OF,农银丰盈定开债券,王明君,中长期纯债券型基金,稳定小基金公司,稳定长,稳定大,稳定信用债
488,007576.OF,华夏鼎琪三个月定开债券,孙蕾,中长期纯债券型基金,稳定小基金公司,稳定中,稳定小,稳定信用债
489,007584.OF,丰鑫债券,刘涛,中长期纯债券型基金,稳定小基金公司,稳定中,稳定中,稳定信用债
490,007585.OF,工银瑞弘3个月定开发起式债券,陈桂都,中长期纯债券型基金,稳定小基金公司,稳定短,稳定小,稳定信用债
491,007589.OF,嘉实致元42个月定期债券,王立芹,中长期纯债券型基金,稳定小基金公司,稳定长,稳定大,稳定信用债
492,007595.OF,招商添泽纯债A,康晶,中长期纯债券型基金,稳定小基金公司,稳定长,稳定中,稳定信用债
493,007600.OF,泰康润颐63个月定开债券,经惠云,中长期纯债券型基金,稳定小基金公司,稳定长,稳定大,稳定信用债
494,007603.OF,景顺长城中短债债券A类,彭成军,短期纯债券型基金,稳定小基金公司,稳定短,稳定中,稳定信用债
495,007616.OF,富国投资级信用债A,"黄纪亮,朱梦娜",中长期纯债券型基金,稳定小基金公司,稳定中,稳定小,稳定信用债
496,007618.OF,富国投资级信用债D,"朱梦娜,黄纪亮",中长期纯债券型基金,稳定小基金公司,稳定中,稳定小,
497,007619.OF,中欧润逸债券,LI TONG,中长期纯债券型基金,稳定小基金公司,稳定中,稳定大,稳定信用债
498,007645.OF,平安季享裕定开债A,张文平,混合债券型基金(一级),稳定小基金公司,稳定长,稳定小,稳定信用债
499,007653.OF,长盛稳益6个月A,"王贵君,段鹏",短期纯债券型基金,稳定小基金公司,稳定短,稳定小,
500,007659.OF,博时富汇3个月定开债发起式,何平,中长期纯债券型基金,稳定小基金公司,稳定长,稳定中,稳定信用债
501,007670.OF,嘉实商业银行精选债券,王立芹,中长期纯债券型基金,稳定小基金公司,稳定长,稳定小,稳定信用债
502,007680.OF,中加享利三年债券,于跃,中长期纯债券型基金,稳定小基金公司,稳定中,稳定大,稳定信用债
503,007681.OF,鹏华丰登债券,"张丽娟,吴国杰,刘涛",中长期纯债券型基金,稳定小基金公司,稳定中,稳定中,稳定信用债
504,007682.OF,鹏华锦利两年定期开放债券,"邓明明,应琛",中长期纯债券型基金,稳定小基金公司,稳定短,稳定大,稳定信用债
505,007691.OF,永赢泽利一年,钱布克,中长期纯债券型基金,稳定小基金公司,稳定中,稳定中,稳定信用债
506,007692.OF,永赢鼎利债券A,谢越,中长期纯债券型基金,稳定小基金公司,稳定长,稳定大,稳定信用债
507,007706.OF,南方聪元A,黄斌斌,中长期纯债券型基金,稳定小基金公司,稳定中,稳定中,稳定信用债
508,007714.OF,南方贺元利率债A,金凌志,中长期纯债券型基金,稳定小基金公司,稳定长,稳定中,稳定信用债
509,007716.OF,嘉实致华纯债债券,王立芹,中长期纯债券型基金,稳定小基金公司,稳定长,稳定大,稳定信用债
510,007717.OF,工银尊享短债债券F,王朔,短期纯债券型基金,稳定小基金公司,稳定短,稳定中,
511,007723.OF,鹏华锦润86个月定开债券,"邓明明,应琛",中长期纯债券型基金,稳定小基金公司,稳定长,稳定大,稳定信用债
512,007740.OF,天弘信益A,潘昱杉,中长期纯债券型基金,稳定小基金公司,稳定中,稳定中,稳定信用债
513,007744.OF,长盛安逸纯债债券A,王贵君,中长期纯债券型基金,稳定小基金公司,稳定中,稳定小,稳定信用债
514,007754.OF,上银慧永利中短期债券A,葛沁沁,短期纯债券型基金,稳定小基金公司,稳定短,稳定中,稳定信用债
515,007758.OF,平安乐享一年定开债A,段玮婧,中长期纯债券型基金,稳定小基金公司,稳定短,稳定大,稳定信用债
516,007761.OF,鑫元安睿三年定期开放债券,郭卉,中长期纯债券型基金,稳定小基金公司,稳定中,稳定大,稳定信用债
517,007762.OF,富国天盈债券(LOF)A,俞晓斌,混合债券型基金(一级),稳定小基金公司,稳定中,稳定小,
518,007772.OF,浦银安盛盛煊定开债券,陶祺,中长期纯债券型基金,稳定小基金公司,稳定中,稳定大,稳定信用债
519,007823.OF,天弘弘择短债A,王昌俊,短期纯债券型基金,稳定小基金公司,稳定短,稳定小,稳定信用债
520,007828.OF,创金合信信用红利债券A,"张贺章,郑振源,谢创",混合债券型基金(一级),稳定小基金公司,稳定短,稳定大,稳定信用债
521,007830.OF,建信荣瑞一年定期开放债券,刘思,中长期纯债券型基金,稳定小基金公司,稳定短,稳定大,
522,007836.OF,泰康润和两年定开债券,经惠云,中长期纯债券型基金,稳定小基金公司,稳定短,稳定大,稳定信用债
523,007852.OF,工银瑞安3个月定开纯债债券发起式,陈桂都,中长期纯债券型基金,稳定小基金公司,稳定短,稳定小,稳定信用债
524,007867.OF,华泰柏瑞锦泰一年定开债券,何子建,中长期纯债券型基金,稳定小基金公司,稳定短,稳定大,稳定信用债
525,007870.OF,鹏华尊信3个月定开发起式债券,杜培俊,中长期纯债券型基金,稳定小基金公司,稳定长,稳定大,稳定信用债
526,007871.OF,国泰惠享三个月定期开放债券,索峰,中长期纯债券型基金,稳定小基金公司,稳定中,稳定小,稳定信用债
527,007888.OF,农银金盈债券,郭振宇,中长期纯债券型基金,稳定小基金公司,稳定中,稳定中,稳定信用债
528,007915.OF,财通资管鸿福短债债券A,"王珊,李杰",短期纯债券型基金,稳定小基金公司,稳定短,稳定中,轮动基金
529,007928.OF,中加享润两年债券,袁素,中长期纯债券型基金,稳定小基金公司,稳定短,稳定大,稳定信用债
530,007930.OF,淳厚稳鑫债券A,江文军,混合债券型基金(一级),稳定小基金公司,稳定中,稳定中,稳定信用债
531,007935.OF,平安惠澜纯债A,张文平,中长期纯债券型基金,稳定小基金公司,稳定中,稳定大,稳定信用债
532,007948.OF,汇添富盛安39个月定开债,胡娜,中长期纯债券型基金,稳定小基金公司,稳定长,稳定大,
533,007949.OF,富国泽利纯债债券,武磊,中长期纯债券型基金,稳定小基金公司,稳定中,稳定中,稳定信用债
534,007953.OF,平安惠文纯债,段玮婧,中长期纯债券型基金,稳定小基金公司,稳定中,稳定中,轮动基金
535,007954.OF,平安惠涌纯债,欧阳亮,中长期纯债券型基金,稳定小基金公司,稳定中,稳定小,轮动基金
536,007958.OF,华泰柏瑞益通三个月定开债,罗远航,中长期纯债券型基金,稳定小基金公司,稳定长,稳定中,稳定信用债
537,007967.OF,大成惠嘉一年定开债券,曾婷婷,中长期纯债券型基金,稳定小基金公司,稳定短,稳定大,稳定信用债
538,007970.OF,国寿安保安泽纯债39个月定期开放债券,卢珊,中长期纯债券型基金,稳定小基金公司,稳定长,稳定大,稳定信用债
539,007985.OF,博时富悦纯债A,"王帅,张鹿",中长期纯债券型基金,稳定小基金公司,稳定长,稳定中,稳定信用债
540,007990.OF,富国汇远纯债三年定期开放债券A,朱梦娜,中长期纯债券型基金,稳定小基金公司,稳定长,稳定大,稳定信用债
541,007996.OF,博时富顺纯债债券,陈黎,中长期纯债券型基金,稳定小基金公司,稳定短,稳定中,轮动基金
542,007997.OF,易方达年年恒秋纯债一年定期开放债券A,李一硕,中长期纯债券型基金,稳定小基金公司,稳定短,稳定大,稳定信用债
543,008003.OF,大成通嘉三年定开债券A,曾婷婷,中长期纯债券型基金,稳定小基金公司,稳定长,稳定大,稳定信用债
544,008014.OF,天弘鑫利三年定开,"陈钢,柴文婷",中长期纯债券型基金,稳定小基金公司,稳定长,稳定大,稳定信用债
545,008017.OF,国泰惠信三年定期开放债券,刘嵩扬,中长期纯债券型基金,稳定小基金公司,稳定长,稳定大,稳定信用债
546,008018.OF,华富安兴39个月定期开放债券A,倪莉莎,中长期纯债券型基金,稳定小基金公司,稳定长,稳定大,稳定信用债
547,008022.OF,建信短债债券F,"李星佑,吴沛文,陈建良",短期纯债券型基金,稳定小基金公司,稳定短,稳定小,
548,008027.OF,工银泰和39个月定开债券A,王朔,中长期纯债券型基金,稳定小基金公司,稳定短,稳定大,稳定信用债
549,008030.OF,农银金益债券,郭振宇,中长期纯债券型基金,稳定小基金公司,稳定长,稳定大,稳定信用债
550,008031.OF,创金合信汇嘉三个月定开债券,郑振源,混合债券型基金(一级),稳定小基金公司,稳定长,稳定大,稳定信用债
551,008032.OF,海富通裕昇三年定开债券,"方昆明,张靖爽",中长期纯债券型基金,稳定小基金公司,稳定长,稳定大,稳定信用债
552,008048.OF,国联睿享86个月定开债券A,哈默,中长期纯债券型基金,稳定小基金公司,稳定长,稳定大,稳定信用债
553,008102.OF,中金鑫福87个月,董珊珊,中长期纯债券型基金,稳定小基金公司,稳定长,稳定大,稳定信用债
554,008104.OF,中金鑫裕A,董珊珊,中长期纯债券型基金,稳定小基金公司,稳定短,稳定大,
555,008117.OF,博时稳欣39个月定开债,"黄海峰,郭思洁",中长期纯债券型基金,稳定小基金公司,稳定长,稳定大,稳定信用债
556,008130.OF,广发汇优66个月定期开放债券,刘志辉,中长期纯债券型基金,稳定小基金公司,稳定中,稳定大,稳定信用债
557,008139.OF,鑫元一年定开中高等级,郭卉,混合债券型基金(一级),稳定小基金公司,稳定长,稳定大,稳定信用债
558,008170.OF,博时富添纯债债券A,"李更,倪玉娟",中长期纯债券型基金,稳定小基金公司,稳定长,稳定中,稳定信用债
559,008204.OF,交银稳利中短债债券A,黄莹洁,短期纯债券型基金,稳定小基金公司,稳定中,稳定中,稳定信用债
560,008207.OF,国泰合融纯债债券A,"刘嵩扬,魏伟",中长期纯债券型基金,稳定小基金公司,稳定中,稳定小,稳定信用债
561,008214.OF,华安鑫福定开债A,孙丽娜,中长期纯债券型基金,稳定小基金公司,稳定长,稳定小,稳定信用债
562,008217.OF,国泰聚盈三年定期开放债券,刘嵩扬,中长期纯债券型基金,稳定小基金公司,稳定长,稳定大,稳定信用债
563,008219.OF,西部利得尊逸三年定开债券,"刘心峰,李烨",中长期纯债券型基金,稳定小基金公司,稳定长,稳定大,稳定信用债
564,008223.OF,交银裕泰两年定期开放债券,"于海颖,张顺晨,魏玉敏",中长期纯债券型基金,稳定小基金公司,稳定短,稳定大,
565,008229.OF,鑫元安硕两年定期开放债券,郭卉,中长期纯债券型基金,稳定小基金公司,稳定短,稳定大,稳定信用债
566,008231.OF,海富通裕通30个月定开债券,"张靖爽,方昆明",中长期纯债券型基金,稳定小基金公司,稳定中,稳定大,
567,008242.OF,英大通盈纯债债券A,"吕一楠,易祺坤,张大铮",混合债券型基金(一级),稳定小基金公司,稳定短,稳定小,稳定信用债
568,008266.OF,华夏鼎明债券A,孙蕾,中长期纯债券型基金,稳定小基金公司,稳定短,稳定小,稳定信用债
569,008278.OF,国泰惠鑫一年定期开放债券,"丁士恒,陈育洁",混合债券型基金(一级),稳定小基金公司,稳定短,稳定大,稳定信用债
570,008302.OF,永赢易弘债券A,陶毅,中长期纯债券型基金,稳定小基金公司,稳定短,稳定中,稳定信用债
571,008316.OF,蜂巢添跃66个月定开债券,金之洁,中长期纯债券型基金,稳定小基金公司,稳定长,稳定大,
572,008338.OF,嘉实安元39个月定期纯债债券A,李卓锴,中长期纯债券型基金,稳定小基金公司,稳定长,稳定大,稳定信用债
573,008349.OF,华夏恒泰64个月定开债券,张海静,中长期纯债券型基金,稳定小基金公司,稳定中,稳定大,稳定信用债
574,008352.OF,交银裕坤纯债一年定期开放债券,"于海颖,张顺晨",中长期纯债券型基金,稳定小基金公司,稳定中,稳定大,稳定信用债
575,008366.OF,广发汇明一年定期开放债券,刘志辉,中长期纯债券型基金,稳定小基金公司,稳定短,稳定大,
576,008383.OF,招商安心收益债券A,马龙,混合债券型基金(一级),稳定小基金公司,稳定中,稳定大,
577,008406.OF,兴银汇裕定开债,王深,中长期纯债券型基金,稳定小基金公司,稳定短,稳定小,稳定信用债
578,008409.OF,景顺长城景泰裕利纯债A,彭成军,中长期纯债券型基金,稳定小基金公司,稳定短,稳定中,稳定信用债
579,008411.OF,博时富信纯债债券,陈黎,中长期纯债券型基金,稳定小基金公司,稳定中,稳定小,轮动基金
580,008429.OF,中信保诚嘉裕五年定开纯债,臧淑玲,中长期纯债券型基金,稳定小基金公司,稳定短,稳定大,稳定信用债
581,008460.OF,招商招和39个月定开债,康晶,中长期纯债券型基金,稳定小基金公司,稳定长,稳定大,稳定信用债
582,008463.OF,招商添瑞1年定开债A,"李家辉,马龙,欧阳倩蓉",中长期纯债券型基金,稳定小基金公司,稳定中,稳定中,稳定信用债
583,008465.OF,蜂巢添益纯债A,金之洁,中长期纯债券型基金,稳定小基金公司,稳定中,稳定中,稳定信用债
584,008471.OF,工银泰颐三年定开债券A,陈桂都,中长期纯债券型基金,稳定小基金公司,稳定长,稳定大,稳定信用债
585,008478.OF,天弘鑫意39个月定开债,柴文婷,中长期纯债券型基金,稳定小基金公司,稳定短,稳定大,稳定信用债
586,008493.OF,鹏华尊泰一年定开发起式债券,刘涛,混合债券型基金(一级),稳定小基金公司,稳定长,稳定大,稳定信用债
587,008497.OF,鹏扬浦利中短债A,陈钟闻,短期纯债券型基金,稳定小基金公司,稳定中,稳定小,稳定信用债
588,008508.OF,国联聚锦一年定开债券,石霄蒙,混合债券型基金(一级),稳定小基金公司,稳定长,稳定小,稳定信用债
589,008509.OF,南方得利一年定开债券发起,黄斌斌,中长期纯债券型基金,稳定小基金公司,稳定长,稳定中,稳定信用债
590,008516.OF,浦银安盛盛熙一年定开债券,曹治国,中长期纯债券型基金,稳定小基金公司,稳定中,稳定大,稳定信用债
591,008521.OF,富国汇优纯债63个月定期开放债券,朱梦娜,中长期纯债券型基金,稳定小基金公司,稳定中,稳定大,稳定信用债
592,008535.OF,兴银合盛定开债A,"王深,范泰奇",中长期纯债券型基金,稳定小基金公司,稳定长,稳定大,稳定信用债
593,008539.OF,工银开元利率债债券A,张略钊,中长期纯债券型基金,稳定小基金公司,稳定中,稳定小,轮动基金
594,008558.OF,永赢邦利债券A,"谢越,吴玮",中长期纯债券型基金,稳定小基金公司,稳定长,稳定中,稳定信用债
595,008568.OF,蜂巢丰业一年定开,"廖新昌,金之洁",中长期纯债券型基金,稳定小基金公司,稳定长,稳定大,稳定信用债
596,008569.OF,中航瑞智纯债A,茅勇峰,中长期纯债券型基金,稳定小基金公司,稳定长,稳定中,
597,008575.OF,财通裕惠63个月定开债券,闫梦璇,中长期纯债券型基金,稳定小基金公司,稳定中,稳定大,稳定信用债
598,008582.OF,兴银聚丰债券,王深,中长期纯债券型基金,稳定小基金公司,稳定短,稳定小,稳定信用债
599,008587.OF,淳厚中短债A,"祁洁萍,江文军",短期纯债券型基金,稳定小基金公司,稳定长,稳定中,稳定信用债
600,008596.OF,平安乐顺39个月定开债A,段玮婧,中长期纯债券型基金,稳定小基金公司,稳定长,稳定大,稳定信用债
601,008608.OF,广发汇浦三年定期开放债券,刘志辉,中长期纯债券型基金,稳定小基金公司,稳定短,稳定小,稳定信用债
602,008620.OF,嘉实致宁3个月定开纯债债券,王立芹,中长期纯债券型基金,稳定小基金公司,稳定中,稳定大,稳定信用债
603,008644.OF,天弘季季兴三个月定开A,"柴文婷,陈钢",中长期纯债券型基金,稳定小基金公司,稳定长,稳定大,稳定信用债
604,008646.OF,天弘增利短债A,"王昌俊,王顺利",短期纯债券型基金,稳定小基金公司,稳定短,稳定大,稳定信用债
605,008648.OF,嘉实致业一年定期纯债债券,"王立芹,崔思维",中长期纯债券型基金,稳定小基金公司,稳定中,稳定中,稳定信用债
606,008649.OF,华泰柏瑞锦兴39个月定开债券,何子建,中长期纯债券型基金,稳定小基金公司,稳定长,稳定小,稳定信用债
607,008650.OF,华泰柏瑞益商一年定开债券,罗远航,中长期纯债券型基金,稳定小基金公司,稳定中,稳定中,稳定信用债
608,008651.OF,博时富进一年期定开债发起式,李秋实,中长期纯债券型基金,稳定小基金公司,稳定中,稳定中,稳定信用债
609,008661.OF,嘉实致融一年定期债券,"轩璇,胡永青",混合债券型基金(一级),稳定小基金公司,稳定中,稳定大,稳定信用债
610,008674.OF,博时稳悦63个月定开债,陈黎,中长期纯债券型基金,稳定小基金公司,稳定中,稳定大,稳定信用债
611,008675.OF,华安鑫浦定开债A,孙丽娜,中长期纯债券型基金,稳定小基金公司,稳定长,稳定大,稳定信用债
612,008700.OF,泰康瑞丰3月定开债券,经惠云,混合债券型基金(一级),稳定小基金公司,稳定长,稳定大,稳定信用债
613,008722.OF,永赢欣益一年,吴玮,中长期纯债券型基金,稳定小基金公司,稳定长,稳定大,稳定信用债
614,008730.OF,天弘纯享一年定开,潘昱杉,中长期纯债券型基金,稳定小基金公司,稳定中,稳定小,稳定信用债
615,008738.OF,天弘兴享一年定开,"潘昱杉,柴文婷",中长期纯债券型基金,稳定小基金公司,稳定中,稳定大,稳定信用债
616,008746.OF,财通多利债券A,"闫梦璇,罗晓倩",中长期纯债券型基金,稳定小基金公司,稳定短,稳定小,稳定信用债
617,008761.OF,南方骏元中短期利率债债券,"黄斌斌,王润栋",短期纯债券型基金,稳定小基金公司,稳定中,稳定中,稳定信用债
618,008762.OF,天弘恒享一年定开,"潘昱杉,程明",中长期纯债券型基金,稳定小基金公司,稳定中,稳定中,稳定信用债
619,008774.OF,招商鑫福中短债A,李家辉,短期纯债券型基金,稳定小基金公司,稳定短,稳定小,稳定信用债
620,008796.OF,国联恒安纯债A,石霄蒙,中长期纯债券型基金,稳定小基金公司,稳定短,稳定小,稳定信用债
621,008802.OF,浦银安盛盛晖一年定开债券,"陶祺,翁凯骅",中长期纯债券型基金,稳定小基金公司,稳定长,稳定小,稳定信用债
622,008807.OF,鹏扬淳悦一年定开债券,焦翠,中长期纯债券型基金,稳定小基金公司,稳定中,稳定大,稳定信用债
623,008826.OF,天弘成享一年定开,"刘洋,彭玮",混合债券型基金(一级),稳定小基金公司,稳定长,稳定小,轮动基金
624,008829.OF,博时富洋一年定开债发起式,李秋实,中长期纯债券型基金,稳定小基金公司,稳定短,稳定小,稳定信用债
625,008857.OF,华夏鼎航债券A,孙蕾,中长期纯债券型基金,稳定小基金公司,稳定中,稳定中,稳定信用债
626,008862.OF,中银证券汇远定期开放债券,余亮,中长期纯债券型基金,稳定小基金公司,稳定短,稳定小,稳定信用债
627,008863.OF,中银证券汇兴定期开放债券,"王玉玺,曹张琪",中长期纯债券型基金,稳定小基金公司,稳定中,稳定大,稳定信用债
628,008875.OF,国寿安保尊恒利率债债券A,"李辉,卢珊",中长期纯债券型基金,稳定小基金公司,稳定中,稳定小,稳定信用债
629,008902.OF,国寿安保泰吉纯债一年定开债券发起式,丁宇佳,中长期纯债券型基金,稳定小基金公司,稳定短,稳定中,稳定信用债
630,008925.OF,鹏华尊达一年定开发起式债券,杜培俊,混合债券型基金(一级),稳定小基金公司,稳定长,稳定大,稳定信用债
631,008995.OF,中银证券安沛债券A,余亮,中长期纯债券型基金,稳定小基金公司,稳定长,稳定大,稳定信用债
632,009001.OF,长城泰利债券A,"张棪,吴冰燕",中长期纯债券型基金,稳定小基金公司,稳定中,稳定小,稳定信用债
633,009021.OF,鹏华丰诚债券A,"祝松,杜培俊",混合债券型基金(一级),稳定小基金公司,稳定长,稳定中,稳定信用债
634,009041.OF,浦银安盛普天纯债债券A,陶祺,中长期纯债券型基金,稳定小基金公司,稳定长,稳定中,轮动基金
635,009045.OF,浦银安盛盛智一年定开债券,曹治国,中长期纯债券型基金,稳定小基金公司,稳定长,稳定小,稳定信用债
636,009082.OF,华夏鼎佳债券A,张海静,中长期纯债券型基金,稳定小基金公司,稳定长,稳定中,稳定信用债
637,009091.OF,兴银汇悦定开债,范泰奇,中长期纯债券型基金,稳定小基金公司,稳定中,稳定中,稳定信用债
638,009105.OF,兴业嘉荣一年定开债券发起式,"王卓然,雷志强",中长期纯债券型基金,稳定小基金公司,稳定中,稳定大,稳定信用债
639,009148.OF,平安合聚定开债,段玮婧,中长期纯债券型基金,稳定小基金公司,稳定长,稳定小,稳定信用债
640,009166.OF,平安合享1年定开债,张璐,中长期纯债券型基金,稳定小基金公司,稳定长,稳定大,稳定信用债
641,009167.OF,博时富灿一年定开债发起式,李汉楠,中长期纯债券型基金,稳定小基金公司,稳定长,稳定小,稳定信用债
642,009207.OF,兴银汇智定开债,"洪木妹,王深",中长期纯债券型基金,稳定小基金公司,稳定短,稳定中,稳定信用债
643,009212.OF,易方达恒茂39个月定开债发起式,藏海涛,中长期纯债券型基金,稳定小基金公司,稳定短,稳定大,稳定信用债
644,009235.OF,景顺长城弘远66个月定期开放债券,何江波,中长期纯债券型基金,稳定小基金公司,稳定长,稳定大,稳定信用债
645,009237.OF,兴业绿色纯债一年定开债券A,冯小波,中长期纯债券型基金,稳定小基金公司,稳定长,稳定小,稳定信用债
646,009252.OF,蜂巢添元纯债A,金之洁,中长期纯债券型基金,稳定小基金公司,稳定短,稳定小,稳定信用债
647,009254.OF,蜂巢添禧87个月定开,"李海涛,金之洁",中长期纯债券型基金,稳定小基金公司,稳定长,稳定大,稳定信用债
648,009257.OF,工银尊利中短债债券F,张略钊,短期纯债券型基金,稳定小基金公司,稳定短,稳定小,
649,009271.OF,博时信用优选债券A,于渤洋,中长期纯债券型基金,稳定小基金公司,稳定中,稳定小,稳定信用债
650,009284.OF,上银慧丰利债券,"许佳,高永",中长期纯债券型基金,稳定小基金公司,稳定长,稳定小,稳定信用债
651,009289.OF,富国长江经济带纯债债券,"吕春杰,张洋",中长期纯债券型基金,稳定小基金公司,稳定中,稳定中,稳定信用债
652,009290.OF,富国添享一年持有期债券A,武磊,混合债券型基金(一级),稳定小基金公司,稳定长,稳定中,稳定信用债
653,009292.OF,易方达年年恒春纯债一年定开发起式A,李一硕,中长期纯债券型基金,稳定小基金公司,稳定短,稳定大,稳定信用债
654,009294.OF,嘉实致益纯债债券,王立芹,中长期纯债券型基金,稳定小基金公司,稳定中,稳定大,稳定信用债
655,009298.OF,英大安惠纯债A,"张婧珣,张大铮,易祺坤",中长期纯债券型基金,稳定小基金公司,稳定短,稳定小,稳定信用债
656,009306.OF,平安惠铭纯债,"李瑾懿,张文平",中长期纯债券型基金,稳定小基金公司,稳定长,稳定中,轮动基金
657,009309.OF,国寿安保尊庆6个月持有期债券A,卢珊,混合债券型基金(一级),稳定小基金公司,稳定中,稳定中,
658,009338.OF,万家民瑞祥和6个月持有期债券A,"周潜玮,周慧",中长期纯债券型基金,稳定小基金公司,稳定长,稳定中,稳定信用债
659,009343.OF,泰康长江经济带债券A,经惠云,中长期纯债券型基金,稳定小基金公司,稳定中,稳定大,稳定信用债
660,009356.OF,博时季季乐持有期债券A,"李更,倪玉娟",短期纯债券型基金,稳定小基金公司,稳定短,稳定中,稳定信用债
661,009417.OF,国投瑞银顺荣债券A,李鸥,中长期纯债券型基金,稳定小基金公司,稳定短,稳定大,稳定信用债
662,009450.OF,中金新辉1年,董珊珊,中长期纯债券型基金,稳定小基金公司,稳定中,稳定大,稳定信用债
663,009453.OF,平安合兴1年定开债,"张璐,段玮婧",中长期纯债券型基金,稳定小基金公司,稳定长,稳定大,
664,009483.OF,鹏华普利债券A,刘涛,混合债券型基金(一级),稳定小基金公司,稳定中,稳定中,稳定信用债
665,009577.OF,上银聚永益一年定开债券,"许佳,楼昕宇",中长期纯债券型基金,稳定小基金公司,稳定中,稳定大,
666,009578.OF,上银聚德益一年定开债券,许佳,中长期纯债券型基金,稳定小基金公司,稳定长,稳定小,稳定信用债
667,009580.OF,招商双债增强(LOF)D,刘万锋,混合债券型基金(一级),稳定小基金公司,稳定长,稳定中,
668,009583.OF,淳厚安裕87个月定开债,江文军,中长期纯债券型基金,稳定小基金公司,稳定长,稳定大,稳定信用债
669,009587.OF,国寿安保瑞和纯债66个月定期开放债券,丁宇佳,中长期纯债券型基金,稳定小基金公司,稳定长,稳定大,稳定信用债
670,009599.OF,嘉实致嘉纯债债券,轩璇,中长期纯债券型基金,稳定小基金公司,稳定短,稳定中,稳定信用债
671,009600.OF,嘉实安泽一年定期纯债债券,"赵国英,王立芹",中长期纯债券型基金,稳定小基金公司,稳定长,稳定大,稳定信用债
672,009632.OF,浦银安盛普嘉87个月定开债券A,李羿,中长期纯债券型基金,稳定小基金公司,稳定长,稳定大,稳定信用债
673,009643.OF,嘉实致信一年定期纯债债券,轩璇,中长期纯债券型基金,稳定小基金公司,稳定短,稳定中,稳定信用债
674,009655.OF,工银尊益中短债债券A,谷衡,短期纯债券型基金,稳定小基金公司,稳定中,稳定中,
675,009666.OF,兴全恒祥88个月定开债券,季伟杰,中长期纯债券型基金,稳定小基金公司,稳定长,稳定大,稳定信用债
676,009685.OF,景顺长城景泰宝利一年定期开放纯债发起式,"何江波,赵天彤",中长期纯债券型基金,稳定小基金公司,稳定中,稳定大,
677,009711.OF,招商添盛78个月定开债,黄晓婷,中长期纯债券型基金,稳定小基金公司,稳定长,稳定大,稳定信用债
678,009732.OF,兴业稳泰66个月定开债券,唐丁祥,中长期纯债券型基金,稳定小基金公司,稳定长,稳定大,稳定信用债
679,009749.OF,西部利得尊泰86个月定开债券,"刘心峰,李烨",中长期纯债券型基金,稳定小基金公司,稳定长,稳定大,稳定信用债
680,009770.OF,英大安鑫66个月定期开放债券,"易祺坤,张大铮",中长期纯债券型基金,稳定小基金公司,稳定长,稳定大,稳定信用债
681,009792.OF,工银瑞益债券A,张略钊,中长期纯债券型基金,稳定小基金公司,稳定短,稳定小,稳定信用债
682,009799.OF,中银证券安汇三年定期开放债券,"王玉玺,曹张琪",中长期纯债券型基金,稳定小基金公司,稳定短,稳定大,稳定信用债
683,009809.OF,易方达恒智63个月定开债券发起式,藏海涛,中长期纯债券型基金,稳定小基金公司,稳定长,稳定大,稳定信用债
684,009831.OF,长城稳利纯债A,吴冰燕,中长期纯债券型基金,稳定小基金公司,稳定长,稳定小,
685,009851.OF,上银聚远盈42个月定开债券,葛沁沁,中长期纯债券型基金,稳定小基金公司,稳定短,稳定大,稳定信用债
686,009866.OF,永赢瑞宁87个月定开债,谢越,中长期纯债券型基金,稳定小基金公司,稳定长,稳定大,稳定信用债
687,009920.OF,鹏华年年红一年持有期债券A,刘涛,中长期纯债券型基金,稳定小基金公司,稳定中,稳定中,稳定信用债
688,009922.OF,华夏鼎富债券A,吴彬,中长期纯债券型基金,稳定小基金公司,稳定长,稳定中,稳定信用债
689,009933.OF,浦银安盛普华66个月定开债券A,李羿,中长期纯债券型基金,稳定小基金公司,稳定长,稳定大,稳定信用债
690,009953.OF,华泰柏瑞锦乾债券,罗远航,中长期纯债券型基金,稳定小基金公司,稳定长,稳定中,轮动基金
691,010048.OF,平安短债I,欧阳亮,短期纯债券型基金,稳定小基金公司,稳定短,稳定中,
692,010083.OF,中银欣享利率债,"白洁,刘筱筠",中长期纯债券型基金,稳定小基金公司,稳定中,稳定中,稳定信用债
693,010084.OF,蜂巢丰瑞债券A,李海涛,混合债券型基金(一级),稳定小基金公司,稳定中,稳定小,
694,010092.OF,永赢华嘉信用债A,"杨凡颖,曾琬云",中长期纯债券型基金,稳定小基金公司,稳定中,稳定中,
695,010168.OF,天弘安利短债A,"柴文婷,程仕湘,刘莹",短期纯债券型基金,稳定小基金公司,稳定短,稳定小,
696,010191.OF,华夏鼎信债券A,张海静,中长期纯债券型基金,稳定小基金公司,稳定长,稳定中,
697,010232.OF,国寿安保泰安纯债债券,"丁宇佳,李谦",混合债券型基金(一级),稳定小基金公司,稳定中,稳定大,
698,010254.OF,嘉实丰年一年定期纯债债券A,轩璇,中长期纯债券型基金,稳定小基金公司,稳定长,稳定中,
699,010258.OF,淳厚稳悦A,"张蕊,江文军",混合债券型基金(一级),稳定小基金公司,稳定长,稳定小,
700,010462.OF,中信保诚嘉润66个月定开纯债,臧淑玲,中长期纯债券型基金,稳定小基金公司,稳定长,稳定大,
701,010471.OF,易方达年年恒实纯债一年定期开放债券型发起式A,李一硕,中长期纯债券型基金,稳定小基金公司,稳定短,稳定大,
702,010477.OF,景顺长城景泰益利纯债债券,彭成军,中长期纯债券型基金,稳定小基金公司,稳定中,稳定大,
703,010479.OF,鹏华丰颐债券,"刘涛,张丽娟",中长期纯债券型基金,稳定小基金公司,稳定长,稳定小,
704,010482.OF,汇添富盛和66个月定开债,杨靖,中长期纯债券型基金,稳定小基金公司,稳定长,稳定大,
705,010485.OF,中航瑞晨87个月定开债A,茅勇峰,中长期纯债券型基金,稳定小基金公司,稳定长,稳定大,
706,010580.OF,长盛稳鑫63个月债券,王贵君,中长期纯债券型基金,稳定小基金公司,稳定长,稳定大,
707,010621.OF,永赢泰宁63个月定开债,钱布克,中长期纯债券型基金,稳定小基金公司,稳定长,稳定大,稳定信用债
708,010627.OF,淳厚安心87个月定开债,"祁洁萍,江文军",中长期纯债券型基金,稳定小基金公司,稳定长,稳定大,
709,010632.OF,工银瑞达一年定开纯债债券发起式,陈桂都,中长期纯债券型基金,稳定小基金公司,稳定中,稳定中,
710,010634.OF,天弘合益A,"潘昱杉,程明",中长期纯债券型基金,稳定小基金公司,稳定短,稳定小,
711,010639.OF,上银聚远鑫87个月定开债券,葛沁沁,中长期纯债券型基金,稳定小基金公司,稳定长,稳定大,
712,010653.OF,农银金玉债券,郭振宇,中长期纯债券型基金,稳定小基金公司,稳定中,稳定大,
713,010753.OF,招商招旭纯债D,郭敏,中长期纯债券型基金,稳定小基金公司,稳定长,稳定小,
714,010836.OF,国泰瑞泰纯债债券,刘嵩扬,中长期纯债券型基金,稳定小基金公司,稳定中,稳定中,
715,010946.OF,中银证券汇福定期开放债券,"余亮,王玉玺",中长期纯债券型基金,稳定小基金公司,稳定中,稳定大,
716,010983.OF,兴银汇泽87个月定开债券,"王深,范泰奇",中长期纯债券型基金,稳定小基金公司,稳定长,稳定大,
717,011067.OF,财通资管鸿达纯债债券I,"王珊,陈希希",中长期纯债券型基金,稳定小基金公司,稳定短,稳定小,
718,011079.OF,嘉实致泓一年定期纯债债券,王立芹,中长期纯债券型基金,稳定小基金公司,稳定长,稳定大,
719,011080.OF,鹏华尊和一年定开发起式债券,邓明明,中长期纯债券型基金,稳定小基金公司,稳定长,稳定小,
720,011088.OF,景顺长城景泰恒利一年定开债券,彭成军,中长期纯债券型基金,稳定小基金公司,稳定短,稳定大,
721,011262.OF,华夏鼎英债券A,张海静,中长期纯债券型基金,稳定小基金公司,稳定长,稳定中,
722,011292.OF,招商添裕纯债D,"向霈,马龙",中长期纯债券型基金,稳定小基金公司,稳定中,稳定小,
723,011294.OF,招商添逸1年定开债,黄晓婷,中长期纯债券型基金,稳定小基金公司,稳定短,稳定大,
724,011529.OF,上银慧兴盈债券,葛沁沁,中长期纯债券型基金,稳定小基金公司,稳定短,稳定中,
725,011617.OF,添富AAA级信用纯债E,杨靖,中长期纯债券型基金,稳定小基金公司,稳定短,稳定中,
726,011655.OF,天弘兴益一年定开,"程明,刘洋,潘昱杉",混合债券型基金(一级),稳定小基金公司,稳定中,稳定中,
727,011683.OF,华夏鼎华一年定开债券,孙蕾,中长期纯债券型基金,稳定小基金公司,稳定中,稳定大,
728,011699.OF,蜂巢丰华债券A,金之洁,混合债券型基金(一级),稳定小基金公司,稳定中,稳定大,
729,011719.OF,浦银安盛盛华一年定开债券,曹治国,中长期纯债券型基金,稳定小基金公司,稳定中,稳定大,
730,011890.OF,中金新璟3个月,董珊珊,中长期纯债券型基金,稳定小基金公司,稳定中,稳定大,
731,011943.OF,工银瑞盛一年定开纯债债券发起式,"李娜,王朔",中长期纯债券型基金,稳定小基金公司,稳定中,稳定大,
732,011946.OF,建信裕丰利率债三个月定期开放债券A,刘思,中长期纯债券型基金,稳定小基金公司,稳定长,稳定中,
733,011952.OF,万家悦兴3个月定开债发起式,"石东,周潜玮",中长期纯债券型基金,稳定小基金公司,稳定长,稳定小,
734,011953.OF,招商招瑞纯债债券发起式D,刘万锋,中长期纯债券型基金,稳定小基金公司,稳定中,稳定中,
735,011955.OF,招商招祥纯债D,"马龙,王梓林",中长期纯债券型基金,稳定小基金公司,稳定短,稳定中,
736,011960.OF,兴业嘉福一年定开债券发起式,冯小波,中长期纯债券型基金,稳定小基金公司,稳定长,稳定大,
737,011961.OF,易方达稳鑫30天滚动短债A,"李一硕,刘琬姝",短期纯债券型基金,稳定小基金公司,稳定短,稳定中,
738,011968.OF,农银金盛债券,郭振宇,中长期纯债券型基金,稳定小基金公司,稳定中,稳定大,
739,012101.OF,中金金合,董珊珊,混合债券型基金(一级),稳定小基金公司,稳定短,稳定中,
740,012229.OF,华安众鑫90天滚动短债A,"马晓璇,郑如熙",短期纯债券型基金,稳定小基金公司,稳定短,稳定中,
741,012242.OF,华安添荣中短债A,"郑如熙,鲍越愚",短期纯债券型基金,稳定小基金公司,稳定长,稳定中,
742,012265.OF,天弘安怡30天滚动持有短债发起式,"王昌俊,程仕湘",短期纯债券型基金,稳定小基金公司,稳定短,稳定小,
743,012273.OF,富国汇鑫金融债三个月定期开放债券A,"朱梦娜,朱征星",中长期纯债券型基金,稳定小基金公司,稳定中,稳定大,
744,012279.OF,嘉实稳和6个月持有期纯债债券A,王亚洲,中长期纯债券型基金,稳定小基金公司,稳定中,稳定小,
745,012290.OF,国联恒益纯债A,石霄蒙,中长期纯债券型基金,稳定小基金公司,稳定中,稳定大,
746,012352.OF,英大通惠多利债券A,"易祺坤,韩坪",中长期纯债券型基金,稳定小基金公司,稳定短,稳定小,
747,012356.OF,浦银安盛季季鑫90天滚动持有短债A,曹治国,短期纯债券型基金,稳定小基金公司,稳定短,稳定大,
748,012395.OF,兴业60天滚动持有短债A,刘禹含,短期纯债券型基金,稳定小基金公司,稳定短,稳定中,
749,012451.OF,国寿安保安恒金融债债券,李一鸣,中长期纯债券型基金,稳定小基金公司,稳定中,稳定中,
750,012452.OF,国泰利优30天滚动持有短债债券A,陶然,短期纯债券型基金,稳定小基金公司,稳定短,稳定小,
751,012465.OF,上银慧嘉利债券,许佳,中长期纯债券型基金,稳定小基金公司,稳定长,稳定中,
752,012468.OF,中银证券安灏债券A,"曹张琪,余亮",中长期纯债券型基金,稳定小基金公司,稳定短,稳定小,
753,012489.OF,招商招顺纯债D,刘万锋,中长期纯债券型基金,稳定小基金公司,稳定短,稳定中,
754,012567.OF,长城久稳债券D,吴冰燕,中长期纯债券型基金,稳定小基金公司,稳定短,稳定中,
755,012580.OF,财通资管鸿安30天滚动持有中短债债券A,"陈希希,周庆",短期纯债券型基金,稳定小基金公司,稳定短,稳定小,
756,012591.OF,广发添财180天滚动持有债券A,宋倩倩,混合债券型基金(一级),稳定小基金公司,稳定长,稳定中,
757,012742.OF,工银瑞富一年定开纯债债券发起式,张略钊,中长期纯债券型基金,稳定小基金公司,稳定短,稳定小,
758,012750.OF,上银慧鼎利债券,楼昕宇,中长期纯债券型基金,稳定小基金公司,稳定短,稳定中,
759,012773.OF,嘉实超短债债券A,李金灿,短期纯债券型基金,稳定小基金公司,稳定中,稳定中,
760,012803.OF,国联聚优一年定开债券,石霄蒙,中长期纯债券型基金,稳定小基金公司,稳定中,稳定大,
761,012806.OF,招商添呈1年定开债,黄晓婷,中长期纯债券型基金,稳定小基金公司,稳定长,稳定小,
762,012823.OF,富国安利90天滚动持有债券A,张波,中长期纯债券型基金,稳定小基金公司,稳定短,稳定中,
763,012933.OF,易方达稳丰90天滚动持有短债债券A,梁莹,短期纯债券型基金,稳定小基金公司,稳定短,稳定大,
764,012941.OF,广发添财90天滚动持有债券A,宋倩倩,混合债券型基金(一级),稳定小基金公司,稳定短,稳定中,
765,012948.OF,兴证全球恒利一年定开债券发起式,"邓娟,翟秀华",中长期纯债券型基金,稳定小基金公司,稳定长,稳定大,
766,013008.OF,淳厚稳宁6个月定开债,"江文军,祁洁萍",中长期纯债券型基金,稳定小基金公司,稳定长,稳定小,
767,013062.OF,国寿安保安诚纯债一年定开债券,"李一鸣,高鑫",混合债券型基金(一级),稳定小基金公司,稳定中,稳定大,
768,013065.OF,国泰利泽90天滚动持有中短债债券A,陶然,短期纯债券型基金,稳定小基金公司,稳定短,稳定小,
769,013068.OF,博时双月享60天滚动持有债券A,郭思洁,中长期纯债券型基金,稳定小基金公司,稳定中,稳定中,
770,013075.OF,建信鑫悦90天滚动持有中短债债券发起A,"彭紫云,陈建良",短期纯债券型基金,稳定小基金公司,稳定短,稳定中,
771,013077.OF,永赢乾益债券,钱布克,中长期纯债券型基金,稳定小基金公司,稳定短,稳定大,
772,013087.OF,中加优悦一年定开债券,袁素,中长期纯债券型基金,稳定小基金公司,稳定中,稳定大,
773,013159.OF,国泰瑞鑫一年定期开放债券发起式,索峰,中长期纯债券型基金,稳定小基金公司,稳定长,稳定大,
774,013206.OF,广发汇宜一年定期开放债券,宋倩倩,中长期纯债券型基金,稳定小基金公司,稳定中,稳定中,
775,013213.OF,兴业嘉鸿一年定开债券发起式,"雷志强,蔡艳菲",中长期纯债券型基金,稳定小基金公司,稳定长,稳定小,
776,013216.OF,财通资管鸿启90天滚动持有发起式中短债A,陈希希,短期纯债券型基金,稳定小基金公司,稳定短,稳定中,
777,013236.OF,长信30天滚动持有短债债券A,"邹依恩,杜国昊",短期纯债券型基金,稳定小基金公司,稳定短,稳定小,
778,013265.OF,鹏扬淳熙一年定开债券发起式,焦翠,中长期纯债券型基金,稳定小基金公司,稳定中,稳定大,
779,013336.OF,天弘安悦90天滚动持有短债发起,"王昌俊,王顺利",短期纯债券型基金,稳定小基金公司,稳定短,稳定中,
780,013351.OF,中加聚安60天滚动持有中短债发起式A,闫沛贤,短期纯债券型基金,稳定小基金公司,稳定中,稳定小,
781,013373.OF,中银证券安业债券A,"余亮,曹张琪",中长期纯债券型基金,稳定小基金公司,稳定短,稳定小,
782,013375.OF,平安元鑫120天滚动持有中短债A,"欧阳亮,苏宁",混合债券型基金(一级),稳定小基金公司,稳定中,稳定小,
783,013391.OF,招商安泰债券D,刘万锋,混合债券型基金(一级),稳定小基金公司,稳定长,稳定大,
784,013405.OF,中航瑞旭3个月定开债A,茅勇峰,中长期纯债券型基金,稳定小基金公司,稳定短,稳定小,
785,013408.OF,蜂巢丰和债券A,李海涛,混合债券型基金(一级),稳定小基金公司,稳定中,稳定小,
786,013419.OF,交银裕景纯债一年定期开放债券,"季参平,张顺晨",中长期纯债券型基金,稳定小基金公司,稳定中,稳定大,
787,013456.OF,长盛安逸纯债债券D,王贵君,中长期纯债券型基金,稳定小基金公司,稳定中,稳定小,
788,013457.OF,华夏鼎业三个月定开债券A,"吴彬,张海静",中长期纯债券型基金,稳定小基金公司,稳定长,稳定小,
789,013459.OF,华夏稳鑫增利80天债券A,"吴彬,张海静",混合债券型基金(一级),稳定小基金公司,稳定短,稳定大,
790,013487.OF,华安领荣一年定开债券发起式,"康钊,林唐宇",中长期纯债券型基金,稳定小基金公司,稳定中,稳定大,
791,013494.OF,华泰柏瑞锦元债券,罗远航,中长期纯债券型基金,稳定小基金公司,稳定中,稳定中,
792,013522.OF,华富吉丰60天滚动持有中短债A,"尹培俊,倪莉莎",短期纯债券型基金,稳定小基金公司,稳定短,稳定小,
793,013538.OF,鹏华永宁3个月定开债券,"邓明明,杜培俊",中长期纯债券型基金,稳定小基金公司,稳定中,稳定大,
794,013563.OF,银华季季盈3个月滚动持有债券A,"王树丽,魏昕宇",混合债券型基金(一级),稳定小基金公司,稳定短,稳定小,
795,013648.OF,长信稳丰债券A,邹依恩,中长期纯债券型基金,稳定小基金公司,稳定短,稳定小,
796,013654.OF,永赢信利碳中和一年定开债券发起,吴玮,中长期纯债券型基金,稳定小基金公司,稳定长,稳定大,
797,013699.OF,永赢安盈90天滚动持有债券发起A,"吴玮,杨凡颖,谢越",中长期纯债券型基金,稳定小基金公司,稳定中,稳定小,
798,013703.OF,招商添福1年定开债,马龙,中长期纯债券型基金,稳定小基金公司,稳定中,稳定小,
799,013718.OF,兴银稳益30天持有期债券A,王深,中长期纯债券型基金,稳定小基金公司,稳定短,稳定小,
800,013723.OF,上银聚顺益一年定开债券发起式,"蔡唯峰,楼昕宇",中长期纯债券型基金,稳定小基金公司,稳定中,稳定大,
801,013728.OF,创金合信恒宁30天滚动持有短债A,"谢创,黄佳祥",混合债券型基金(一级),稳定小基金公司,稳定短,稳定中,
802,013780.OF,华夏鼎丰债券,孙蕾,中长期纯债券型基金,稳定小基金公司,稳定中,稳定中,
803,013799.OF,财通安裕30天持有期中短债债券A,"罗晓倩,闫梦璇",短期纯债券型基金,稳定小基金公司,稳定短,稳定小,
804,013804.OF,财通资管鸿越3个月滚动持有债券A,陈希希,混合债券型基金(一级),稳定小基金公司,稳定短,稳定小,
805,013808.OF,易方达稳悦120天滚动短债A,"刘琬姝,李一硕",短期纯债券型基金,稳定小基金公司,稳定短,稳定中,
806,013821.OF,南方定利一年定开债券,金凌志,中长期纯债券型基金,稳定小基金公司,稳定中,稳定大,
807,013838.OF,中银恒嘉60天滚动持有短债A,"朱水媚,白洁",短期纯债券型基金,稳定小基金公司,稳定短,稳定中,
808,013864.OF,平安元泓30天滚动持有短债A,"刘晓兰,欧阳亮",混合债券型基金(一级),稳定小基金公司,稳定短,稳定小,
809,013875.OF,鑫元合享纯债D,郭卉,中长期纯债券型基金,稳定小基金公司,稳定长,稳定大,
810,013901.OF,华安众享180天持有期中短债A,郑如熙,混合债券型基金(一级),稳定小基金公司,稳定短,稳定大,
811,013931.OF,博时富恒一年定开债发起式,黄海峰,中长期纯债券型基金,稳定小基金公司,稳定长,稳定大,
812,013952.OF,工银瑞和3个月定期开放债券A,"张略钊,赵建",中长期纯债券型基金,稳定小基金公司,稳定长,稳定小,
813,013976.OF,财通资管鸿佳60天滚动持有发起式中短债A,李杰,短期纯债券型基金,稳定小基金公司,稳定中,稳定中,
814,014004.OF,博时富璟一年定开债,黄海峰,中长期纯债券型基金,稳定小基金公司,稳定中,稳定大,
815,014012.OF,蜂巢丰吉纯债A,金之洁,中长期纯债券型基金,稳定小基金公司,稳定短,稳定小,
816,014059.OF,富国安慧短债债券A,"张波,吴旅忠",短期纯债券型基金,稳定小基金公司,稳定短,稳定中,
817,014097.OF,鹏扬利鑫60天滚动持有债券A,"黄乐婷,陈钟闻",混合债券型基金(一级),稳定小基金公司,稳定短,稳定小,
818,014105.OF,长城信利一年定开债券发起式,"魏建,吴冰燕",中长期纯债券型基金,稳定小基金公司,稳定长,稳定大,
819,014230.OF,国泰瑞丰纯债债券,索峰,中长期纯债券型基金,稳定小基金公司,稳定中,稳定小,
820,014231.OF,国寿安保安锦纯债一年定开债券发起式,卢珊,混合债券型基金(一级),稳定小基金公司,稳定中,稳定大,
821,014234.OF,永赢轩益债券,章成,中长期纯债券型基金,稳定小基金公司,稳定中,稳定大,
822,014242.OF,农银悦利债券,郭振宇,中长期纯债券型基金,稳定小基金公司,稳定中,稳定大,
823,014248.OF,兴业一年持有期债券A,"蔡艳菲,周鸣",混合债券型基金(一级),稳定小基金公司,稳定中,稳定中,
824,014250.OF,建信鑫怡90天滚动持有中短债债券A,"徐华婧,陈建良",短期纯债券型基金,稳定小基金公司,稳定短,稳定中,
825,014252.OF,华泰柏瑞鸿裕90天滚动持有短债A,"郑青,何子建,王烨斌",短期纯债券型基金,稳定小基金公司,稳定短,稳定小,
826,014257.OF,国联恒泽纯债A,石霄蒙,中长期纯债券型基金,稳定小基金公司,稳定中,稳定小,
827,014315.OF,鹏华双季享180天持有期债券A,刘涛,中长期纯债券型基金,稳定小基金公司,稳定长,稳定小,
828,014367.OF,招商添悦纯债D,刘万锋,中长期纯债券型基金,稳定小基金公司,稳定长,稳定小,
829,014392.OF,嘉实致乾纯债债券,"赵国英,崔思维,陈硕",中长期纯债券型基金,稳定小基金公司,稳定长,稳定大,
830,014435.OF,中航瑞夏一年定开债发起A,"茅勇峰,汪术勤",中长期纯债券型基金,稳定小基金公司,稳定长,稳定大,
831,014446.OF,鹏华稳瑞中短债,"叶朝明,王康佳",短期纯债券型基金,稳定小基金公司,稳定短,稳定中,
832,014452.OF,天弘惠享一年定开债券发起,柴文婷,混合债券型基金(一级),稳定小基金公司,稳定中,稳定大,
833,014464.OF,交银裕道纯债一年定期开放债券发起,季参平,中长期纯债券型基金,稳定小基金公司,稳定长,稳定大,
834,014474.OF,中欧安悦一年定开债券发起,LI TONG,中长期纯债券型基金,稳定小基金公司,稳定短,稳定小,
835,014476.OF,山西证券90天滚动持有短债A,"刘凌云,缪佳",短期纯债券型基金,稳定小基金公司,稳定短,稳定中,
836,014480.OF,华夏鼎优债券A,张海静,中长期纯债券型基金,稳定小基金公司,稳定长,稳定小,
837,014504.OF,鹏扬淳开债券D,"王黎骁,陈钟闻",中长期纯债券型基金,稳定小基金公司,稳定长,稳定中,
838,014517.OF,华夏30天滚动短债债券发起式A,张海静,短期纯债券型基金,稳定小基金公司,稳定短,稳定小,
839,014552.OF,中航瑞华ESG一年定开债发起A,"茅勇峰,李祥源",中长期纯债券型基金,稳定小基金公司,稳定长,稳定中,
840,014638.OF,银华安鑫短债债券D,"王树丽,魏昕宇",短期纯债券型基金,稳定小基金公司,稳定长,稳定大,
841,014714.OF,工银瑞兴一年定开纯债债券发起式,张略钊,中长期纯债券型基金,稳定小基金公司,稳定中,稳定中,
842,014721.OF,富国碳中和一年定期开放债券发起式,"刘瀚驰,吕春杰",中长期纯债券型基金,稳定小基金公司,稳定中,稳定小,
843,014740.OF,财通资管鸿商中短债A,"陈希希,王珊",短期纯债券型基金,稳定小基金公司,稳定短,稳定大,
844,014778.OF,国寿安保安和纯债,"高鑫,李一鸣",中长期纯债券型基金,稳定小基金公司,稳定中,稳定小,
845,014815.OF,财通资管鸿慧中短债发起式A,王珊,短期纯债券型基金,稳定小基金公司,稳定短,稳定中,
846,014856.OF,建信鑫享短债债券A,"吴沛文,李星佑",短期纯债券型基金,稳定小基金公司,稳定短,稳定中,
847,014858.OF,建信鑫享短债债券F,"李星佑,吴沛文",短期纯债券型基金,稳定小基金公司,稳定短,稳定中,
848,014952.OF,国泰睿鸿一年定期开放债券发起式,刘嵩扬,中长期纯债券型基金,稳定小基金公司,稳定中,稳定大,
849,014959.OF,华泰柏瑞益兴三个月定开债券,何子建,中长期纯债券型基金,稳定小基金公司,稳定短,稳定中,
850,014965.OF,国投瑞银顺和一年定开债发起式,"李鸥,敬夏玺",中长期纯债券型基金,稳定小基金公司,稳定中,稳定大,
851,014966.OF,永赢坤益债券,"钱布克,谢越",中长期纯债券型基金,稳定小基金公司,稳定中,稳定小,
852,014973.OF,景顺景泰悦利三个月定开债A,"赵天彤,彭成军",中长期纯债券型基金,稳定小基金公司,稳定短,稳定大,
853,015018.OF,西部利得双兴一年定开债券发起,"李安然,刘心峰",中长期纯债券型基金,稳定小基金公司,稳定中,稳定大,
854,015049.OF,招商添安1年定开债,马龙,中长期纯债券型基金,稳定小基金公司,稳定中,稳定小,
855,015081.OF,兴业90天滚动持有中短债A,刘禹含,短期纯债券型基金,稳定小基金公司,稳定短,稳定小,
856,015209.OF,华夏鼎成一年定开债券,"孙蕾,张海静",中长期纯债券型基金,稳定小基金公司,稳定长,稳定大,
857,015255.OF,农银金耀定开债券,王明君,中长期纯债券型基金,稳定小基金公司,稳定长,稳定中,
858,015260.OF,鹏华永鑫一年定开债券,邓明明,中长期纯债券型基金,稳定小基金公司,稳定中,稳定大,
859,015263.OF,淳厚稳荣一年定开债发起,"江文军,张蕊",中长期纯债券型基金,稳定小基金公司,稳定长,稳定大,
860,015301.OF,博时双季乐六个月持有期债券A,张李陵,中长期纯债券型基金,稳定小基金公司,稳定长,稳定中,
861,015315.OF,富国汇享三个月定期开放债券A,"吕春杰,李金柳,张洋",中长期纯债券型基金,稳定小基金公司,稳定中,稳定大,
862,015397.OF,博时富鸿金融债3个月定开债,"黄海峰,胥艺",中长期纯债券型基金,稳定小基金公司,稳定中,稳定大,
863,015423.OF,浦银安盛普裕一年定开债券,章潇枫,中长期纯债券型基金,稳定小基金公司,稳定中,稳定小,
864,015469.OF,永赢湖北国企债一年定开发起,"杨凡颖,余国豪",中长期纯债券型基金,稳定小基金公司,稳定中,稳定大,
865,015471.OF,万家鑫橙纯债债券A,"周潜玮,石东",中长期纯债券型基金,稳定小基金公司,稳定长,稳定小,
866,015473.OF,工银瑞恒3个月定开债券A,王朔,中长期纯债券型基金,稳定小基金公司,稳定短,稳定大,
867,015487.OF,蜂巢丰泰三个月定开债券A,李海涛,混合债券型基金(一级),稳定小基金公司,稳定中,稳定中,
868,015492.OF,中航瑞发3个月定开债A,"汪术勤,茅勇峰",中长期纯债券型基金,稳定小基金公司,稳定短,稳定小,
869,015516.OF,建信鑫恒120天滚动持有中短债债券A,"徐华婧,彭紫云",短期纯债券型基金,稳定小基金公司,稳定短,稳定小,
870,015530.OF,鹏华稳福中短债债券A,"叶朝明,王康佳",短期纯债券型基金,稳定小基金公司,稳定中,稳定中,
871,015552.OF,中加安盈一年定开债券发起,于跃,中长期纯债券型基金,稳定小基金公司,稳定短,稳定小,
872,015569.OF,招商招裕纯债D,"康晶,王闯",中长期纯债券型基金,稳定小基金公司,稳定长,稳定中,
873,015581.OF,国寿安保泰然纯债债券,丁宇佳,中长期纯债券型基金,稳定小基金公司,稳定短,稳定中,
874,015622.OF,平安合禧1年定开债发起式,"张璐,段玮婧",中长期纯债券型基金,稳定小基金公司,稳定长,稳定大,
875,015624.OF,国投瑞银顺晖一年定开债发起式,李鸥,中长期纯债券型基金,稳定小基金公司,稳定长,稳定大,
876,015629.OF,招商添兴6个月定开债,刘万锋,中长期纯债券型基金,稳定小基金公司,稳定长,稳定小,
877,015653.OF,鹏华永平6个月定开债券,"祝松,邓明明",中长期纯债券型基金,稳定小基金公司,稳定中,稳定大,
878,015654.OF,交银稳鑫短债债券D,"黄莹洁,姬静",短期纯债券型基金,稳定小基金公司,稳定短,稳定小,
879,015720.OF,平安元悦60天滚动持有短债A,"刘晓兰,张璐",短期纯债券型基金,稳定小基金公司,稳定短,稳定小,
880,015736.OF,长盛盛裕纯债D,王贵君,中长期纯债券型基金,稳定小基金公司,稳定长,稳定大,
881,015746.OF,博时四月享120天持有期债券A,倪玉娟,中长期纯债券型基金,稳定小基金公司,稳定短,稳定小,
882,015811.OF,兴证全球恒泰一年定开债券发起式,季伟杰,中长期纯债券型基金,稳定小基金公司,稳定中,稳定大,
883,015815.OF,浦银稳鑫120天滚动持有中短债A,曹治国,短期纯债券型基金,稳定小基金公司,稳定短,稳定小,
884,015830.OF,平安惠复纯债A,"张璐,韩克",中长期纯债券型基金,稳定小基金公司,稳定短,稳定大,
885,015832.OF,永赢宏泰短债A,徐沛琳,短期纯债券型基金,稳定小基金公司,稳定长,稳定小,
886,015834.OF,汇添富鑫和纯债A,杨靖,中长期纯债券型基金,稳定小基金公司,稳定长,稳定中,
887,015848.OF,天弘合益D,"潘昱杉,程明",中长期纯债券型基金,稳定小基金公司,稳定短,稳定小,
888,015852.OF,华泰柏瑞益安三个月定开债券,罗远航,中长期纯债券型基金,稳定小基金公司,稳定中,稳定小,
889,015853.OF,汇添富稳安三个月持有债券A,杨靖,混合债券型基金(一级),稳定小基金公司,稳定短,稳定小,
890,015858.OF,浦银安盛盛嘉一年定开债券发起式,陶祺,中长期纯债券型基金,稳定小基金公司,稳定中,稳定大,
891,015893.OF,广发景益债券,吴迪,中长期纯债券型基金,稳定小基金公司,稳定中,稳定中,
892,015913.OF,华夏鼎安一年定开债券发起式,吴彬,中长期纯债券型基金,稳定小基金公司,稳定长,稳定大,
893,015917.OF,兴业30天滚动持有中短债A,"刘禹含,王卓然",短期纯债券型基金,稳定小基金公司,稳定短,稳定小,
894,015925.OF,万家鑫融纯债债券A,"周潜玮,周慧",中长期纯债券型基金,稳定小基金公司,稳定短,稳定小,
895,015949.OF,上银聚恒益一年定开债券发起式,葛沁沁,中长期纯债券型基金,稳定小基金公司,稳定中,稳定大,
896,015969.OF,博时富尊一年定开债发起式,"黄海峰,王帅",混合债券型基金(一级),稳定小基金公司,稳定长,稳定大,
897,016009.OF,中加博盈一年定开债券发起,于跃,中长期纯债券型基金,稳定小基金公司,稳定中,稳定大,
898,016011.OF,西部利得沣享债券A,刘心峰,中长期纯债券型基金,稳定小基金公司,稳定中,稳定中,
899,016023.OF,兴业添益6个月定开债券,"周鸣,倪侃",中长期纯债券型基金,稳定小基金公司,稳定长,稳定大,
900,016024.OF,工银稳健丰瑞90天持有短债A,"张略钊,姚璐伟",短期纯债券型基金,稳定小基金公司,稳定短,稳定大,
901,016031.OF,民生加银瑞华绿债一年定开发起式,"李文君,裴禹翔",中长期纯债券型基金,稳定小基金公司,稳定长,稳定小,
902,016034.OF,建信鑫福60天持有期中短债债券A,"徐华婧,彭紫云,胡泽元",短期纯债券型基金,稳定小基金公司,稳定中,稳定中,
903,016111.OF,鹏华丰尊债券,王康佳,中长期纯债券型基金,稳定小基金公司,稳定中,稳定大,
904,016172.OF,鹏扬利泽债券D,"焦翠,陈钟闻",短期纯债券型基金,稳定小基金公司,稳定中,稳定小,
905,016184.OF,长城鼎利一年定开债券发起式,张棪,中长期纯债券型基金,稳定小基金公司,稳定长,稳定大,
906,016189.OF,国联恒通纯债A,"石霄蒙,哈默",中长期纯债券型基金,稳定小基金公司,稳定中,稳定小,
907,016191.OF,永赢安悦60天持有期中短债债券A,卢绮婷,短期纯债券型基金,稳定小基金公司,稳定中,稳定中,
908,016208.OF,华泰柏瑞锦汇债券,何子建,中长期纯债券型基金,稳定小基金公司,稳定短,稳定小,
909,016212.OF,中银证券安添3个月定开债券A,"曹张琪,王玉玺",中长期纯债券型基金,稳定小基金公司,稳定中,稳定中,
910,016235.OF,浦银安盛普诚纯债债券A,"陶祺,章潇枫",中长期纯债券型基金,稳定小基金公司,稳定中,稳定小,
911,016247.OF,天弘裕享一年定开债券发起,潘昱杉,中长期纯债券型基金,稳定小基金公司,稳定中,稳定中,
912,016296.OF,英大通佑一年定开债券,"吕一楠,韩坪,易祺坤",混合债券型基金(一级),稳定小基金公司,稳定长,稳定中,
913,016396.OF,交银稳益短债债券A,黄莹洁,短期纯债券型基金,稳定小基金公司,稳定短,稳定小,
914,016411.OF,招商添文1年定开债发起式,李家辉,中长期纯债券型基金,稳定小基金公司,稳定短,稳定中,
915,016426.OF,国泰信瑞纯债债券,"刘嵩扬,索峰,胡智磊",中长期纯债券型基金,稳定小基金公司,稳定短,稳定小,
916,016427.OF,汇添富丰利短债D,"郑文旭,胡娜",短期纯债券型基金,稳定小基金公司,稳定短,稳定小,
917,016432.OF,财通资管睿兴债券A,李杰,中长期纯债券型基金,稳定小基金公司,稳定短,稳定小,
918,016483.OF,国泰利盈60天滚动持有中短债A,陶然,短期纯债券型基金,稳定小基金公司,稳定短,稳定小,
919,016497.OF,建信鑫享短债债券D,"李星佑,吴沛文",短期纯债券型基金,稳定小基金公司,稳定短,稳定中,
920,016510.OF,嘉实年年红一年持有债券发起式A,轩璇,混合债券型基金(一级),稳定小基金公司,稳定短,稳定小,
921,016526.OF,招商鑫诚短债A,李家辉,短期纯债券型基金,稳定小基金公司,稳定短,稳定小,
922,016585.OF,富国汇泽一年定期开放债券A,"吕春杰,李金柳",中长期纯债券型基金,稳定小基金公司,稳定中,稳定大,
923,016609.OF,鹏华丰启债券,方昶,中长期纯债券型基金,稳定小基金公司,稳定中,稳定小,
924,016614.OF,中欧尊悦一年定开债券发起,LI TONG,中长期纯债券型基金,稳定小基金公司,稳定中,稳定大,
925,016674.OF,永赢安泰中短债A,卢绮婷,短期纯债券型基金,稳定小基金公司,稳定短,稳定中,
926,016689.OF,中银淳享一年定开债券发起式,"李宪,易芳菲",中长期纯债券型基金,稳定小基金公司,稳定中,稳定大,
927,016695.OF,天弘招利短债A,"程仕湘,刘莹",短期纯债券型基金,稳定小基金公司,稳定短,稳定小,
928,016790.OF,招商鑫利中短债债券A,李家辉,短期纯债券型基金,稳定小基金公司,稳定短,稳定小,
929,016793.OF,大成惠昭一年定开债券发起式,曾婷婷,中长期纯债券型基金,稳定小基金公司,稳定中,稳定大,
930,016799.OF,建信鑫和30天持有期债券A,"吴沛文,彭紫云",中长期纯债券型基金,稳定小基金公司,稳定短,稳定中,
931,016812.OF,长信稳航30天持有中短债债券A,"邹依恩,杜国昊",短期纯债券型基金,稳定小基金公司,稳定短,稳定小,
932,016816.OF,兴业120天滚动持有债券A,刘禹含,中长期纯债券型基金,稳定小基金公司,稳定短,稳定中,
933,016871.OF,华富吉富30天滚动持有中短债A,倪莉莎,短期纯债券型基金,稳定小基金公司,稳定短,稳定中,
934,016875.OF,交银稳安30天滚动持有债券A,黄莹洁,中长期纯债券型基金,稳定小基金公司,稳定短,稳定大,
935,016885.OF,山西证券裕泽债券发起式A,"刘凌云,缪佳",中长期纯债券型基金,稳定小基金公司,稳定短,稳定小,
936,016914.OF,博时富泽金融债,陈黎,中长期纯债券型基金,稳定小基金公司,稳定长,稳定中,
937,016925.OF,华夏鼎辉债券A,吴彬,中长期纯债券型基金,稳定小基金公司,稳定长,稳定中,
938,016928.OF,万家鑫怡债券A,周潜玮,中长期纯债券型基金,稳定小基金公司,稳定长,稳定小,
939,016947.OF,国泰利安中短债债券A,陶然,短期纯债券型基金,稳定小基金公司,稳定短,稳定小,
940,016951.OF,鹏华丰顺债券,杜培俊,中长期纯债券型基金,稳定小基金公司,稳定短,稳定小,
941,016955.OF,国联恒润纯债A,石霄蒙,中长期纯债券型基金,稳定小基金公司,稳定长,稳定小,
942,017006.OF,永赢月月享30天持有期短债A,"王宇超,杨凡颖",短期纯债券型基金,稳定小基金公司,稳定短,稳定小,
943,017024.OF,天弘通享债券发起A,潘昱杉,中长期纯债券型基金,稳定小基金公司,稳定短,稳定中,
944,017129.OF,嘉实致泰一年定开纯债债券发起式,轩璇,中长期纯债券型基金,稳定小基金公司,稳定长,稳定中,
945,017137.OF,长盛盛逸9个月持有期债券A,王贵君,混合债券型基金(一级),稳定小基金公司,稳定中,稳定大,
946,017201.OF,山西证券丰盈180天滚动持有中短债A,"刘凌云,缪佳",短期纯债券型基金,稳定小基金公司,稳定短,稳定大,
947,017305.OF,国寿安保超短债债券A,丁宇佳,短期纯债券型基金,稳定小基金公司,稳定短,稳定小,
948,017307.OF,招商鑫嘉中短债债券A,李家辉,短期纯债券型基金,稳定小基金公司,稳定中,稳定小,
949,017314.OF,国泰利享安益短债债券A,"陈育洁,丁士恒",短期纯债券型基金,稳定小基金公司,稳定短,稳定小,
950,017328.OF,永赢季季享90天持有期中短债债券A,"卢绮婷,章成",短期纯债券型基金,稳定小基金公司,稳定中,稳定中,
951,017428.OF,国泰鑫裕纯债债券,索峰,中长期纯债券型基金,稳定小基金公司,稳定中,稳定小,
952,017432.OF,交银稳安60天滚动持有债券A,姬静,中长期纯债券型基金,稳定小基金公司,稳定中,稳定大,
953,017438.OF,博时安悦短债A,黄海峰,短期纯债券型基金,稳定小基金公司,稳定短,稳定中,
954,017500.OF,兴业嘉辰一年定开债券发起式,"冯小波,雷志强",中长期纯债券型基金,稳定小基金公司,稳定短,稳定小,
955,017529.OF,财通安益中短债债券A,闫梦璇,短期纯债券型基金,稳定小基金公司,稳定短,稳定小,
956,017614.OF,工银瑞福纯债债券F,李娜,中长期纯债券型基金,稳定小基金公司,稳定短,稳定小,
957,017671.OF,普旭浦银安盛普旭3个月定开债券,曹治国,中长期纯债券型基金,稳定小基金公司,稳定中,稳定中,
958,017681.OF,建信睿安一年定期开放债券发起,刘思,中长期纯债券型基金,稳定小基金公司,稳定短,稳定小,
959,017687.OF,永赢昭利债券A,杨凡颖,中长期纯债券型基金,稳定小基金公司,稳定中,稳定大,
960,017695.OF,招商添轩1年定开债,刘万锋,中长期纯债券型基金,稳定小基金公司,稳定长,稳定小,
961,017777.OF,工银开元利率债债券F,张略钊,中长期纯债券型基金,稳定小基金公司,稳定中,稳定小,
962,017812.OF,华安鼎盈一年定开债发起式,康钊,中长期纯债券型基金,稳定小基金公司,稳定短,稳定中,
963,018011.OF,交银稳安90天持有期债券A,姬静,中长期纯债券型基金,稳定小基金公司,稳定中,稳定小,
964,018085.OF,汇添富稳合4个月持有债券A,胡娜,混合债券型基金(一级),稳定小基金公司,稳定短,稳定小,
965,018196.OF,兴证全球恒远债券A,"邓娟,季伟杰",中长期纯债券型基金,稳定小基金公司,稳定短,稳定大,
966,018252.OF,上银聚合益一年定开债券发起式,楼昕宇,中长期纯债券型基金,稳定小基金公司,稳定短,稳定中,
967,018256.OF,国寿安保安泰三个月定开债券,卢珊,中长期纯债券型基金,稳定小基金公司,稳定短,稳定小,
968,018275.OF,蜂巢丰嘉债券A,"李海涛,彭朝阳",中长期纯债券型基金,稳定小基金公司,稳定短,稳定小,
969,018407.OF,博时富耀一年定开债发起式,"魏桢,李更,李汉楠",混合债券型基金(一级),稳定小基金公司,稳定短,稳定小,
970,018559.OF,广发景佳纯债,赵子良,中长期纯债券型基金,稳定小基金公司,稳定短,稳定小,
971,018584.OF,浦银安盛普兴3个月定开债券,"李羿,陶祺",中长期纯债券型基金,稳定小基金公司,稳定短,稳定小,
972,018666.OF,鹏扬利沣短债D,陈钟闻,短期纯债券型基金,稳定小基金公司,稳定短,稳定中,
973,040040.OF,华安纯债债券A,郑如熙,中长期纯债券型基金,稳定小基金公司,稳定中,稳定中,轮动基金
974,040045.OF,华安添鑫中短债A,"郑如熙,马晓璇",短期纯债券型基金,稳定小基金公司,稳定短,稳定小,稳定信用债
975,050027.OF,博时信用债纯债债券A,张李陵,中长期纯债券型基金,稳定小基金公司,稳定长,稳定小,轮动基金
976,050106.OF,博时稳定价值债券A,"邓欣雨,罗霄,张李陵",混合债券型基金(一级),稳定小基金公司,稳定长,稳定中,
977,070005.OF,嘉实债券,轩璇,混合债券型基金(一级),稳定小基金公司,稳定中,稳定大,稳定信用债
978,070025.OF,嘉实信用债券A,"王立芹,赵国英",混合债券型基金(一级),稳定小基金公司,稳定长,稳定大,稳定信用债
979,070037.OF,嘉实纯债债券A,轩璇,中长期纯债券型基金,稳定小基金公司,稳定长,稳定中,稳定信用债
980,090021.OF,大成月添利一个月滚动持有中短债债券A,曾婷婷,短期纯债券型基金,稳定小基金公司,稳定短,稳定小,轮动基金
981,100018.OF,富国天利增长债券A,黄纪亮,混合债券型基金(一级),稳定小基金公司,稳定中,稳定小,稳定信用债
982,100058.OF,富国产业债A,"黄纪亮,武磊",混合债券型基金(一级),稳定小基金公司,稳定短,稳定大,稳定信用债
983,100066.OF,富国纯债债券发起式A/B,"吕春杰,张洋",中长期纯债券型基金,稳定小基金公司,稳定短,稳定中,稳定信用债
984,100072.OF,富国强回报定期开放债券A,黄纪亮,中长期纯债券型基金,稳定小基金公司,稳定中,稳定大,稳定信用债
985,110035.OF,易方达双债增强债券A,"田鑫,王晓晨",混合债券型基金(一级),稳定小基金公司,稳定长,稳定小,稳定信用债
986,110051.OF,易方达安和中短债债券A,梁莹,短期纯债券型基金,稳定小基金公司,稳定中,稳定大,
987,110053.OF,易方达安源中短债债券A,李一硕,短期纯债券型基金,稳定小基金公司,稳定短,稳定大,
988,160602.OF,鹏华普天债券A,刘涛,混合债券型基金(一级),稳定小基金公司,稳定短,稳定中,稳定信用债
989,202103.OF,南方多利增强债券A,李璇,混合债券型基金(一级),稳定小基金公司,稳定中,稳定小,
990,202108.OF,南方润元纯债债券A/B,金凌志,中长期纯债券型基金,稳定小基金公司,稳定长,稳定中,稳定信用债
991,217003.OF,招商安泰债券A,刘万锋,混合债券型基金(一级),稳定小基金公司,稳定长,稳定大,轮动基金
992,217022.OF,招商产业债券A,马龙,混合债券型基金(一级),稳定小基金公司,稳定中,稳定中,稳定信用债
993,261001.OF,景顺长城稳定收益债券A,"李训练,何江波",混合债券型基金(一级),稳定小基金公司,稳定短,稳定小,轮动基金
994,270043.OF,广发理财年年红债券,吴迪,短期纯债券型基金,稳定小基金公司,稳定短,稳定大,
995,270048.OF,广发纯债债券A,宋倩倩,中长期纯债券型基金,稳定小基金公司,稳定长,稳定中,稳定信用债
