,thscode,ths_fund_short_name_fund,ths_fund_manager_current_fund,Stable_Count,XStable,YStable,independent
0,519025.OF,海富通领先成长混合,李志,稳定行业均衡基金,风格轮动基金,风格轮动基金,
1,519026.OF,海富通中小盘混合,范庭芳,行业轮动基金,风格轮动基金,风格轮动基金,
2,519029.OF,华夏稳增混合,彭海伟,稳定行业均衡基金,风格轮动基金,稳定小盘,
3,519035.OF,富国天博创新混合,毕天宇,稳定行业均衡基金,风格轮动基金,风格轮动基金,
4,519069.OF,汇添富价值精选混合A,劳杰男,稳定行业均衡基金,风格轮动基金,稳定大盘,
5,519087.OF,新华优选分红混合,赵强,稳定行业均衡基金,风格轮动基金,风格轮动基金,
6,519089.OF,新华优选成长混合,栾超,稳定行业均衡基金,风格轮动基金,风格轮动基金,
7,519093.OF,新华钻石品质企业混合,蔡春红,行业轮动基金,风格轮动基金,风格轮动基金,
8,519133.OF,海富通改革驱动混合,周雪军,稳定行业均衡基金,风格轮动基金,稳定中盘,
9,519139.OF,海富通沪港深混合,高峥,稳定行业均衡基金,稳定价值型,风格轮动基金,
10,519181.OF,万家和谐增长混合A,"莫海波,刘林峰",稳定行业均衡基金,风格轮动基金,风格轮动基金,
11,519195.OF,万家品质生活A,莫海波,行业轮动基金,风格轮动基金,风格轮动基金,
12,519196.OF,万家新兴蓝筹,莫海波,行业轮动基金,风格轮动基金,风格轮动基金,
13,519224.OF,海富通欣荣混合A,杜晓海,,,,
14,519621.OF,银河君荣混合I,刘铭,,,,
15,519651.OF,银河转型混合A,杨琪,稳定行业均衡基金,风格轮动基金,稳定大盘,
16,519664.OF,银河美丽混合A,杨琪,行业轮动基金,风格轮动基金,稳定大盘,
17,519668.OF,银河成长混合,祝建辉,稳定行业均衡基金,风格轮动基金,稳定大盘,
18,519672.OF,银河蓝筹混合A,袁曦,稳定行业均衡基金,风格轮动基金,稳定大盘,
19,519674.OF,银河创新混合A,郑巍山,稳定TMT行业基金,风格轮动基金,风格轮动基金,
20,519688.OF,交银精选混合,"王崇,张雪蓉",稳定行业均衡基金,风格轮动基金,风格轮动基金,
21,519690.OF,交银稳健配置混合,陈孜铎,稳定行业均衡基金,风格轮动基金,风格轮动基金,
22,519692.OF,交银成长混合A,王少成,稳定行业均衡基金,风格轮动基金,风格轮动基金,
23,519694.OF,交银蓝筹混合,王少成,稳定行业均衡基金,风格轮动基金,风格轮动基金,
24,519696.OF,交银环球精选混合(QDII),"周中,陈俊华,陈舒薇",,,,
25,519704.OF,交银先进制造混合A,刘鹏,稳定行业均衡基金,风格轮动基金,风格轮动基金,
26,519710.OF,交银策略回报混合,韩威俊,稳定消费行业基金,风格轮动基金,稳定大盘,
27,519712.OF,交银阿尔法核心混合A,何帅,稳定行业均衡基金,风格轮动基金,风格轮动基金,
28,519727.OF,交银成长30混合,郭斐,稳定行业均衡基金,风格轮动基金,风格轮动基金,
29,519736.OF,交银新成长混合,王崇,稳定行业均衡基金,风格轮动基金,风格轮动基金,
30,519756.OF,交银施罗德国企改革灵活配置混合A,沈楠,稳定行业均衡基金,风格轮动基金,稳定大盘,
31,519767.OF,交银科技创新灵活配置混合A,芮晨,稳定行业均衡基金,风格轮动基金,稳定中盘,
32,519773.OF,交银数据产业灵活配置混合A,田彧龙,行业轮动基金,风格轮动基金,风格轮动基金,
33,519908.OF,华夏兴华混合A,阳琨,行业轮动基金,风格轮动基金,风格轮动基金,
34,519915.OF,富国消费主题混合A,王园园,行业轮动基金,风格轮动基金,稳定大盘,
35,519929.OF,长信电子信息行业量化灵活配置混合A,"左金保,宋海岸",稳定TMT行业基金,风格轮动基金,风格轮动基金,
36,519983.OF,长信量化先锋混合A,左金保,稳定行业均衡基金,风格轮动基金,风格轮动基金,
37,519991.OF,长信双利优选混合A,祝昱丰,稳定行业均衡基金,风格轮动基金,风格轮动基金,
38,519995.OF,长信金利趋势混合A,高远,,,,
39,530001.OF,建信恒久价值混合,"陶灿,蒋严泽",行业轮动基金,风格轮动基金,风格轮动基金,
40,530003.OF,建信优选成长混合A,姚锦,稳定行业均衡基金,风格轮动基金,稳定大盘,
41,530006.OF,建信核心精选混合,王东杰,稳定行业均衡基金,风格轮动基金,稳定大盘,
42,550001.OF,信诚四季红混合A,吴昊,稳定行业均衡基金,风格轮动基金,风格轮动基金,
43,550002.OF,中信保诚精萃成长混合A,王睿,稳定行业均衡基金,风格轮动基金,风格轮动基金,
44,550003.OF,中信保诚盛世蓝筹混合,吴昊,稳定行业均衡基金,风格轮动基金,稳定大盘,
45,550008.OF,信诚优胜精选混合A,王睿,稳定行业均衡基金,风格轮动基金,风格轮动基金,
46,570001.OF,诺德价值优势混合,罗世锋,稳定行业均衡基金,风格轮动基金,稳定大盘,
47,570008.OF,诺德周期策略混合,罗世锋,稳定行业均衡基金,风格轮动基金,稳定大盘,
48,590005.OF,中邮核心主题混合,陈梁,行业轮动基金,风格轮动基金,风格轮动基金,
49,610004.OF,信澳中小盘混合,曾国富,行业轮动基金,稳定成长型,风格轮动基金,
50,610006.OF,信澳产业升级混合,曾国富,行业轮动基金,稳定成长型,风格轮动基金,
51,630002.OF,华商盛世成长混合,"周海栋,孙蔚",行业轮动基金,风格轮动基金,稳定中盘,
52,630006.OF,华商产业升级混合,彭欣杨,稳定行业均衡基金,风格轮动基金,风格轮动基金,
53,630010.OF,华商价值精选混合,彭欣杨,稳定行业均衡基金,风格轮动基金,风格轮动基金,
54,630016.OF,华商价值共享混合发起式,何奇峰,行业轮动基金,风格轮动基金,风格轮动基金,
55,660004.OF,农银策略价值混合,陈富权,稳定行业均衡基金,风格轮动基金,稳定大盘,
56,660006.OF,农银大盘蓝筹混合,宋永安,稳定行业均衡基金,风格轮动基金,稳定大盘,
57,660010.OF,农银策略精选混合,张峰,稳定行业均衡基金,风格轮动基金,风格轮动基金,
58,660012.OF,农银消费主题混合A,徐文卉,稳定消费行业基金,风格轮动基金,风格轮动基金,
59,688888.OF,浙商聚潮产业成长混合A,贾腾,稳定行业均衡基金,风格轮动基金,风格轮动基金,
60,690004.OF,民生加银稳健成长混合,郑爱刚,行业轮动基金,风格轮动基金,风格轮动基金,
61,690005.OF,民生加银内需增长混合,柳世庆,稳定行业均衡基金,风格轮动基金,风格轮动基金,
62,690007.OF,民生加银景气行业混合A,王亮,稳定行业均衡基金,风格轮动基金,稳定大盘,
63,700001.OF,平安行业先锋混合,刘杰,稳定行业均衡基金,风格轮动基金,风格轮动基金,
64,700003.OF,平安策略先锋混合,神爱前,稳定行业均衡基金,风格轮动基金,风格轮动基金,
65,720001.OF,财通价值动量混合,金梓才,行业轮动基金,风格轮动基金,风格轮动基金,
66,750001.OF,安信灵活配置混合,张竞,稳定行业均衡基金,风格轮动基金,风格轮动基金,
67,160133.SZ,南方天元新产业股票(LOF),蒋秋洁,稳定行业均衡基金,风格轮动基金,稳定大盘,
68,160322.SZ,华夏港股通精选股票(LOF)A,"李湘杰,黄芳",,稳定价值型,稳定小盘,
69,000041.OF,华夏全球股票(QDII),"李湘杰,郑鹏",,,,
70,000043.OF,嘉实美国成长股票(QDII),张自力,,,,
71,000082.OF,嘉实研究阿尔法股票,"肖觅,张露",稳定行业均衡基金,稳定均衡-价值型,风格轮动基金,
72,000309.OF,大摩品质生活精选股票,何晓春,稳定行业均衡基金,风格轮动基金,风格轮动基金,
73,000409.OF,鹏华环保产业股票,孟昊,行业轮动基金,稳定成长型,风格轮动基金,
74,000457.OF,摩根核心成长股票A,李博,稳定行业均衡基金,风格轮动基金,风格轮动基金,
75,000471.OF,富国城镇发展股票,蒲世林,稳定行业均衡基金,风格轮动基金,风格轮动基金,
76,000513.OF,富国高端制造行业股票A,毕天宇,稳定行业均衡基金,风格轮动基金,风格轮动基金,
77,000524.OF,摩根民生需求股票A,杨景喻,行业轮动基金,风格轮动基金,风格轮动基金,
78,000549.OF,华安大国新经济股票A,翁启森,稳定行业均衡基金,风格轮动基金,稳定中盘,
79,000577.OF,安信价值精选股票,陈一峰,稳定行业均衡基金,风格轮动基金,稳定大盘,
80,000592.OF,建信改革红利股票A,陶灿,稳定行业均衡基金,风格轮动基金,风格轮动基金,
81,000628.OF,大成高新技术产业股票A,刘旭,稳定行业均衡基金,风格轮动基金,稳定中盘,
82,000746.OF,招商行业精选股票基金,贾成东,稳定行业均衡基金,风格轮动基金,稳定大盘,
83,000751.OF,嘉实新兴产业股票,归凯,稳定行业均衡基金,风格轮动基金,风格轮动基金,
84,000778.OF,鹏华先进制造股票,袁航,行业轮动基金,风格轮动基金,稳定大盘,
85,000780.OF,鹏华医疗保健股票,郎超,稳定医药行业基金,风格轮动基金,风格轮动基金,
86,000828.OF,宏利转型机遇股票A,王鹏,行业轮动基金,风格轮动基金,稳定中盘,
87,000831.OF,工银医疗保健股票,"赵蓓,丁洋",稳定医药行业基金,风格轮动基金,风格轮动基金,
88,000866.OF,华宝制造股票,贺喆,稳定行业均衡基金,风格轮动基金,风格轮动基金,
89,000893.OF,工银创新动力股票,杨鑫鑫,稳定行业均衡基金,稳定价值型,稳定中盘,
90,000925.OF,汇添富外延增长主题股票A,蔡志文,稳定行业均衡基金,风格轮动基金,稳定大盘,
91,000955.OF,南方产业活力,蒋秋洁,稳定行业均衡基金,风格轮动基金,稳定大盘,
92,000960.OF,招商医药健康产业股票,李佳存,稳定医药行业基金,风格轮动基金,风格轮动基金,
93,000971.OF,诺安新经济股票,杨琨,稳定行业均衡基金,风格轮动基金,稳定大盘,
94,000978.OF,景顺长城量化精选股票,黎海威,稳定行业均衡基金,稳定价值型,稳定小盘,
95,000979.OF,景顺长城沪港深精选股票,鲍无可,稳定行业均衡基金,稳定价值型,风格轮动基金,
96,000985.OF,嘉实逆向策略股票,曲盛伟,行业轮动基金,风格轮动基金,风格轮动基金,
97,000991.OF,工银战略转型股票A,杜洋,稳定行业均衡基金,稳定价值型,稳定中盘,
98,000996.OF,中银新动力股票A,吴印,稳定行业均衡基金,风格轮动基金,稳定大盘,
99,001008.OF,工银国企改革股票,何肖颉,稳定行业均衡基金,风格轮动基金,稳定大盘,
100,001009.OF,摩根安全战略股票A,陈思郁,行业轮动基金,风格轮动基金,风格轮动基金,
101,001028.OF,华安物联网主题股票A,翁启森,稳定行业均衡基金,风格轮动基金,稳定中盘,
102,001036.OF,嘉实企业变革股票,谢泽林,稳定行业均衡基金,风格轮动基金,风格轮动基金,
103,001040.OF,新华策略精选股票,赵强,稳定行业均衡基金,风格轮动基金,风格轮动基金,
104,001044.OF,嘉实新消费股票,谭丽,行业轮动基金,风格轮动基金,风格轮动基金,
105,001054.OF,工银新金融股票A,鄢耀,稳定行业均衡基金,风格轮动基金,稳定大盘,
106,001070.OF,建信信息产业股票A,邵卓,稳定行业均衡基金,风格轮动基金,风格轮动基金,
107,001072.OF,华安智能装备主题股票A,李欣,行业轮动基金,风格轮动基金,风格轮动基金,
108,001126.OF,摩根卓越制造股票A,李德辉,稳定行业均衡基金,风格轮动基金,稳定大盘,
109,001158.OF,工银新材料新能源股票,张剑峰,稳定行业均衡基金,风格轮动基金,稳定大盘,
110,001163.OF,银华中国梦30股票,薄官辉,行业轮动基金,风格轮动基金,稳定大盘,
111,001166.OF,建信环保产业股票,姜锋,行业轮动基金,风格轮动基金,稳定大盘,
112,001171.OF,工银养老产业股票A,赵蓓,稳定医药行业基金,风格轮动基金,风格轮动基金,
113,001178.OF,前海开源再融资股票,邱杰,行业轮动基金,风格轮动基金,风格轮动基金,
114,001186.OF,富国文体健康股票A,林庆,稳定行业均衡基金,风格轮动基金,稳定中盘,
115,001195.OF,工银农业产业股票,杨柯,行业轮动基金,风格轮动基金,风格轮动基金,
116,001223.OF,鹏华文化传媒娱乐股票,贺宁,行业轮动基金,风格轮动基金,风格轮动基金,
117,001230.OF,鹏华医药科技A,金笑非,稳定医药行业基金,风格轮动基金,风格轮动基金,
118,001236.OF,博时丝路主题股票A,沙炜,稳定行业均衡基金,风格轮动基金,风格轮动基金,
119,001245.OF,工银生态环境股票A,何肖颉,行业轮动基金,风格轮动基金,风格轮动基金,
120,001291.OF,大摩量化多策略股票,余斌,稳定行业均衡基金,风格轮动基金,风格轮动基金,
121,001313.OF,摩根智慧互联股票A,郭晨,行业轮动基金,风格轮动基金,风格轮动基金,
122,001396.OF,建信互联网+产业升级股票,何珅华,行业轮动基金,风格轮动基金,稳定大盘,
123,001404.OF,招商移动互联网产业股票基金A,张林,稳定TMT行业基金,稳定成长型,风格轮动基金,
124,001410.OF,信澳新能源股票,冯明远,稳定行业均衡基金,风格轮动基金,风格轮动基金,
125,001416.OF,嘉实事件驱动股票,"张楠,张自力",稳定行业均衡基金,风格轮动基金,风格轮动基金,
126,001473.OF,建信大安全战略精选股票,王东杰,稳定行业均衡基金,风格轮动基金,稳定大盘,
127,001476.OF,中银智能制造股票A,王伟,行业轮动基金,风格轮动基金,风格轮动基金,
128,001490.OF,汇添富国企创新增长股票A,李威,稳定行业均衡基金,风格轮动基金,稳定大盘,
129,001496.OF,工银聚焦30股票,胡志利,稳定行业均衡基金,风格轮动基金,风格轮动基金,
130,001528.OF,诺安先进制造股票,韩冬燕,稳定行业均衡基金,稳定价值型,风格轮动基金,
131,001542.OF,国泰互联网+股票,彭凌志,行业轮动基金,稳定成长型,风格轮动基金,
132,001576.OF,国泰智能装备股票A,王阳,行业轮动基金,风格轮动基金,风格轮动基金,
133,001579.OF,国泰大农业股票A,程洲,行业轮动基金,风格轮动基金,稳定中盘,
134,001583.OF,安信新常态股票A,袁玮,稳定行业均衡基金,稳定价值型,风格轮动基金,
135,001605.OF,国富沪港深成长精选股票A,徐成,稳定行业均衡基金,稳定价值型,风格轮动基金,
136,001616.OF,嘉实环保低碳股票,姚志鹏,稳定行业均衡基金,风格轮动基金,风格轮动基金,
137,001637.OF,嘉实量化精选股票,"刘斌,龙昌伦",稳定行业均衡基金,风格轮动基金,风格轮动基金,
138,001645.OF,国泰大健康股票A,徐治彪,稳定行业均衡基金,风格轮动基金,稳定小盘,
139,001651.OF,工银新蓝筹股票A,王筱苓,稳定行业均衡基金,风格轮动基金,稳定大盘,
140,001672.OF,国寿安保智慧生活股票,张琦,稳定行业均衡基金,风格轮动基金,风格轮动基金,
141,001703.OF,银华沪港深增长股票A,周晶,稳定行业均衡基金,稳定价值型,风格轮动基金,
142,001705.OF,泓德战略转型股票,秦毅,稳定行业均衡基金,风格轮动基金,稳定大盘,
143,001717.OF,工银前沿医疗股票A,赵蓓,稳定医药行业基金,风格轮动基金,风格轮动基金,
144,001725.OF,汇添富高端制造股票A,赵鹏飞,稳定行业均衡基金,风格轮动基金,风格轮动基金,
145,001726.OF,汇添富新兴消费股票A,刘伟林,行业轮动基金,风格轮动基金,风格轮动基金,
146,001736.OF,圆信永丰优加生活,范妍,稳定行业均衡基金,风格轮动基金,稳定中盘,
147,001766.OF,摩根医疗健康股票A,方钰涵,稳定医药行业基金,风格轮动基金,风格轮动基金,
148,001790.OF,国泰智能汽车股票A,王阳,行业轮动基金,风格轮动基金,风格轮动基金,
149,001825.OF,建信中国制造2025股票A,孙晟,稳定行业均衡基金,风格轮动基金,风格轮动基金,
150,001878.OF,嘉实沪港深精选股票,张金涛,稳定行业均衡基金,稳定价值型,风格轮动基金,
151,001956.OF,国联安科技动力股票,潘明,行业轮动基金,稳定成长型,风格轮动基金,
152,001974.OF,景顺长城量化新动力股票,黎海威,稳定行业均衡基金,风格轮动基金,稳定大盘,
153,001975.OF,景顺长城环保优势股票,杨锐文,稳定行业均衡基金,风格轮动基金,风格轮动基金,
154,002121.OF,广发沪港深新起点股票A,李耀柱,稳定行业均衡基金,稳定价值型,风格轮动基金,
155,002168.OF,嘉实智能汽车股票,姚志鹏,稳定行业均衡基金,风格轮动基金,风格轮动基金,
156,002210.OF,创金合信量化多因子股票A,"董梁,黄小虎",稳定行业均衡基金,风格轮动基金,稳定小盘,
157,002229.OF,华夏经济转型股票,张帆,稳定行业均衡基金,风格轮动基金,风格轮动基金,
158,003145.OF,中融竞争优势,柯海东,稳定行业均衡基金,风格轮动基金,风格轮动基金,
159,003298.OF,嘉实物流产业股票A,肖觅,行业轮动基金,稳定价值型,稳定中盘,
160,003745.OF,广发多元新兴股票,"刘格菘,唐晓斌",稳定行业均衡基金,风格轮动基金,风格轮动基金,
161,003834.OF,华夏能源革新股票A,郑泽鸿,行业轮动基金,风格轮动基金,风格轮动基金,
162,003984.OF,嘉实新能源新材料股票A,"姚志鹏,熊昱洲",稳定行业均衡基金,风格轮动基金,风格轮动基金,
163,004075.OF,交银施罗德医药创新股票A,楼慧源,稳定医药行业基金,风格轮动基金,风格轮动基金,
164,004476.OF,景顺长城沪港深领先科技股票,詹成,稳定行业均衡基金,风格轮动基金,风格轮动基金,
165,004640.OF,华夏节能环保股票A,吕佳玮,稳定行业均衡基金,风格轮动基金,风格轮动基金,
166,004683.OF,建信高端医疗股票A,潘龙玲,稳定医药行业基金,风格轮动基金,风格轮动基金,
167,004851.OF,广发医疗保健股票A,吴兴武,稳定医药行业基金,风格轮动基金,风格轮动基金,
168,005267.OF,嘉实价值精选股票,谭丽,稳定行业均衡基金,稳定价值型,风格轮动基金,
169,005268.OF,鹏华优势企业,陈璇淼,稳定行业均衡基金,风格轮动基金,稳定大盘,
170,040018.OF,华安香港精选股票(QDII),"苏圻涵,翁启森",,,,
171,110022.OF,易方达消费行业股票,"萧楠,王元春",稳定消费行业基金,风格轮动基金,稳定大盘,
172,118001.OF,易方达亚洲精选股票(QDII),张坤,,,,
173,162208.OF,宏利首选企业股票A,张勋,稳定行业均衡基金,风格轮动基金,风格轮动基金,
174,320022.OF,诺安研究精选股票,"王创练,邓心怡",稳定行业均衡基金,风格轮动基金,稳定中盘,
175,340006.OF,兴全全球视野股票,王品,稳定行业均衡基金,风格轮动基金,风格轮动基金,
176,376510.OF,摩根大盘蓝筹股票A,朱晓龙,稳定行业均衡基金,风格轮动基金,风格轮动基金,
177,450009.OF,国富中小盘股票A,赵晓东,稳定行业均衡基金,风格轮动基金,风格轮动基金,
178,457001.OF,国富亚洲机会股票(QDII),徐成,,,,
179,519193.OF,万家消费成长,高源,稳定行业均衡基金,风格轮动基金,风格轮动基金,
180,519714.OF,交银施罗德消费新驱动股票,韩威俊,稳定消费行业基金,风格轮动基金,稳定大盘,
181,519965.OF,长信量化多策略股票A,左金保,稳定行业均衡基金,风格轮动基金,稳定大盘,
182,519975.OF,长信量化中小盘股票,左金保,稳定行业均衡基金,风格轮动基金,稳定小盘,
183,540008.OF,汇丰晋信低碳先锋股票A,陆彬,稳定行业均衡基金,风格轮动基金,风格轮动基金,
184,540010.OF,汇丰晋信科技先锋股票,陈平,稳定TMT行业基金,风格轮动基金,风格轮动基金,
185,580008.OF,东吴新产业精选股票A,刘瑞,稳定行业均衡基金,风格轮动基金,风格轮动基金,
186,160314.SZ,华夏行业混合(LOF),王劲松,稳定行业均衡基金,风格轮动基金,风格轮动基金,
187,160421.SZ,华安智增精选灵活配置混合,王春,稳定行业均衡基金,风格轮动基金,风格轮动基金,
188,160518.SZ,博时睿远事件驱动混合(LOF),陈伟,稳定行业均衡基金,风格轮动基金,风格轮动基金,
189,160613.SZ,鹏华盛世创新混合(LOF),伍旋,稳定行业均衡基金,稳定价值型,风格轮动基金,
190,160916.SZ,大成优选混合(LOF)A,戴军,稳定行业均衡基金,风格轮动基金,风格轮动基金,
191,160918.SZ,大成中小盘混合(LOF)A,魏庆国,稳定行业均衡基金,风格轮动基金,风格轮动基金,
192,161005.SZ,富国天惠成长混合(LOF),朱少醒,稳定行业均衡基金,风格轮动基金,稳定大盘,
193,161224.SZ,国投瑞银新丝路混合(LOF),王鹏,稳定行业均衡基金,风格轮动基金,风格轮动基金,
194,161610.SZ,融通领先成长混合(LOF)A/B,"邹曦,何龙",稳定行业均衡基金,风格轮动基金,风格轮动基金,
195,161706.SZ,招商优质成长混合(LOF),贾成东,稳定行业均衡基金,风格轮动基金,稳定大盘,
196,161810.SZ,银华内需精选混合(LOF),"王利刚,刘辉",稳定行业均衡基金,风格轮动基金,风格轮动基金,
197,161903.SZ,万家优选,黄兴亮,行业轮动基金,风格轮动基金,风格轮动基金,
198,162006.SZ,长城久富混合(LOF)A,陈良栋,稳定行业均衡基金,风格轮动基金,稳定中盘,
199,162605.SZ,景顺长城鼎益混合(LOF)A,刘彦春,稳定消费行业基金,风格轮动基金,稳定大盘,
200,162703.SZ,广发小盘成长混合(LOF)A,刘格菘,稳定行业均衡基金,风格轮动基金,风格轮动基金,
201,163302.SZ,大摩资源优选混合(LOF),"沈菁,徐达",行业轮动基金,风格轮动基金,风格轮动基金,
202,163406.SZ,兴全合润混合,"叶峰,谢治宇",稳定行业均衡基金,风格轮动基金,风格轮动基金,
203,163409.SZ,兴全绿色投资混合(LOF),邹欣,稳定行业均衡基金,风格轮动基金,风格轮动基金,
204,163412.SZ,兴全轻资产混合(LOF),董理,行业轮动基金,风格轮动基金,风格轮动基金,
205,163415.SZ,兴全商业模式混合(LOF),乔迁,稳定行业均衡基金,风格轮动基金,风格轮动基金,
206,163503.SZ,天治核心成长混合(LOF),"李申,许家涵",行业轮动基金,风格轮动基金,稳定大盘,
207,165313.SZ,建信优势动力混合(LOF),姜锋,稳定行业均衡基金,风格轮动基金,风格轮动基金,
208,166001.SZ,中欧新趋势混合(LOF)A,周蔚文,稳定行业均衡基金,风格轮动基金,风格轮动基金,
209,166006.SZ,中欧行业成长混合(LOF)A,"尹为醇,王培",稳定行业均衡基金,风格轮动基金,风格轮动基金,
210,166009.SZ,中欧新动力混合(LOF)A,王健,稳定行业均衡基金,风格轮动基金,风格轮动基金,
211,166024.SZ,中欧恒利三年定期开放混合,"曹名长,沈悦",稳定行业均衡基金,稳定价值型,稳定小盘,
212,168101.SZ,九泰锐智事件驱动混合(LOF),刘开运,稳定行业均衡基金,风格轮动基金,稳定大盘,
213,168102.SZ,九泰锐富事件驱动混合(LOF)A,"袁多武,刘开运",行业轮动基金,稳定价值型,风格轮动基金,
214,501038.SH,银华明择多策略定期开放混合,"苏静然,倪明",行业轮动基金,风格轮动基金,风格轮动基金,
215,501046.SH,财通福鑫定开混合发起,金梓才,行业轮动基金,风格轮动基金,风格轮动基金,
216,501049.SH,东方红睿玺三年定开混合A,"王延飞,张伟锋",稳定行业均衡基金,稳定价值型,风格轮动基金,
217,501051.SH,圆信汇利,邹维,稳定行业均衡基金,风格轮动基金,风格轮动基金,
218,000011.OF,华夏大盘精选混合A/B,陈伟彦,稳定行业均衡基金,风格轮动基金,风格轮动基金,
219,000017.OF,财通可持续混合,夏钦,稳定行业均衡基金,风格轮动基金,风格轮动基金,
220,000020.OF,景顺长城品质投资混合A,詹成,稳定行业均衡基金,风格轮动基金,风格轮动基金,
221,000021.OF,华夏优势增长混合,郑晓辉,稳定行业均衡基金,风格轮动基金,稳定大盘,
222,000031.OF,华夏复兴混合A,周克平,稳定行业均衡基金,风格轮动基金,风格轮动基金,
223,000039.OF,农银高增长混合,张燕,行业轮动基金,风格轮动基金,风格轮动基金,
224,000083.OF,汇添富消费行业混合,胡昕炜,稳定消费行业基金,风格轮动基金,稳定大盘,
225,000117.OF,广发轮动配置混合,吴兴武,稳定行业均衡基金,风格轮动基金,稳定大盘,
226,000127.OF,农银行业领先混合,张峰,稳定行业均衡基金,风格轮动基金,风格轮动基金,
227,000167.OF,广发聚优灵活配置混合A,张东一,行业轮动基金,风格轮动基金,稳定大盘,
228,000172.OF,华泰柏瑞量化增强混合A,"田汉卿,徐帅宇",稳定行业均衡基金,风格轮动基金,稳定大盘,
229,000173.OF,汇添富美丽30混合A,王栩,稳定行业均衡基金,风格轮动基金,风格轮动基金,
230,000242.OF,景顺长城策略精选灵活配置混合A,张靖,稳定行业均衡基金,风格轮动基金,稳定中盘,
231,000251.OF,工银金融地产混合A,鄢耀,稳定金融地产行业基金,稳定价值型,稳定大盘,
232,000263.OF,工银信息产业混合A,单文,稳定行业均衡基金,风格轮动基金,风格轮动基金,
233,000264.OF,博时内需增长混合A,"刘阳,陈雷",稳定行业均衡基金,风格轮动基金,风格轮动基金,
234,000294.OF,华安生态优先混合A,陈媛,行业轮动基金,风格轮动基金,稳定大盘,
235,000308.OF,建信创新中国混合,邵卓,稳定行业均衡基金,风格轮动基金,风格轮动基金,
236,000339.OF,长城医疗保健混合A,谭小兵,稳定医药行业基金,风格轮动基金,风格轮动基金,
237,000390.OF,华商优势行业混合,周海栋,行业轮动基金,风格轮动基金,稳定中盘,
238,000408.OF,民生加银城镇化混合A,柳世庆,稳定行业均衡基金,风格轮动基金,风格轮动基金,
239,000480.OF,东方红新动力混合A,周云,稳定行业均衡基金,稳定价值型,风格轮动基金,
240,000520.OF,上银新兴价值成长混合,赵治烨,稳定行业均衡基金,风格轮动基金,稳定大盘,
241,000522.OF,华润元大信息传媒科技混合,刘宏毅,稳定TMT行业基金,风格轮动基金,风格轮动基金,
242,000527.OF,南方新优享灵活配置混合A,章晖,稳定行业均衡基金,风格轮动基金,风格轮动基金,
243,000589.OF,光大保德信银发商机混合,陈栋,稳定行业均衡基金,风格轮动基金,稳定大盘,
244,000595.OF,嘉实泰和混合,归凯,稳定行业均衡基金,风格轮动基金,风格轮动基金,
245,000609.OF,华商新量化混合A,邓默,行业轮动基金,风格轮动基金,稳定大盘,
246,000612.OF,华宝生态中国混合A,夏林锋,稳定行业均衡基金,风格轮动基金,风格轮动基金,
247,000619.OF,东方红产业升级混合,王延飞,稳定行业均衡基金,风格轮动基金,风格轮动基金,
248,000652.OF,博时裕隆混合A,陈鹏扬,稳定行业均衡基金,风格轮动基金,稳定中盘,
249,000727.OF,融通健康产业灵活配置混合A/B,万民远,稳定医药行业基金,风格轮动基金,稳定小盘,
250,000742.OF,国泰新经济灵活配置混合A,彭凌志,行业轮动基金,稳定成长型,风格轮动基金,
251,000747.OF,广发逆向策略混合A,程琨,稳定行业均衡基金,风格轮动基金,稳定中盘,
252,000877.OF,华泰柏瑞量化优选混合,"盛豪,雷文渊",稳定行业均衡基金,风格轮动基金,稳定大盘,
253,000880.OF,富国研究精选灵活配置混合A,刘莉莉,行业轮动基金,风格轮动基金,风格轮动基金,
254,000934.OF,国富大中华精选混合人民币,徐成,,,,
255,000939.OF,中银研究精选灵活配置混合A,吴印,稳定行业均衡基金,风格轮动基金,稳定大盘,
256,000940.OF,富国中小盘精选混合A,曹晋,行业轮动基金,风格轮动基金,风格轮动基金,
257,000965.OF,汇丰晋信新动力混合,"闵良超,陈平",行业轮动基金,风格轮动基金,风格轮动基金,
258,000967.OF,华泰柏瑞创新动力混合,吴邦栋,稳定行业均衡基金,风格轮动基金,风格轮动基金,
259,000976.OF,长城新兴产业混合,陈良栋,稳定行业均衡基金,风格轮动基金,稳定中盘,
260,000977.OF,长城环保主题灵活配置混合A,廖瀚博,稳定行业均衡基金,风格轮动基金,风格轮动基金,
261,001000.OF,中欧明睿新起点混合,葛兰,行业轮动基金,稳定成长型,稳定大盘,
262,001017.OF,宏利改革动力混合A,刘欣,稳定行业均衡基金,风格轮动基金,风格轮动基金,
263,001018.OF,易方达新经济混合,陈皓,稳定行业均衡基金,风格轮动基金,风格轮动基金,
264,001053.OF,南方创新经济,章晖,稳定行业均衡基金,风格轮动基金,风格轮动基金,
265,001071.OF,华安媒体互联网混合A,胡宜斌,行业轮动基金,风格轮动基金,风格轮动基金,
266,001074.OF,华泰柏瑞量化驱动混合A,"盛豪,孔令烨",稳定行业均衡基金,风格轮动基金,稳定大盘,
267,001102.OF,前海开源国家比较优势混合A,曲扬,稳定行业均衡基金,风格轮动基金,稳定大盘,
268,001106.OF,华商健康生活混合,何奇峰,行业轮动基金,风格轮动基金,风格轮动基金,
269,001117.OF,中欧精选定期开放混合A,周蔚文,稳定行业均衡基金,风格轮动基金,风格轮动基金,
270,001125.OF,博时互联网主题灵活配置混合,郭晓林,稳定行业均衡基金,风格轮动基金,风格轮动基金,
271,001143.OF,华商量化进取混合,邓默,行业轮动基金,风格轮动基金,稳定大盘,
272,001150.OF,融通互联网传媒灵活配置混合,张鹏,行业轮动基金,风格轮动基金,风格轮动基金,
273,001179.OF,德邦大健康灵活配置混合A,黎莹,稳定行业均衡基金,风格轮动基金,风格轮动基金,
274,001184.OF,易方达新常态混合,孙松,稳定行业均衡基金,风格轮动基金,稳定大盘,
275,001222.OF,鹏华外延成长混合,陈璇淼,稳定行业均衡基金,风格轮动基金,稳定大盘,
276,001255.OF,长城改革红利混合,赵凤飞,行业轮动基金,风格轮动基金,风格轮动基金,
277,001256.OF,泓德优选成长混合,王克玉,稳定行业均衡基金,风格轮动基金,风格轮动基金,
278,001280.OF,银华聚利灵活配置混合A,孙蓓琳,稳定行业均衡基金,风格轮动基金,稳定大盘,
279,001297.OF,平安智慧中国混合,李化松,稳定行业均衡基金,风格轮动基金,风格轮动基金,
280,001349.OF,富国改革动力混合,徐斌,稳定行业均衡基金,风格轮动基金,风格轮动基金,
281,001366.OF,金鹰产业整合混合A,杨晓斌,稳定行业均衡基金,风格轮动基金,风格轮动基金,
282,001371.OF,富国沪港深价值精选灵活配置混合A,汪孟海,稳定行业均衡基金,稳定价值型,风格轮动基金,
283,001373.OF,易方达新丝路混合,"祁禾,杨宗昌",稳定行业均衡基金,风格轮动基金,风格轮动基金,
284,001382.OF,易方达国企改革混合,郭杰,行业轮动基金,风格轮动基金,稳定大盘,
285,001398.OF,华泰柏瑞健康生活混合,吕慧建,稳定行业均衡基金,风格轮动基金,风格轮动基金,
286,001437.OF,易方达瑞享灵活配置混合I,武阳,行业轮动基金,风格轮动基金,风格轮动基金,
287,001457.OF,华商新常态混合A,吴昊,稳定行业均衡基金,风格轮动基金,风格轮动基金,
288,001468.OF,广发改革混合,陈少平,行业轮动基金,风格轮动基金,风格轮动基金,
289,001475.OF,易方达国防军工混合A,何崇恺,稳定制造行业基金,风格轮动基金,稳定中盘,
290,001480.OF,财通成长优选混合,金梓才,行业轮动基金,风格轮动基金,风格轮动基金,
291,001513.OF,易方达信息产业混合,郑希,行业轮动基金,风格轮动基金,风格轮动基金,
292,001564.OF,东方红京东大数据混合A,周云,稳定行业均衡基金,稳定价值型,风格轮动基金,
293,001569.OF,泰信国策驱动灵活配置混合,吴秉韬,稳定行业均衡基金,风格轮动基金,风格轮动基金,
294,001607.OF,英大策略优选A,"张媛,张大铮",稳定行业均衡基金,稳定价值型,风格轮动基金,
295,001667.OF,南方转型增长灵活配置混合A,林乐峰,稳定行业均衡基金,风格轮动基金,风格轮动基金,
296,001668.OF,汇添富全球互联混合(QDII)A,杨瑨,,,,
297,001808.OF,银华互联网主题灵活配置混合A,王浩,行业轮动基金,风格轮动基金,风格轮动基金,
298,001810.OF,中欧潜力价值灵活配置混合A,"沈悦,曹名长",稳定行业均衡基金,稳定价值型,稳定小盘,
299,001832.OF,易方达瑞恒混合,"萧楠,王元春",行业轮动基金,风格轮动基金,稳定大盘,
300,001837.OF,前海开源沪港深蓝筹精选混合A,曲扬,稳定行业均衡基金,稳定价值型,风格轮动基金,
301,001838.OF,国投瑞银国家安全混合A,李轩,稳定制造行业基金,风格轮动基金,风格轮动基金,
302,001857.OF,易方达现代服务业混合,王元春,行业轮动基金,风格轮动基金,稳定大盘,
303,001869.OF,招商制造业混合A,王景,稳定行业均衡基金,风格轮动基金,风格轮动基金,
304,001898.OF,易方达大健康主题混合,"杨桢霄,许征",行业轮动基金,风格轮动基金,风格轮动基金,
305,001910.OF,泰康新机遇混合,"任慧娟,桂跃强,陆建巍",稳定行业均衡基金,风格轮动基金,稳定大盘,
306,001924.OF,华夏国企改革混合,郑晓辉,行业轮动基金,风格轮动基金,风格轮动基金,
307,001927.OF,华夏消费升级混合A,黄文倩,稳定消费行业基金,风格轮动基金,稳定大盘,
308,001955.OF,中欧养老混合A,许文星,稳定行业均衡基金,风格轮动基金,风格轮动基金,
309,001985.OF,富国低碳新经济混合A,杨栋,稳定行业均衡基金,风格轮动基金,稳定中盘,
310,001986.OF,前海开源人工智能主题混合,"魏淳,曲扬",行业轮动基金,风格轮动基金,稳定大盘,
311,001990.OF,中欧数据挖掘混合A,曲径,稳定行业均衡基金,风格轮动基金,风格轮动基金,
312,002124.OF,广发新兴产业精选混合A,李巍,稳定行业均衡基金,风格轮动基金,风格轮动基金,
313,002249.OF,招商境远灵活配置混合,"文仲阳,郭锐",稳定行业均衡基金,风格轮动基金,风格轮动基金,
314,002259.OF,鹏华健康环保混合,蒋鑫,稳定行业均衡基金,风格轮动基金,风格轮动基金,
315,002340.OF,富国价值优势混合,孙彬,稳定行业均衡基金,风格轮动基金,风格轮动基金,
316,002545.OF,东方岳灵活配置混合,盛泽,稳定行业均衡基金,风格轮动基金,稳定大盘,
317,002562.OF,泓德泓益量化混合,苏昌景,稳定行业均衡基金,风格轮动基金,风格轮动基金,
318,002593.OF,富国美丽中国混合A,张啸伟,稳定行业均衡基金,风格轮动基金,稳定大盘,
319,002624.OF,广发优企精选混合A,程琨,稳定行业均衡基金,风格轮动基金,风格轮动基金,
320,002653.OF,泰康沪港深精选混合,黄成扬,稳定行业均衡基金,稳定价值型,稳定小盘,
321,002685.OF,中欧丰泓沪港深灵活配置混合A,"沈悦,罗佳明",稳定行业均衡基金,稳定价值型,稳定小盘,
322,002692.OF,富国创新科技混合A,李元博,行业轮动基金,风格轮动基金,风格轮动基金,
323,002707.OF,大摩科技领先混合A,雷志勇,行业轮动基金,风格轮动基金,风格轮动基金,
324,002803.OF,东方红沪港深混合,秦绪文,稳定行业均衡基金,风格轮动基金,风格轮动基金,
325,002808.OF,泓德优势领航混合,王克玉,稳定行业均衡基金,风格轮动基金,风格轮动基金,
326,002939.OF,广发创新升级混合,"吴远怡,刘格菘",稳定行业均衡基金,风格轮动基金,稳定大盘,
327,002983.OF,长信国防军工量化混合A,宋海岸,稳定制造行业基金,风格轮动基金,风格轮动基金,
328,003095.OF,中欧医疗健康混合A,葛兰,稳定医药行业基金,风格轮动基金,风格轮动基金,
329,003131.OF,国寿安保强国智造灵活配置混合,李捷,稳定行业均衡基金,风格轮动基金,风格轮动基金,
330,003243.OF,摩根中国世纪混合人民币份额,王丽军,,,,
331,003244.OF,摩根中国世纪混合美元现钞,王丽军,,,,
332,003245.OF,摩根中国世纪混合美元现汇,王丽军,,,,
333,003293.OF,易方达科瑞灵活配置混合,杨嘉文,稳定行业均衡基金,风格轮动基金,稳定中盘,
334,003378.OF,泰康策略优选混合,宋仁杰,稳定行业均衡基金,风格轮动基金,稳定中盘,
335,003580.OF,泰康沪港深价值优选混合,黄成扬,稳定行业均衡基金,稳定价值型,稳定小盘,
336,003715.OF,宝盈消费主题混合,杨思亮,稳定行业均衡基金,风格轮动基金,风格轮动基金,
337,003940.OF,银华盛世精选灵活配置混合发起式A,"李晓星,张萍",行业轮动基金,风格轮动基金,稳定大盘,
338,004183.OF,富国产业升级混合A,章旭峰,稳定行业均衡基金,风格轮动基金,风格轮动基金,
339,004263.OF,华安沪港深机会灵活配置混合,"陆秋渊,盛骅",稳定行业均衡基金,稳定价值型,风格轮动基金,
340,004374.OF,华泰保兴吉年丰A,尚烁徽,稳定行业均衡基金,风格轮动基金,风格轮动基金,
341,004394.OF,华泰柏瑞量化创优混合,"田汉卿,笪篁",稳定行业均衡基金,风格轮动基金,稳定大盘,
342,004434.OF,博时逆向投资混合A,"李喆,蔡滨",行业轮动基金,风格轮动基金,风格轮动基金,
343,004477.OF,嘉实沪港深回报混合,王丹,稳定行业均衡基金,风格轮动基金,风格轮动基金,
344,004505.OF,博时新兴消费主题混合A,"曾鹏,王诗瑶",行业轮动基金,风格轮动基金,风格轮动基金,
345,004666.OF,长城久嘉创新成长混合A,尤国梁,行业轮动基金,稳定成长型,风格轮动基金,
346,004868.OF,交银股息优化混合,韩威俊,稳定消费行业基金,风格轮动基金,稳定大盘,
347,004871.OF,中银金融地产混合A,刘腾,稳定金融地产行业基金,稳定价值型,稳定大盘,
348,004877.OF,添富全球医疗混合(QDII)人民币,刘江,,,,
349,004881.OF,中银量化价值混合A,赵志华,稳定行业均衡基金,风格轮动基金,稳定大盘,
350,004958.OF,圆信永丰优享生活,范妍,稳定行业均衡基金,风格轮动基金,稳定中盘,
351,005028.OF,鹏华研究精选混合,"梁浩,王海青",稳定行业均衡基金,风格轮动基金,风格轮动基金,
352,005075.OF,富国研究量化精选混合A,于鹏,稳定行业均衡基金,风格轮动基金,风格轮动基金,
353,005094.OF,万家臻选混合,莫海波,行业轮动基金,风格轮动基金,稳定中盘,
354,005241.OF,中欧时代智慧混合A,成雨轩,稳定行业均衡基金,风格轮动基金,稳定大盘,
355,005244.OF,国泰聚优价值灵活配置混合A,程洲,稳定行业均衡基金,风格轮动基金,稳定小盘,
356,005250.OF,银华估值优势混合,程桯,稳定行业均衡基金,风格轮动基金,稳定大盘,
357,005258.OF,景顺长城量化平衡混合,"黎海威,徐喻军",稳定行业均衡基金,风格轮动基金,风格轮动基金,
358,005299.OF,万家成长优选混合A,李文宾,稳定行业均衡基金,风格轮动基金,风格轮动基金,
359,005335.OF,浙商全景消费混合A,"贾腾,刘新正",稳定行业均衡基金,稳定价值型,风格轮动基金,
360,005521.OF,华安红利精选混合A,杨明,稳定行业均衡基金,风格轮动基金,风格轮动基金,
361,020005.OF,国泰金马稳健混合A,李恒,行业轮动基金,风格轮动基金,稳定大盘,
362,020010.OF,国泰金牛创新成长混合,"程洲,孙家旭",稳定行业均衡基金,风格轮动基金,风格轮动基金,
363,020023.OF,国泰事件驱动混合A,林小聪,稳定行业均衡基金,风格轮动基金,风格轮动基金,
364,040004.OF,华安宝利配置混合,陈媛,行业轮动基金,风格轮动基金,稳定大盘,
365,040005.OF,华安宏利混合A,王春,稳定行业均衡基金,风格轮动基金,风格轮动基金,
366,040007.OF,华安中小盘成长混合,李欣,行业轮动基金,风格轮动基金,稳定中盘,
367,040008.OF,华安策略优选混合A,杨明,稳定行业均衡基金,风格轮动基金,稳定大盘,
368,040011.OF,华安核心优选混合A,"陆秋渊,盛骅",稳定行业均衡基金,风格轮动基金,稳定大盘,
369,040015.OF,华安动态灵活配置混合A,蒋璆,稳定行业均衡基金,风格轮动基金,风格轮动基金,
370,040016.OF,华安行业轮动混合,饶晓鹏,稳定行业均衡基金,风格轮动基金,风格轮动基金,
371,040020.OF,华安升级主题混合A,饶晓鹏,稳定行业均衡基金,风格轮动基金,风格轮动基金,
372,040025.OF,华安科技动力混合A,李欣,行业轮动基金,风格轮动基金,风格轮动基金,
373,050009.OF,博时新兴成长混合,曾鹏,行业轮动基金,风格轮动基金,风格轮动基金,
374,050010.OF,博时特许价值混合A,曾鹏,行业轮动基金,稳定成长型,风格轮动基金,
375,050018.OF,博时行业轮动混合,陈雷,行业轮动基金,风格轮动基金,风格轮动基金,
376,070001.OF,嘉实成长收益混合A,胡涛,稳定行业均衡基金,风格轮动基金,风格轮动基金,
377,070002.OF,嘉实增长混合,归凯,稳定行业均衡基金,风格轮动基金,风格轮动基金,
378,070006.OF,嘉实服务增值行业混合,"牛歌,常蓁",稳定行业均衡基金,风格轮动基金,稳定大盘,
379,070011.OF,嘉实策略混合,"洪流,董福焱",稳定行业均衡基金,风格轮动基金,稳定大盘,
380,070017.OF,嘉实量化阿尔法混合,金猛,稳定行业均衡基金,风格轮动基金,风格轮动基金,
381,070019.OF,嘉实价值优势混合A,谭丽,稳定行业均衡基金,稳定价值型,风格轮动基金,
382,070021.OF,嘉实主题新动力混合,曲盛伟,行业轮动基金,风格轮动基金,风格轮动基金,
383,070032.OF,嘉实优化红利混合A,常蓁,稳定行业均衡基金,风格轮动基金,稳定大盘,
384,070099.OF,嘉实优质企业混合,胡涛,稳定行业均衡基金,风格轮动基金,风格轮动基金,
385,090004.OF,大成精选增值混合,李博,稳定行业均衡基金,风格轮动基金,稳定大盘,
386,090009.OF,大成行业轮动混合,王磊,稳定行业均衡基金,风格轮动基金,风格轮动基金,
387,090013.OF,大成竞争优势混合A,徐彦,稳定行业均衡基金,稳定价值型,风格轮动基金,
388,090015.OF,大成内需增长混合A,张烨,行业轮动基金,风格轮动基金,稳定大盘,
389,100020.OF,富国天益价值混合A,唐颐恒,稳定行业均衡基金,风格轮动基金,稳定大盘,
390,100022.OF,富国天瑞强势混合,"厉叶淼,徐智翔",稳定行业均衡基金,风格轮动基金,风格轮动基金,
391,100026.OF,富国天合稳健混合,张啸伟,稳定行业均衡基金,风格轮动基金,稳定大盘,
392,100039.OF,富国通胀通缩主题混合A,曹晋,行业轮动基金,风格轮动基金,风格轮动基金,
393,100060.OF,富国高新技术产业混合,李元博,行业轮动基金,风格轮动基金,风格轮动基金,
394,100061.OF,富国中国中小盘混合(QDII),张峰,,,,
395,110013.OF,易方达科翔混合,陈皓,稳定行业均衡基金,风格轮动基金,风格轮动基金,
396,110015.OF,易方达行业领先企业混合,冯波,稳定行业均衡基金,风格轮动基金,稳定大盘,
397,110023.OF,易方达医疗保健行业混合,杨桢霄,稳定医药行业基金,风格轮动基金,风格轮动基金,
398,110029.OF,易方达科讯混合,刘健维,稳定行业均衡基金,风格轮动基金,风格轮动基金,
399,121003.OF,国投瑞银核心企业混合,吉莉,稳定行业均衡基金,风格轮动基金,稳定大盘,
400,121008.OF,国投瑞银成长优选混合,桑俊,稳定行业均衡基金,风格轮动基金,稳定大盘,
401,160603.OF,鹏华普天收益混合,蒋鑫,稳定行业均衡基金,风格轮动基金,风格轮动基金,
402,160624.OF,鹏华消费领先混合,孟昊,行业轮动基金,稳定成长型,风格轮动基金,
403,161606.OF,融通行业景气混合A,邹曦,行业轮动基金,风格轮动基金,风格轮动基金,
404,162209.OF,宏利市值优选混合,庄腾飞,稳定行业均衡基金,风格轮动基金,稳定大盘,
405,163411.OF,兴全精选混合,陈宇,稳定行业均衡基金,风格轮动基金,风格轮动基金,
406,163805.OF,中银策略混合A,王帅,稳定行业均衡基金,风格轮动基金,稳定大盘,
407,163807.OF,中银优选混合A,王伟,稳定行业均衡基金,风格轮动基金,风格轮动基金,
408,163822.OF,中银主题策略混合A,黄珺,稳定行业均衡基金,风格轮动基金,风格轮动基金,
409,166002.OF,中欧新蓝筹混合A,"冯炉丹,周蔚文",稳定行业均衡基金,风格轮动基金,风格轮动基金,
410,166005.OF,中欧价值发现混合A,"蓝小康,曹名长,沈悦",稳定行业均衡基金,稳定价值型,稳定小盘,
411,166301.OF,华商新趋势优选灵活配置混合,周海栋,行业轮动基金,风格轮动基金,稳定中盘,
412,180010.OF,银华优质增长混合,贲兴振,稳定行业均衡基金,风格轮动基金,稳定大盘,
413,180012.OF,银华富裕主题混合A,焦巍,行业轮动基金,风格轮动基金,稳定大盘,
414,180013.OF,银华领先策略混合,"苏静然,倪明,向伊达",稳定行业均衡基金,风格轮动基金,风格轮动基金,
415,180018.OF,银华和谐主题混合,唐能,稳定行业均衡基金,风格轮动基金,稳定大盘,
416,180028.OF,银华永祥混合,"贾鹏,郭思捷,孙慧",稳定行业均衡基金,风格轮动基金,风格轮动基金,
417,180031.OF,银华中小盘混合,"李晓星,张萍,杜宇",行业轮动基金,风格轮动基金,风格轮动基金,
418,200001.OF,长城久恒灵活配置混合A,储雯玉,行业轮动基金,稳定成长型,风格轮动基金,
419,200006.OF,长城消费增值混合,龙宇飞,行业轮动基金,风格轮动基金,风格轮动基金,
420,200008.OF,长城品牌优选混合,杨建华,稳定消费行业基金,风格轮动基金,稳定大盘,
421,202003.OF,南方绩优成长混合A,"骆帅,史博",稳定行业均衡基金,风格轮动基金,风格轮动基金,
422,202005.OF,南方成份精选混合A,黄春逢,稳定行业均衡基金,风格轮动基金,稳定大盘,
423,202007.OF,南方隆元产业主题混合,蒋秋洁,稳定行业均衡基金,风格轮动基金,稳定大盘,
424,202011.OF,南方优选价值混合A,罗安安,稳定行业均衡基金,风格轮动基金,稳定大盘,
425,202023.OF,南方优选成长混合A,骆帅,稳定行业均衡基金,风格轮动基金,风格轮动基金,
426,202212.OF,南方平衡配置混合,"邹寅隆,黄春逢",稳定行业均衡基金,风格轮动基金,稳定大盘,
427,206009.OF,鹏华新兴产业混合,梁浩,稳定行业均衡基金,风格轮动基金,风格轮动基金,
428,210003.OF,金鹰行业优势混合A,倪超,行业轮动基金,风格轮动基金,稳定中盘,
429,210009.OF,金鹰核心资源混合,陈颖,稳定TMT行业基金,风格轮动基金,稳定小盘,
430,213003.OF,宝盈策略增长混合,朱建明,行业轮动基金,风格轮动基金,风格轮动基金,
431,217009.OF,招商核心价值混合,郭锐,稳定行业均衡基金,风格轮动基金,风格轮动基金,
432,217010.OF,招商大盘蓝筹混合,郭锐,稳定行业均衡基金,风格轮动基金,风格轮动基金,
433,217012.OF,招商行业领先混合A,吴昊,行业轮动基金,风格轮动基金,风格轮动基金,
434,217013.OF,招商中小盘混合,韩冰,稳定行业均衡基金,风格轮动基金,风格轮动基金,
435,217020.OF,招商安达灵活配置混合,王奇玮,稳定行业均衡基金,风格轮动基金,风格轮动基金,
436,229002.OF,宏利逆向策略混合,刘欣,稳定行业均衡基金,风格轮动基金,风格轮动基金,
437,233006.OF,大摩领先优势混合,何晓春,稳定行业均衡基金,风格轮动基金,风格轮动基金,
438,233007.OF,大摩卓越成长混合,王大鹏,行业轮动基金,风格轮动基金,稳定大盘,
439,233009.OF,大摩多因子策略混合,余斌,稳定行业均衡基金,风格轮动基金,风格轮动基金,
440,233011.OF,大摩主题优选混合,缪东航,稳定行业均衡基金,风格轮动基金,风格轮动基金,
441,240004.OF,华宝动力组合混合A,刘自强,行业轮动基金,风格轮动基金,风格轮动基金,
442,240008.OF,华宝收益增长混合A,毛文博,稳定行业均衡基金,稳定价值型,稳定大盘,
443,240022.OF,华宝资源优选A,"丁靖斐,蔡目荣",稳定周期行业基金,风格轮动基金,风格轮动基金,
444,257010.OF,国联安小盘精选混合,邹新进,稳定行业均衡基金,稳定价值型,风格轮动基金,
445,257020.OF,国联安精选混合,魏东,稳定行业均衡基金,风格轮动基金,风格轮动基金,
446,257070.OF,国联安优选行业混合,潘明,行业轮动基金,稳定成长型,风格轮动基金,
447,260101.OF,景顺长城优选混合,杨锐文,稳定行业均衡基金,风格轮动基金,风格轮动基金,
448,260103.OF,景顺长城动力平衡混合,刘苏,稳定行业均衡基金,风格轮动基金,稳定大盘,
449,260104.OF,景顺长城内需增长混合,刘彦春,行业轮动基金,风格轮动基金,稳定大盘,
450,260108.OF,景顺长城新兴成长混合A,刘彦春,稳定消费行业基金,风格轮动基金,稳定大盘,
451,260109.OF,景顺长城内需贰号混合,刘彦春,稳定消费行业基金,风格轮动基金,稳定大盘,
452,260116.OF,景顺长城核心竞争力混合A类,余广,稳定行业均衡基金,风格轮动基金,稳定大盘,
453,262001.OF,景顺长城大中华混合(QDII)A人民币,周寒颖,,,,
454,270005.OF,广发聚丰混合A,邱璟旻,稳定行业均衡基金,风格轮动基金,风格轮动基金,
455,270006.OF,广发策略优选混合,罗洋,稳定行业均衡基金,风格轮动基金,稳定大盘,
456,270008.OF,广发核心精选混合,程琨,稳定行业均衡基金,风格轮动基金,稳定大盘,
457,270021.OF,广发聚瑞混合A,费逸,稳定行业均衡基金,风格轮动基金,风格轮动基金,
458,270025.OF,广发行业领先混合A,程琨,稳定行业均衡基金,风格轮动基金,风格轮动基金,
459,270028.OF,广发制造业精选混合A,李巍,行业轮动基金,风格轮动基金,稳定中盘,
460,270041.OF,广发消费品精选混合A,李琛,稳定消费行业基金,风格轮动基金,稳定大盘,
461,270050.OF,广发新经济混合A,邱璟旻,稳定行业均衡基金,风格轮动基金,风格轮动基金,
462,288002.OF,华夏收入混合,郑煜,稳定行业均衡基金,风格轮动基金,稳定中盘,
463,290011.OF,泰信中小盘精选混合,董季周,稳定TMT行业基金,风格轮动基金,风格轮动基金,
464,290012.OF,泰信行业精选混合A,董山青,行业轮动基金,风格轮动基金,风格轮动基金,
465,320003.OF,诺安先锋混合A,"杨谷,张堃",稳定行业均衡基金,风格轮动基金,稳定小盘,
466,320005.OF,诺安价值增长混合,王创练,稳定行业均衡基金,风格轮动基金,风格轮动基金,
467,320007.OF,诺安成长混合,"蔡嵩松,刘慧影",稳定TMT行业基金,风格轮动基金,风格轮动基金,
468,320011.OF,诺安中小盘精选混合,韩冬燕,稳定行业均衡基金,稳定价值型,风格轮动基金,
469,320012.OF,诺安主题精选混合,罗春蕾,稳定行业均衡基金,风格轮动基金,风格轮动基金,
470,320015.OF,诺安行业轮动,韩冬燕,稳定行业均衡基金,稳定价值型,风格轮动基金,
471,340007.OF,兴全社会责任混合,季文华,稳定行业均衡基金,风格轮动基金,风格轮动基金,
472,370027.OF,摩根智选30混合A,李德辉,稳定行业均衡基金,风格轮动基金,稳定大盘,
473,375010.OF,摩根中国优势混合A,杜猛,稳定行业均衡基金,风格轮动基金,风格轮动基金,
474,377010.OF,摩根阿尔法混合A,李博,稳定行业均衡基金,风格轮动基金,风格轮动基金,
475,377016.OF,摩根亚太优势混合(QDII),张军,,,,
476,377240.OF,摩根新兴动力混合A,杜猛,稳定行业均衡基金,风格轮动基金,风格轮动基金,
477,378010.OF,摩根成长先锋混合A,倪权生,稳定行业均衡基金,风格轮动基金,风格轮动基金,
478,378546.OF,摩根全球天然资源混合(QDII),张军,,,,
479,379010.OF,摩根中小盘混合A,郭晨,行业轮动基金,风格轮动基金,风格轮动基金,
480,398011.OF,中海分红增利混合,邱红丽,行业轮动基金,风格轮动基金,风格轮动基金,
481,398021.OF,中海能源策略混合,姚晨曦,行业轮动基金,风格轮动基金,风格轮动基金,
482,398061.OF,中海消费混合A,"何文逸,姚晨曦",行业轮动基金,风格轮动基金,风格轮动基金,
483,400001.OF,东方龙混合,许文波,稳定行业均衡基金,风格轮动基金,风格轮动基金,
484,400007.OF,东方策略成长混合,"王然,王芳玲",行业轮动基金,风格轮动基金,风格轮动基金,
485,400025.OF,东方新兴成长混合,王然,行业轮动基金,风格轮动基金,稳定大盘,
486,410003.OF,华富成长趋势混合,陈启明,稳定行业均衡基金,风格轮动基金,风格轮动基金,
487,410007.OF,华富价值增长混合,陈启明,稳定行业均衡基金,风格轮动基金,风格轮动基金,
488,420001.OF,天弘精选混合A,"谷琦彬,于洋,赵鼎龙,周楷宁",稳定行业均衡基金,风格轮动基金,风格轮动基金,
489,420003.OF,天弘永定价值成长混合A,"刘国江,于洋",行业轮动基金,风格轮动基金,稳定大盘,
490,420005.OF,天弘周期策略混合A,谷琦彬,行业轮动基金,风格轮动基金,风格轮动基金,
491,450002.OF,国富弹性市值混合A,赵晓东,稳定行业均衡基金,稳定价值型,稳定大盘,
492,450003.OF,国富潜力组合混合A,徐荔蓉,稳定行业均衡基金,稳定均衡-价值型,稳定大盘,
493,450004.OF,国富深化价值混合A,刘晓,稳定行业均衡基金,稳定均衡-价值型,稳定大盘,
494,460001.OF,华泰柏瑞盛世中国混合,牛勇,稳定行业均衡基金,稳定成长型,风格轮动基金,
495,460007.OF,华泰柏瑞行业领先混合,吕慧建,稳定行业均衡基金,风格轮动基金,风格轮动基金,
496,460009.OF,华泰柏瑞量化先行混合A,"田汉卿,盛豪",稳定行业均衡基金,稳定价值型,稳定小盘,
497,470006.OF,汇添富医药保健混合A,郑磊,稳定医药行业基金,风格轮动基金,风格轮动基金,
498,470008.OF,汇添富策略回报混合,顾耀强,稳定行业均衡基金,风格轮动基金,风格轮动基金,
499,470009.OF,汇添富民营活力混合A,马翔,稳定行业均衡基金,风格轮动基金,风格轮动基金,
500,481001.OF,工银核心价值混合A,何肖颉,稳定行业均衡基金,风格轮动基金,稳定大盘,
501,481004.OF,工银稳健成长混合A,"修世宇,杜洋",稳定行业均衡基金,风格轮动基金,稳定大盘,
502,481006.OF,工银红利混合,林念,稳定行业均衡基金,风格轮动基金,风格轮动基金,
503,481008.OF,工银大盘蓝筹混合,"王筱苓,李迪",稳定行业均衡基金,风格轮动基金,稳定大盘,
504,481013.OF,工银消费服务混合A,王筱苓,行业轮动基金,风格轮动基金,稳定大盘,
505,487021.OF,工银优质精选混合A,胡志利,稳定行业均衡基金,风格轮动基金,风格轮动基金,
506,519001.OF,银华价值优选混合,"倪明,苏静然",稳定行业均衡基金,风格轮动基金,风格轮动基金,
507,519002.OF,华安安信消费服务混合A,王斌,稳定行业均衡基金,风格轮动基金,风格轮动基金,
508,519003.OF,海富通收益增长混合,周雪军,稳定行业均衡基金,风格轮动基金,稳定中盘,
509,519005.OF,海富通股票混合,吕越超,行业轮动基金,稳定成长型,风格轮动基金,
510,519008.OF,汇添富优势精选混合,王栩,稳定行业均衡基金,风格轮动基金,风格轮动基金,
511,519011.OF,海富通精选混合,黄峰,行业轮动基金,风格轮动基金,风格轮动基金,
512,519015.OF,海富通精选贰号混合,黄峰,行业轮动基金,风格轮动基金,风格轮动基金,
513,519017.OF,大成积极成长混合A,王磊,稳定行业均衡基金,风格轮动基金,稳定大盘,
514,519018.OF,汇添富均衡增长混合,"顾耀强,詹杰",稳定行业均衡基金,风格轮动基金,风格轮动基金,
515,519020.OF,国泰金泰灵活配置混合A,李海,行业轮动基金,风格轮动基金,风格轮动基金,
516,519021.OF,国泰金鼎价值混合,饶玉涵,稳定行业均衡基金,风格轮动基金,风格轮动基金,
