,thscode,HCategory20230930,HCategory20230630,HCategory20230331,HCategory20221231,HCategory20220930,HCategory20220630,共振因子标签
0,001974.OF,共振基金,共振基金,共振基金,共振基金,共振基金,共振基金,稳定共振基金
1,001074.OF,共振基金,共振基金,共振基金,共振基金,共振基金,共振基金,稳定共振基金
2,000877.OF,共振基金,共振基金,共振基金,共振基金,共振基金,共振基金,稳定共振基金
3,004881.OF,共振基金,共振基金,共振基金,共振基金,共振基金,共振基金,稳定共振基金
4,001490.OF,共振基金,共振基金,共振基金,共振基金,共振基金,共振基金,稳定共振基金
5,001371.OF,共振基金,共振基金,共振基金,共振基金,共振基金,共振基金,稳定共振基金
6,000172.OF,共振基金,共振基金,共振基金,共振基金,共振基金,共振基金,稳定共振基金
7,001102.OF,共振基金,共振基金,共振基金,共振基金,共振基金,共振基金,稳定共振基金
8,000955.OF,共振基金,共振基金,共振基金,共振基金,共振基金,共振基金,稳定共振基金
9,005258.OF,共振基金,共振基金,中立基金,共振基金,共振基金,共振基金,轮动基金
10,202007.OF,共振基金,共振基金,共振基金,共振基金,共振基金,共振基金,稳定共振基金
11,660006.OF,共振基金,共振基金,共振基金,共振基金,共振基金,共振基金,稳定共振基金
12,519995.OF,共振基金,共振基金,共振基金,共振基金,共振基金,共振基金,稳定共振基金
13,519688.OF,共振基金,共振基金,共振基金,共振基金,共振基金,共振基金,稳定共振基金
14,519018.OF,共振基金,共振基金,共振基金,共振基金,共振基金,共振基金,稳定共振基金
15,180013.OF,共振基金,共振基金,共振基金,共振基金,共振基金,共振基金,稳定共振基金
16,001143.OF,共振基金,共振基金,共振基金,共振基金,中立基金,共振基金,轮动基金
17,000609.OF,共振基金,共振基金,共振基金,共振基金,中立基金,共振基金,轮动基金
18,000117.OF,共振基金,共振基金,共振基金,共振基金,共振基金,共振基金,稳定共振基金
19,160133.SZ,共振基金,共振基金,共振基金,共振基金,共振基金,共振基金,稳定共振基金
20,070006.OF,共振基金,共振基金,共振基金,共振基金,共振基金,共振基金,稳定共振基金
21,163807.OF,共振基金,共振基金,共振基金,共振基金,共振基金,共振基金,稳定共振基金
22,003940.OF,共振基金,共振基金,共振基金,共振基金,共振基金,共振基金,稳定共振基金
23,260104.OF,共振基金,共振基金,共振基金,共振基金,共振基金,共振基金,稳定共振基金
24,202212.OF,共振基金,共振基金,共振基金,共振基金,共振基金,共振基金,稳定共振基金
25,001366.OF,共振基金,共振基金,共振基金,共振基金,共振基金,共振基金,稳定共振基金
26,519668.OF,共振基金,共振基金,共振基金,共振基金,共振基金,共振基金,稳定共振基金
27,200008.OF,共振基金,共振基金,共振基金,共振基金,共振基金,共振基金,稳定共振基金
28,002545.OF,共振基金,共振基金,共振基金,共振基金,共振基金,共振基金,稳定共振基金
29,001837.OF,共振基金,共振基金,共振基金,共振基金,共振基金,中立基金,轮动基金
30,001126.OF,共振基金,共振基金,共振基金,共振基金,共振基金,共振基金,稳定共振基金
31,001222.OF,共振基金,共振基金,共振基金,共振基金,共振基金,共振基金,稳定共振基金
32,001000.OF,共振基金,共振基金,共振基金,共振基金,共振基金,共振基金,稳定共振基金
33,370027.OF,共振基金,共振基金,共振基金,共振基金,共振基金,共振基金,稳定共振基金
34,070032.OF,共振基金,共振基金,共振基金,共振基金,共振基金,共振基金,稳定共振基金
35,005268.OF,共振基金,共振基金,共振基金,共振基金,共振基金,共振基金,稳定共振基金
36,202011.OF,共振基金,共振基金,共振基金,共振基金,共振基金,共振基金,稳定共振基金
37,398061.OF,共振基金,共振基金,共振基金,独立基金,独立基金,中立基金,轮动基金
38,003131.OF,共振基金,共振基金,共振基金,中立基金,共振基金,中立基金,轮动基金
39,519736.OF,共振基金,共振基金,共振基金,共振基金,共振基金,共振基金,稳定共振基金
40,260103.OF,共振基金,共振基金,共振基金,共振基金,共振基金,共振基金,稳定共振基金
41,090015.OF,共振基金,共振基金,共振基金,共振基金,共振基金,共振基金,稳定共振基金
42,519069.OF,共振基金,共振基金,共振基金,共振基金,共振基金,共振基金,稳定共振基金
43,550003.OF,共振基金,共振基金,共振基金,共振基金,共振基金,共振基金,稳定共振基金
44,000083.OF,共振基金,共振基金,共振基金,共振基金,共振基金,共振基金,稳定共振基金
45,000577.OF,共振基金,共振基金,共振基金,共振基金,共振基金,共振基金,稳定共振基金
46,202023.OF,共振基金,共振基金,共振基金,中立基金,共振基金,共振基金,轮动基金
47,004505.OF,共振基金,共振基金,共振基金,中立基金,共振基金,共振基金,轮动基金
48,501051.SH,共振基金,共振基金,共振基金,共振基金,共振基金,共振基金,稳定共振基金
49,161005.SZ,共振基金,共振基金,共振基金,共振基金,共振基金,共振基金,稳定共振基金
50,001910.OF,共振基金,共振基金,共振基金,共振基金,共振基金,共振基金,稳定共振基金
51,519621.OF,共振基金,共振基金,共振基金,共振基金,共振基金,共振基金,稳定共振基金
52,260108.OF,共振基金,共振基金,共振基金,共振基金,共振基金,共振基金,稳定共振基金
53,001476.OF,共振基金,共振基金,共振基金,中立基金,中立基金,中立基金,轮动基金
54,001184.OF,共振基金,共振基金,共振基金,共振基金,共振基金,共振基金,稳定共振基金
55,110015.OF,共振基金,共振基金,共振基金,共振基金,共振基金,共振基金,稳定共振基金
56,000520.OF,共振基金,共振基金,共振基金,共振基金,共振基金,中立基金,轮动基金
57,180018.OF,共振基金,共振基金,共振基金,共振基金,共振基金,共振基金,稳定共振基金
58,001053.OF,共振基金,共振基金,共振基金,共振基金,共振基金,共振基金,稳定共振基金
59,005241.OF,共振基金,共振基金,共振基金,共振基金,共振基金,共振基金,稳定共振基金
60,260109.OF,共振基金,共振基金,共振基金,共振基金,共振基金,共振基金,稳定共振基金
61,000971.OF,共振基金,共振基金,共振基金,共振基金,共振基金,共振基金,稳定共振基金
62,162605.SZ,共振基金,共振基金,共振基金,共振基金,共振基金,共振基金,稳定共振基金
63,040004.OF,共振基金,共振基金,共振基金,共振基金,共振基金,中立基金,轮动基金
64,000294.OF,共振基金,中立基金,共振基金,共振基金,共振基金,共振基金,轮动基金
65,000082.OF,共振基金,中立基金,共振基金,独立基金,中立基金,独立基金,轮动基金
66,519001.OF,共振基金,共振基金,共振基金,共振基金,共振基金,共振基金,稳定共振基金
67,530006.OF,共振基金,共振基金,共振基金,共振基金,共振基金,共振基金,稳定共振基金
68,660004.OF,共振基金,共振基金,共振基金,共振基金,共振基金,共振基金,稳定共振基金
69,320022.OF,共振基金,共振基金,共振基金,中立基金,共振基金,中立基金,轮动基金
70,270006.OF,共振基金,共振基金,共振基金,共振基金,共振基金,共振基金,稳定共振基金
71,519727.OF,共振基金,共振基金,共振基金,共振基金,共振基金,中立基金,轮动基金
72,110022.OF,共振基金,共振基金,共振基金,共振基金,共振基金,共振基金,稳定共振基金
73,180010.OF,共振基金,共振基金,共振基金,共振基金,共振基金,共振基金,稳定共振基金
74,519224.OF,共振基金,中立基金,共振基金,共振基金,共振基金,共振基金,轮动基金
75,001473.OF,共振基金,共振基金,共振基金,共振基金,共振基金,共振基金,稳定共振基金
76,233007.OF,共振基金,共振基金,共振基金,共振基金,共振基金,共振基金,稳定共振基金
77,001825.OF,共振基金,中立基金,共振基金,中立基金,共振基金,共振基金,轮动基金
78,420003.OF,共振基金,共振基金,共振基金,共振基金,共振基金,共振基金,稳定共振基金
79,519965.OF,共振基金,共振基金,共振基金,共振基金,共振基金,共振基金,稳定共振基金
80,000527.OF,共振基金,共振基金,共振基金,共振基金,共振基金,共振基金,稳定共振基金
81,000589.OF,共振基金,共振基金,共振基金,共振基金,共振基金,共振基金,稳定共振基金
82,000939.OF,共振基金,共振基金,共振基金,共振基金,共振基金,共振基金,稳定共振基金
83,270041.OF,共振基金,共振基金,共振基金,共振基金,共振基金,共振基金,稳定共振基金
84,001054.OF,共振基金,共振基金,共振基金,共振基金,共振基金,共振基金,稳定共振基金
85,000524.OF,共振基金,共振基金,共振基金,共振基金,共振基金,共振基金,稳定共振基金
86,519651.OF,共振基金,共振基金,共振基金,共振基金,共振基金,共振基金,稳定共振基金
87,481013.OF,共振基金,共振基金,共振基金,共振基金,共振基金,共振基金,稳定共振基金
88,160624.OF,共振基金,共振基金,共振基金,共振基金,共振基金,共振基金,稳定共振基金
89,519089.OF,共振基金,共振基金,共振基金,共振基金,共振基金,共振基金,稳定共振基金
90,100020.OF,共振基金,共振基金,共振基金,共振基金,共振基金,共振基金,稳定共振基金
91,180012.OF,共振基金,共振基金,共振基金,共振基金,共振基金,中立基金,轮动基金
92,400025.OF,共振基金,中立基金,共振基金,共振基金,共振基金,共振基金,轮动基金
93,160518.SZ,共振基金,共振基金,共振基金,共振基金,共振基金,共振基金,稳定共振基金
94,004394.OF,共振基金,共振基金,共振基金,共振基金,共振基金,共振基金,稳定共振基金
95,487021.OF,共振基金,共振基金,共振基金,共振基金,共振基金,中立基金,轮动基金
96,519915.OF,共振基金,共振基金,共振基金,共振基金,共振基金,共振基金,稳定共振基金
97,519002.OF,共振基金,共振基金,共振基金,中立基金,中立基金,中立基金,轮动基金
98,530001.OF,共振基金,共振基金,共振基金,共振基金,共振基金,中立基金,轮动基金
99,001382.OF,共振基金,共振基金,共振基金,共振基金,共振基金,共振基金,稳定共振基金
100,163805.OF,共振基金,共振基金,共振基金,中立基金,共振基金,共振基金,轮动基金
101,202005.OF,共振基金,共振基金,共振基金,共振基金,共振基金,共振基金,稳定共振基金
102,001280.OF,共振基金,共振基金,共振基金,共振基金,共振基金,共振基金,稳定共振基金
103,070011.OF,共振基金,共振基金,共振基金,中立基金,共振基金,共振基金,轮动基金
104,519093.OF,共振基金,共振基金,共振基金,中立基金,共振基金,中立基金,轮动基金
105,000021.OF,共振基金,共振基金,共振基金,中立基金,共振基金,共振基金,轮动基金
106,450004.OF,共振基金,共振基金,共振基金,共振基金,共振基金,共振基金,稳定共振基金
107,202003.OF,共振基金,中立基金,中立基金,中立基金,中立基金,中立基金,轮动基金
108,121003.OF,共振基金,共振基金,共振基金,共振基金,中立基金,中立基金,轮动基金
109,519664.OF,共振基金,中立基金,共振基金,共振基金,共振基金,共振基金,轮动基金
110,001245.OF,共振基金,共振基金,共振基金,共振基金,共振基金,共振基金,稳定共振基金
111,519710.OF,共振基金,共振基金,共振基金,共振基金,共振基金,共振基金,稳定共振基金
112,002803.OF,共振基金,共振基金,共振基金,共振基金,共振基金,共振基金,稳定共振基金
113,377240.OF,共振基金,共振基金,中立基金,共振基金,中立基金,中立基金,轮动基金
114,260116.OF,共振基金,中立基金,共振基金,共振基金,共振基金,共振基金,轮动基金
115,375010.OF,共振基金,共振基金,中立基金,共振基金,中立基金,中立基金,轮动基金
116,420001.OF,共振基金,中立基金,共振基金,中立基金,共振基金,中立基金,轮动基金
117,004868.OF,共振基金,中立基金,共振基金,共振基金,共振基金,共振基金,轮动基金
118,501038.SH,共振基金,中立基金,共振基金,共振基金,共振基金,共振基金,轮动基金
119,519714.OF,共振基金,中立基金,共振基金,共振基金,共振基金,共振基金,轮动基金
120,400001.OF,共振基金,中立基金,中立基金,中立基金,中立基金,中立基金,轮动基金
121,660012.OF,共振基金,共振基金,共振基金,共振基金,共振基金,中立基金,轮动基金
122,001125.OF,共振基金,共振基金,共振基金,共振基金,中立基金,共振基金,轮动基金
123,004183.OF,共振基金,共振基金,中立基金,中立基金,共振基金,共振基金,轮动基金
124,001496.OF,共振基金,共振基金,共振基金,共振基金,共振基金,共振基金,稳定共振基金
125,001291.OF,共振基金,独立基金,独立基金,共振基金,共振基金,共振基金,轮动基金
126,001163.OF,共振基金,共振基金,共振基金,共振基金,共振基金,共振基金,稳定共振基金
127,100026.OF,共振基金,中立基金,共振基金,共振基金,共振基金,中立基金,轮动基金
128,001927.OF,共振基金,共振基金,共振基金,共振基金,共振基金,共振基金,稳定共振基金
129,001457.OF,共振基金,独立基金,独立基金,独立基金,中立基金,中立基金,轮动基金
130,580008.OF,共振基金,中立基金,中立基金,共振基金,中立基金,独立基金,轮动基金
131,750001.OF,共振基金,独立基金,中立基金,中立基金,中立基金,共振基金,轮动基金
132,519672.OF,共振基金,共振基金,共振基金,共振基金,中立基金,共振基金,轮动基金
133,001009.OF,共振基金,中立基金,独立基金,独立基金,独立基金,共振基金,轮动基金
134,000017.OF,共振基金,中立基金,共振基金,共振基金,共振基金,共振基金,轮动基金
135,000167.OF,共振基金,共振基金,共振基金,共振基金,共振基金,共振基金,稳定共振基金
136,001158.OF,共振基金,共振基金,共振基金,共振基金,共振基金,共振基金,稳定共振基金
137,001703.OF,共振基金,独立基金,中立基金,中立基金,共振基金,中立基金,轮动基金
138,690007.OF,共振基金,共振基金,共振基金,共振基金,共振基金,共振基金,稳定共振基金
139,001396.OF,共振基金,共振基金,共振基金,共振基金,共振基金,共振基金,稳定共振基金
140,001616.OF,共振基金,共振基金,共振基金,共振基金,中立基金,共振基金,轮动基金
141,000778.OF,共振基金,共振基金,共振基金,共振基金,共振基金,共振基金,稳定共振基金
142,001569.OF,共振基金,独立基金,独立基金,中立基金,中立基金,中立基金,轮动基金
143,002340.OF,共振基金,中立基金,共振基金,共振基金,共振基金,中立基金,轮动基金
144,002593.OF,共振基金,中立基金,共振基金,共振基金,共振基金,中立基金,轮动基金
145,481001.OF,共振基金,共振基金,共振基金,共振基金,共振基金,中立基金,轮动基金
146,519756.OF,共振基金,共振基金,共振基金,共振基金,中立基金,中立基金,轮动基金
147,519021.OF,共振基金,独立基金,独立基金,中立基金,共振基金,共振基金,轮动基金
148,400007.OF,共振基金,独立基金,中立基金,中立基金,共振基金,共振基金,轮动基金
149,002653.OF,共振基金,中立基金,共振基金,中立基金,中立基金,独立基金,轮动基金
150,003378.OF,共振基金,中立基金,共振基金,中立基金,中立基金,中立基金,轮动基金
151,003580.OF,共振基金,中立基金,共振基金,独立基金,中立基金,独立基金,轮动基金
152,100039.OF,共振基金,共振基金,中立基金,中立基金,中立基金,共振基金,轮动基金
153,340007.OF,共振基金,共振基金,共振基金,共振基金,共振基金,共振基金,稳定共振基金
154,519712.OF,共振基金,共振基金,共振基金,共振基金,中立基金,共振基金,轮动基金
155,160314.SZ,共振基金,共振基金,中立基金,中立基金,中立基金,中立基金,轮动基金
156,000592.OF,共振基金,中立基金,共振基金,共振基金,共振基金,中立基金,轮动基金
157,217020.OF,共振基金,中立基金,共振基金,中立基金,中立基金,中立基金,轮动基金
158,000977.OF,共振基金,中立基金,中立基金,共振基金,中立基金,共振基金,轮动基金
159,519025.OF,共振基金,中立基金,中立基金,共振基金,共振基金,共振基金,轮动基金
160,470008.OF,共振基金,共振基金,共振基金,共振基金,共振基金,共振基金,稳定共振基金
161,530003.OF,共振基金,共振基金,中立基金,共振基金,共振基金,中立基金,轮动基金
162,540010.OF,共振基金,共振基金,共振基金,共振基金,中立基金,共振基金,轮动基金
163,001166.OF,共振基金,共振基金,中立基金,共振基金,中立基金,共振基金,轮动基金
164,320005.OF,共振基金,中立基金,中立基金,中立基金,中立基金,中立基金,轮动基金
165,000020.OF,共振基金,中立基金,共振基金,中立基金,中立基金,共振基金,轮动基金
166,166006.SZ,共振基金,中立基金,中立基金,中立基金,共振基金,中立基金,轮动基金
167,398021.OF,共振基金,中立基金,中立基金,独立基金,独立基金,中立基金,轮动基金
168,001705.OF,共振基金,共振基金,共振基金,共振基金,中立基金,共振基金,轮动基金
169,000925.OF,共振基金,中立基金,中立基金,中立基金,独立基金,中立基金,轮动基金
170,163822.OF,共振基金,中立基金,中立基金,中立基金,独立基金,独立基金,轮动基金
171,162006.SZ,共振基金,中立基金,中立基金,中立基金,中立基金,中立基金,轮动基金
172,481004.OF,共振基金,共振基金,共振基金,共振基金,共振基金,共振基金,稳定共振基金
173,001832.OF,中立基金,中立基金,共振基金,中立基金,中立基金,中立基金,轮动基金
174,001028.OF,中立基金,共振基金,中立基金,中立基金,中立基金,中立基金,轮动基金
175,288002.OF,中立基金,共振基金,中立基金,共振基金,中立基金,共振基金,轮动基金
176,000976.OF,中立基金,中立基金,中立基金,中立基金,中立基金,中立基金,稳定中立基金
177,001236.OF,中立基金,中立基金,中立基金,中立基金,共振基金,共振基金,轮动基金
178,004476.OF,中立基金,中立基金,共振基金,中立基金,独立基金,中立基金,轮动基金
179,519011.OF,中立基金,中立基金,独立基金,独立基金,中立基金,独立基金,轮动基金
180,040025.OF,中立基金,共振基金,中立基金,中立基金,中立基金,共振基金,轮动基金
181,000549.OF,中立基金,共振基金,中立基金,共振基金,中立基金,中立基金,轮动基金
182,481008.OF,中立基金,中立基金,共振基金,共振基金,共振基金,共振基金,轮动基金
183,163411.OF,中立基金,中立基金,中立基金,独立基金,中立基金,共振基金,轮动基金
184,519015.OF,中立基金,中立基金,独立基金,独立基金,中立基金,独立基金,轮动基金
185,519020.OF,中立基金,共振基金,中立基金,中立基金,独立基金,独立基金,轮动基金
186,004871.OF,中立基金,中立基金,中立基金,中立基金,中立基金,中立基金,稳定中立基金
187,001117.OF,中立基金,中立基金,中立基金,中立基金,共振基金,中立基金,轮动基金
188,240008.OF,中立基金,共振基金,中立基金,中立基金,中立基金,中立基金,轮动基金
189,001857.OF,中立基金,中立基金,中立基金,中立基金,中立基金,中立基金,稳定中立基金
190,040008.OF,中立基金,共振基金,共振基金,中立基金,中立基金,中立基金,轮动基金
191,001008.OF,中立基金,中立基金,中立基金,中立基金,共振基金,中立基金,轮动基金
192,001651.OF,中立基金,中立基金,共振基金,共振基金,共振基金,共振基金,轮动基金
193,090004.OF,中立基金,共振基金,中立基金,中立基金,中立基金,中立基金,轮动基金
194,590005.OF,中立基金,独立基金,独立基金,独立基金,独立基金,中立基金,轮动基金
195,040020.OF,中立基金,中立基金,共振基金,中立基金,共振基金,共振基金,轮动基金
196,166001.SZ,中立基金,中立基金,中立基金,独立基金,共振基金,共振基金,轮动基金
197,001726.OF,中立基金,中立基金,中立基金,共振基金,共振基金,共振基金,轮动基金
198,001667.OF,中立基金,中立基金,中立基金,中立基金,中立基金,共振基金,轮动基金
199,003293.OF,中立基金,中立基金,中立基金,中立基金,中立基金,独立基金,轮动基金
200,162208.OF,中立基金,中立基金,中立基金,中立基金,中立基金,中立基金,稳定中立基金
201,000263.OF,中立基金,中立基金,中立基金,中立基金,中立基金,中立基金,稳定中立基金
202,163503.SZ,中立基金,共振基金,中立基金,中立基金,中立基金,中立基金,轮动基金
203,166002.OF,中立基金,中立基金,独立基金,独立基金,共振基金,中立基金,轮动基金
204,000457.OF,中立基金,共振基金,中立基金,共振基金,独立基金,独立基金,轮动基金
205,020005.OF,中立基金,共振基金,共振基金,共振基金,共振基金,共振基金,轮动基金
206,001808.OF,中立基金,共振基金,中立基金,中立基金,中立基金,中立基金,轮动基金
207,377010.OF,中立基金,共振基金,共振基金,共振基金,独立基金,独立基金,轮动基金
208,001072.OF,中立基金,中立基金,中立基金,中立基金,中立基金,共振基金,轮动基金
209,540008.OF,中立基金,中立基金,中立基金,中立基金,中立基金,共振基金,轮动基金
210,070017.OF,中立基金,中立基金,共振基金,共振基金,共振基金,共振基金,轮动基金
211,002229.OF,中立基金,共振基金,中立基金,中立基金,独立基金,独立基金,轮动基金
212,040016.OF,中立基金,中立基金,共振基金,中立基金,共振基金,共振基金,轮动基金
213,070099.OF,中立基金,中立基金,中立基金,中立基金,中立基金,中立基金,稳定中立基金
214,001297.OF,中立基金,中立基金,中立基金,中立基金,共振基金,共振基金,轮动基金
215,000471.OF,中立基金,独立基金,中立基金,中立基金,中立基金,中立基金,轮动基金
216,270008.OF,中立基金,中立基金,中立基金,中立基金,中立基金,中立基金,稳定中立基金
217,240004.OF,中立基金,中立基金,独立基金,共振基金,中立基金,中立基金,轮动基金
218,001579.OF,中立基金,中立基金,中立基金,独立基金,独立基金,中立基金,轮动基金
219,519991.OF,中立基金,独立基金,独立基金,独立基金,独立基金,独立基金,轮动基金
220,000828.OF,中立基金,共振基金,中立基金,中立基金,中立基金,中立基金,轮动基金
221,000251.OF,中立基金,中立基金,中立基金,中立基金,中立基金,中立基金,稳定中立基金
222,040011.OF,中立基金,共振基金,共振基金,共振基金,共振基金,共振基金,轮动基金
223,001790.OF,中立基金,中立基金,中立基金,共振基金,中立基金,中立基金,轮动基金
224,001044.OF,中立基金,中立基金,中立基金,独立基金,中立基金,独立基金,轮动基金
225,000480.OF,中立基金,中立基金,中立基金,中立基金,中立基金,中立基金,稳定中立基金
226,003984.OF,中立基金,中立基金,中立基金,中立基金,中立基金,中立基金,稳定中立基金
227,002168.OF,中立基金,中立基金,中立基金,中立基金,中立基金,中立基金,稳定中立基金
228,660010.OF,中立基金,中立基金,中立基金,中立基金,共振基金,中立基金,轮动基金
229,550002.OF,中立基金,中立基金,中立基金,共振基金,中立基金,中立基金,轮动基金
230,168101.SZ,中立基金,中立基金,中立基金,中立基金,中立基金,中立基金,稳定中立基金
231,163409.SZ,中立基金,中立基金,共振基金,共振基金,中立基金,中立基金,轮动基金
232,000409.OF,中立基金,共振基金,共振基金,共振基金,共振基金,共振基金,轮动基金
233,000127.OF,中立基金,中立基金,中立基金,中立基金,共振基金,中立基金,轮动基金
234,040007.OF,中立基金,共振基金,中立基金,中立基金,中立基金,中立基金,轮动基金
235,003834.OF,中立基金,中立基金,中立基金,中立基金,中立基金,中立基金,稳定中立基金
236,004075.OF,中立基金,中立基金,中立基金,中立基金,中立基金,中立基金,稳定中立基金
237,519908.OF,中立基金,中立基金,中立基金,中立基金,中立基金,独立基金,轮动基金
238,519035.OF,中立基金,中立基金,中立基金,独立基金,中立基金,中立基金,轮动基金
239,519008.OF,中立基金,中立基金,中立基金,中立基金,中立基金,共振基金,轮动基金
240,000173.OF,中立基金,共振基金,中立基金,中立基金,中立基金,中立基金,轮动基金
241,160918.SZ,中立基金,共振基金,中立基金,中立基金,独立基金,独立基金,轮动基金
242,000831.OF,中立基金,中立基金,中立基金,中立基金,独立基金,中立基金,轮动基金
243,161610.SZ,中立基金,中立基金,共振基金,共振基金,共振基金,共振基金,轮动基金
244,002707.OF,中立基金,共振基金,独立基金,独立基金,独立基金,独立基金,轮动基金
245,001736.OF,中立基金,中立基金,中立基金,独立基金,独立基金,独立基金,轮动基金
246,217013.OF,中立基金,中立基金,独立基金,中立基金,中立基金,中立基金,轮动基金
247,003095.OF,中立基金,中立基金,中立基金,中立基金,中立基金,中立基金,稳定中立基金
248,000031.OF,中立基金,中立基金,中立基金,中立基金,中立基金,中立基金,稳定中立基金
249,379010.OF,中立基金,中立基金,独立基金,中立基金,中立基金,共振基金,轮动基金
250,000264.OF,中立基金,独立基金,独立基金,独立基金,中立基金,独立基金,轮动基金
251,501049.SH,中立基金,中立基金,中立基金,中立基金,中立基金,中立基金,稳定中立基金
252,001171.OF,中立基金,中立基金,中立基金,中立基金,中立基金,中立基金,稳定中立基金
253,001313.OF,中立基金,共振基金,独立基金,中立基金,中立基金,共振基金,轮动基金
254,450002.OF,中立基金,中立基金,中立基金,中立基金,中立基金,中立基金,稳定中立基金
255,001956.OF,中立基金,共振基金,独立基金,独立基金,独立基金,中立基金,轮动基金
256,001223.OF,中立基金,共振基金,独立基金,中立基金,中立基金,中立基金,轮动基金
257,005250.OF,中立基金,中立基金,中立基金,共振基金,共振基金,共振基金,轮动基金
258,000940.OF,中立基金,共振基金,中立基金,独立基金,中立基金,独立基金,轮动基金
259,570001.OF,中立基金,中立基金,共振基金,共振基金,共振基金,中立基金,轮动基金
260,570008.OF,中立基金,中立基金,共振基金,中立基金,共振基金,共振基金,轮动基金
261,270021.OF,中立基金,中立基金,中立基金,中立基金,中立基金,中立基金,稳定中立基金
262,005028.OF,中立基金,中立基金,独立基金,独立基金,独立基金,独立基金,轮动基金
263,001717.OF,中立基金,中立基金,中立基金,中立基金,独立基金,中立基金,轮动基金
264,004851.OF,中立基金,中立基金,中立基金,中立基金,独立基金,中立基金,轮动基金
265,050010.OF,中立基金,中立基金,中立基金,中立基金,中立基金,中立基金,稳定中立基金
266,050009.OF,中立基金,中立基金,共振基金,中立基金,中立基金,中立基金,轮动基金
267,001605.OF,中立基金,独立基金,中立基金,独立基金,中立基金,独立基金,轮动基金
268,001924.OF,中立基金,中立基金,中立基金,中立基金,中立基金,中立基金,稳定中立基金
269,002624.OF,中立基金,中立基金,中立基金,独立基金,独立基金,独立基金,轮动基金
270,002692.OF,中立基金,共振基金,中立基金,中立基金,中立基金,独立基金,轮动基金
271,481006.OF,中立基金,共振基金,中立基金,共振基金,独立基金,中立基金,轮动基金
272,000747.OF,中立基金,中立基金,中立基金,独立基金,独立基金,独立基金,轮动基金
273,110029.OF,中立基金,共振基金,中立基金,中立基金,共振基金,共振基金,轮动基金
274,040005.OF,中立基金,中立基金,中立基金,中立基金,共振基金,共振基金,轮动基金
275,630016.OF,中立基金,共振基金,共振基金,中立基金,中立基金,共振基金,轮动基金
276,001106.OF,中立基金,共振基金,共振基金,中立基金,中立基金,共振基金,轮动基金
277,000628.OF,中立基金,中立基金,独立基金,独立基金,独立基金,独立基金,轮动基金
278,257070.OF,中立基金,共振基金,独立基金,独立基金,独立基金,中立基金,轮动基金
279,004263.OF,中立基金,独立基金,中立基金,独立基金,中立基金,中立基金,轮动基金
280,001986.OF,中立基金,共振基金,中立基金,共振基金,共振基金,共振基金,轮动基金
281,002124.OF,中立基金,独立基金,中立基金,中立基金,中立基金,独立基金,轮动基金
282,519983.OF,中立基金,独立基金,中立基金,中立基金,中立基金,独立基金,轮动基金
283,162209.OF,中立基金,中立基金,中立基金,中立基金,中立基金,中立基金,稳定中立基金
284,163412.SZ,中立基金,中立基金,独立基金,中立基金,中立基金,中立基金,轮动基金
285,001576.OF,中立基金,独立基金,中立基金,中立基金,中立基金,共振基金,轮动基金
286,550008.OF,中立基金,中立基金,中立基金,共振基金,中立基金,中立基金,轮动基金
287,001513.OF,中立基金,中立基金,中立基金,独立基金,独立基金,中立基金,轮动基金
288,519975.OF,中立基金,独立基金,中立基金,独立基金,中立基金,独立基金,轮动基金
289,070001.OF,中立基金,独立基金,中立基金,中立基金,中立基金,独立基金,轮动基金
290,270025.OF,中立基金,中立基金,中立基金,独立基金,独立基金,独立基金,轮动基金
291,000039.OF,中立基金,中立基金,中立基金,共振基金,共振基金,中立基金,轮动基金
292,270028.OF,中立基金,中立基金,独立基金,中立基金,独立基金,独立基金,轮动基金
293,519005.OF,中立基金,中立基金,独立基金,独立基金,独立基金,中立基金,轮动基金
294,000595.OF,中立基金,中立基金,中立基金,中立基金,独立基金,独立基金,轮动基金
295,450003.OF,中立基金,独立基金,独立基金,中立基金,中立基金,中立基金,轮动基金
296,000522.OF,中立基金,中立基金,独立基金,独立基金,独立基金,独立基金,轮动基金
297,000513.OF,中立基金,独立基金,中立基金,独立基金,中立基金,独立基金,轮动基金
298,000242.OF,中立基金,中立基金,中立基金,中立基金,独立基金,中立基金,轮动基金
299,160322.SZ,中立基金,独立基金,中立基金,独立基金,独立基金,独立基金,轮动基金
300,240022.OF,中立基金,中立基金,中立基金,中立基金,独立基金,中立基金,轮动基金
301,410003.OF,中立基金,中立基金,中立基金,中立基金,中立基金,中立基金,稳定中立基金
302,160613.SZ,中立基金,中立基金,中立基金,中立基金,独立基金,独立基金,轮动基金
303,002121.OF,中立基金,独立基金,中立基金,独立基金,独立基金,独立基金,轮动基金
304,340006.OF,中立基金,中立基金,中立基金,中立基金,中立基金,中立基金,稳定中立基金
305,160603.OF,中立基金,独立基金,中立基金,独立基金,独立基金,独立基金,轮动基金
306,000746.OF,中立基金,中立基金,中立基金,独立基金,独立基金,中立基金,轮动基金
307,002685.OF,中立基金,独立基金,中立基金,独立基金,独立基金,独立基金,轮动基金
308,630010.OF,中立基金,中立基金,独立基金,独立基金,独立基金,独立基金,轮动基金
309,001869.OF,中立基金,中立基金,独立基金,中立基金,中立基金,中立基金,轮动基金
310,001564.OF,中立基金,中立基金,中立基金,中立基金,中立基金,中立基金,稳定中立基金
311,166301.OF,中立基金,中立基金,中立基金,独立基金,独立基金,独立基金,轮动基金
312,376510.OF,中立基金,中立基金,中立基金,中立基金,中立基金,中立基金,稳定中立基金
313,161706.SZ,中立基金,独立基金,独立基金,独立基金,独立基金,中立基金,轮动基金
314,003145.OF,中立基金,独立基金,中立基金,中立基金,独立基金,独立基金,轮动基金
315,320012.OF,中立基金,独立基金,中立基金,共振基金,中立基金,中立基金,轮动基金
316,550001.OF,中立基金,独立基金,中立基金,独立基金,独立基金,独立基金,轮动基金
317,000780.OF,中立基金,独立基金,独立基金,独立基金,独立基金,独立基金,轮动基金
318,470006.OF,中立基金,独立基金,中立基金,中立基金,独立基金,中立基金,轮动基金
319,519193.OF,中立基金,独立基金,中立基金,中立基金,独立基金,中立基金,轮动基金
320,002210.OF,中立基金,独立基金,独立基金,独立基金,中立基金,独立基金,轮动基金
321,168102.SZ,中立基金,中立基金,中立基金,共振基金,中立基金,中立基金,轮动基金
322,690004.OF,中立基金,中立基金,独立基金,共振基金,共振基金,共振基金,轮动基金
323,000390.OF,中立基金,中立基金,独立基金,独立基金,独立基金,独立基金,轮动基金
324,001256.OF,中立基金,中立基金,中立基金,中立基金,独立基金,中立基金,轮动基金
325,257020.OF,中立基金,中立基金,独立基金,中立基金,中立基金,中立基金,轮动基金
326,165313.SZ,中立基金,中立基金,中立基金,中立基金,共振基金,中立基金,轮动基金
327,004683.OF,中立基金,独立基金,独立基金,中立基金,独立基金,独立基金,轮动基金
328,000979.OF,中立基金,独立基金,独立基金,独立基金,独立基金,独立基金,轮动基金
329,700003.OF,中立基金,独立基金,独立基金,中立基金,中立基金,中立基金,轮动基金
330,630002.OF,中立基金,独立基金,独立基金,独立基金,独立基金,独立基金,轮动基金
331,229002.OF,中立基金,中立基金,中立基金,共振基金,中立基金,独立基金,轮动基金
332,519139.OF,中立基金,独立基金,中立基金,中立基金,共振基金,中立基金,轮动基金
333,630006.OF,中立基金,独立基金,独立基金,独立基金,独立基金,独立基金,轮动基金
334,001985.OF,中立基金,独立基金,中立基金,独立基金,中立基金,中立基金,轮动基金
335,121008.OF,中立基金,中立基金,共振基金,共振基金,中立基金,中立基金,轮动基金
336,001404.OF,中立基金,中立基金,独立基金,独立基金,独立基金,独立基金,轮动基金
337,610006.OF,中立基金,独立基金,中立基金,共振基金,中立基金,中立基金,轮动基金
338,001150.OF,中立基金,独立基金,独立基金,独立基金,独立基金,独立基金,轮动基金
339,519704.OF,中立基金,中立基金,中立基金,中立基金,中立基金,独立基金,轮动基金
340,163406.SZ,中立基金,中立基金,中立基金,中立基金,独立基金,独立基金,轮动基金
341,001766.OF,中立基金,中立基金,中立基金,中立基金,独立基金,中立基金,轮动基金
342,001036.OF,中立基金,独立基金,中立基金,中立基金,中立基金,独立基金,轮动基金
343,210003.OF,中立基金,中立基金,独立基金,中立基金,中立基金,中立基金,轮动基金
344,001349.OF,中立基金,中立基金,中立基金,独立基金,共振基金,中立基金,轮动基金
345,001178.OF,中立基金,共振基金,中立基金,中立基金,中立基金,中立基金,轮动基金
346,233011.OF,中立基金,中立基金,中立基金,中立基金,中立基金,中立基金,稳定中立基金
347,002808.OF,中立基金,中立基金,中立基金,中立基金,独立基金,中立基金,轮动基金
348,001373.OF,中立基金,中立基金,中立基金,独立基金,中立基金,中立基金,轮动基金
349,180028.OF,独立基金,独立基金,独立基金,中立基金,中立基金,独立基金,轮动基金
350,005267.OF,独立基金,独立基金,独立基金,中立基金,中立基金,独立基金,轮动基金
351,001725.OF,独立基金,独立基金,独立基金,独立基金,中立基金,中立基金,轮动基金
352,519017.OF,独立基金,共振基金,中立基金,共振基金,中立基金,共振基金,轮动基金
353,090009.OF,独立基金,共振基金,中立基金,共振基金,中立基金,共振基金,轮动基金
354,163415.SZ,独立基金,中立基金,独立基金,独立基金,独立基金,独立基金,轮动基金
355,001186.OF,独立基金,独立基金,独立基金,独立基金,独立基金,独立基金,稳定独立基金
356,020023.OF,独立基金,中立基金,中立基金,独立基金,独立基金,独立基金,轮动基金
357,000967.OF,独立基金,独立基金,独立基金,独立基金,中立基金,中立基金,轮动基金
358,000742.OF,独立基金,中立基金,中立基金,独立基金,中立基金,中立基金,轮动基金
359,002939.OF,独立基金,中立基金,中立基金,共振基金,中立基金,中立基金,轮动基金
360,100060.OF,独立基金,独立基金,独立基金,中立基金,独立基金,中立基金,轮动基金
361,519767.OF,独立基金,独立基金,中立基金,中立基金,独立基金,独立基金,轮动基金
362,004477.OF,独立基金,独立基金,共振基金,中立基金,共振基金,中立基金,轮动基金
363,040015.OF,独立基金,独立基金,中立基金,独立基金,独立基金,独立基金,轮动基金
364,001878.OF,独立基金,独立基金,中立基金,独立基金,中立基金,独立基金,轮动基金
365,000619.OF,独立基金,独立基金,中立基金,中立基金,中立基金,中立基金,轮动基金
366,000751.OF,独立基金,中立基金,独立基金,中立基金,独立基金,独立基金,轮动基金
367,519195.OF,独立基金,中立基金,独立基金,独立基金,中立基金,独立基金,轮动基金
368,004958.OF,独立基金,中立基金,中立基金,独立基金,独立基金,独立基金,轮动基金
369,005299.OF,独立基金,独立基金,独立基金,独立基金,独立基金,独立基金,稳定独立基金
370,519196.OF,独立基金,中立基金,独立基金,独立基金,独立基金,独立基金,轮动基金
371,004374.OF,独立基金,中立基金,中立基金,独立基金,独立基金,中立基金,轮动基金
372,003745.OF,独立基金,中立基金,中立基金,中立基金,中立基金,中立基金,轮动基金
373,001410.OF,独立基金,独立基金,中立基金,中立基金,中立基金,中立基金,轮动基金
374,217010.OF,独立基金,独立基金,独立基金,独立基金,独立基金,独立基金,稳定独立基金
375,000960.OF,独立基金,独立基金,独立基金,独立基金,中立基金,中立基金,轮动基金
376,002249.OF,独立基金,独立基金,独立基金,独立基金,独立基金,独立基金,稳定独立基金
377,002259.OF,独立基金,独立基金,独立基金,独立基金,独立基金,中立基金,轮动基金
378,003715.OF,独立基金,独立基金,独立基金,中立基金,共振基金,共振基金,轮动基金
379,001528.OF,独立基金,中立基金,独立基金,独立基金,独立基金,独立基金,轮动基金
380,000991.OF,独立基金,中立基金,独立基金,中立基金,中立基金,中立基金,轮动基金
381,000985.OF,独立基金,独立基金,独立基金,中立基金,中立基金,中立基金,轮动基金
382,320015.OF,独立基金,中立基金,独立基金,独立基金,独立基金,独立基金,轮动基金
383,519690.OF,独立基金,中立基金,中立基金,中立基金,中立基金,中立基金,轮动基金
384,519674.OF,独立基金,中立基金,独立基金,独立基金,独立基金,独立基金,轮动基金
385,217012.OF,独立基金,独立基金,独立基金,中立基金,中立基金,独立基金,轮动基金
386,378010.OF,独立基金,共振基金,独立基金,中立基金,中立基金,独立基金,轮动基金
387,233006.OF,独立基金,独立基金,独立基金,独立基金,独立基金,独立基金,稳定独立基金
388,001230.OF,独立基金,独立基金,独立基金,独立基金,独立基金,独立基金,稳定独立基金
389,519181.OF,独立基金,中立基金,独立基金,独立基金,独立基金,独立基金,轮动基金
390,217009.OF,独立基金,独立基金,独立基金,独立基金,独立基金,独立基金,稳定独立基金
391,110013.OF,独立基金,独立基金,共振基金,共振基金,共振基金,中立基金,轮动基金
392,160916.SZ,独立基金,独立基金,独立基金,独立基金,中立基金,中立基金,轮动基金
393,001255.OF,独立基金,中立基金,中立基金,独立基金,独立基金,独立基金,轮动基金
394,005094.OF,独立基金,中立基金,独立基金,独立基金,中立基金,独立基金,轮动基金
395,000339.OF,独立基金,独立基金,独立基金,独立基金,独立基金,中立基金,轮动基金
396,000011.OF,独立基金,独立基金,独立基金,独立基金,独立基金,独立基金,稳定独立基金
397,001468.OF,独立基金,独立基金,独立基金,独立基金,独立基金,独立基金,稳定独立基金
398,166009.SZ,独立基金,独立基金,独立基金,独立基金,独立基金,独立基金,稳定独立基金
399,110023.OF,独立基金,独立基金,独立基金,独立基金,独立基金,中立基金,轮动基金
400,001583.OF,独立基金,独立基金,独立基金,中立基金,中立基金,独立基金,轮动基金
401,519133.OF,独立基金,中立基金,独立基金,中立基金,共振基金,共振基金,轮动基金
402,001398.OF,独立基金,中立基金,中立基金,中立基金,中立基金,中立基金,轮动基金
403,690005.OF,独立基金,独立基金,独立基金,中立基金,中立基金,中立基金,轮动基金
404,070002.OF,独立基金,独立基金,独立基金,独立基金,独立基金,独立基金,稳定独立基金
405,000408.OF,独立基金,独立基金,独立基金,中立基金,中立基金,中立基金,轮动基金
406,460007.OF,独立基金,中立基金,中立基金,中立基金,中立基金,中立基金,轮动基金
407,700001.OF,独立基金,独立基金,独立基金,中立基金,独立基金,独立基金,轮动基金
408,161903.SZ,独立基金,独立基金,独立基金,独立基金,独立基金,独立基金,稳定独立基金
409,410007.OF,独立基金,中立基金,中立基金,中立基金,中立基金,中立基金,轮动基金
410,000309.OF,独立基金,独立基金,中立基金,独立基金,中立基金,独立基金,轮动基金
411,470009.OF,独立基金,中立基金,独立基金,独立基金,独立基金,独立基金,轮动基金
412,000965.OF,独立基金,独立基金,中立基金,独立基金,独立基金,独立基金,轮动基金
413,519929.OF,独立基金,中立基金,独立基金,独立基金,独立基金,独立基金,轮动基金
414,200001.OF,独立基金,独立基金,独立基金,独立基金,独立基金,独立基金,稳定独立基金
415,000308.OF,独立基金,中立基金,中立基金,独立基金,独立基金,独立基金,轮动基金
416,001070.OF,独立基金,中立基金,中立基金,独立基金,独立基金,独立基金,轮动基金
417,420005.OF,独立基金,独立基金,独立基金,独立基金,独立基金,独立基金,稳定独立基金
418,001975.OF,独立基金,独立基金,独立基金,独立基金,独立基金,独立基金,稳定独立基金
419,161810.SZ,独立基金,独立基金,独立基金,独立基金,独立基金,独立基金,稳定独立基金
420,450009.OF,独立基金,独立基金,独立基金,独立基金,中立基金,独立基金,轮动基金
421,000652.OF,独立基金,独立基金,独立基金,中立基金,中立基金,独立基金,轮动基金
422,398011.OF,独立基金,独立基金,独立基金,独立基金,独立基金,独立基金,稳定独立基金
423,270005.OF,独立基金,独立基金,独立基金,独立基金,独立基金,共振基金,轮动基金
424,001018.OF,独立基金,独立基金,中立基金,共振基金,共振基金,共振基金,轮动基金
425,001179.OF,独立基金,独立基金,独立基金,独立基金,独立基金,独立基金,稳定独立基金
426,001437.OF,独立基金,独立基金,独立基金,独立基金,独立基金,中立基金,轮动基金
427,001475.OF,独立基金,独立基金,独立基金,中立基金,独立基金,独立基金,轮动基金
428,050018.OF,独立基金,中立基金,中立基金,共振基金,中立基金,独立基金,轮动基金
429,001195.OF,独立基金,独立基金,独立基金,独立基金,中立基金,共振基金,轮动基金
430,005244.OF,独立基金,独立基金,独立基金,独立基金,中立基金,独立基金,轮动基金
431,519026.OF,独立基金,独立基金,独立基金,中立基金,独立基金,中立基金,轮动基金
432,000893.OF,独立基金,独立基金,独立基金,独立基金,独立基金,独立基金,稳定独立基金
433,688888.OF,独立基金,独立基金,独立基金,独立基金,独立基金,独立基金,稳定独立基金
434,000612.OF,独立基金,独立基金,独立基金,独立基金,独立基金,独立基金,稳定独立基金
435,519773.OF,独立基金,独立基金,独立基金,独立基金,独立基金,中立基金,轮动基金
436,005075.OF,独立基金,独立基金,独立基金,独立基金,独立基金,中立基金,轮动基金
437,070019.OF,独立基金,独立基金,独立基金,独立基金,独立基金,独立基金,稳定独立基金
438,000880.OF,独立基金,独立基金,独立基金,独立基金,中立基金,中立基金,轮动基金
439,519692.OF,独立基金,独立基金,独立基金,中立基金,独立基金,独立基金,轮动基金
440,260101.OF,独立基金,独立基金,独立基金,独立基金,独立基金,独立基金,稳定独立基金
441,519003.OF,独立基金,独立基金,独立基金,中立基金,中立基金,中立基金,轮动基金
442,519694.OF,独立基金,独立基金,独立基金,中立基金,独立基金,独立基金,轮动基金
443,610004.OF,独立基金,独立基金,独立基金,独立基金,独立基金,独立基金,稳定独立基金
444,162703.SZ,独立基金,独立基金,独立基金,中立基金,中立基金,中立基金,轮动基金
445,213003.OF,独立基金,独立基金,独立基金,独立基金,独立基金,中立基金,轮动基金
446,001645.OF,独立基金,独立基金,独立基金,独立基金,独立基金,独立基金,稳定独立基金
447,257010.OF,独立基金,独立基金,独立基金,独立基金,独立基金,独立基金,稳定独立基金
448,180031.OF,独立基金,中立基金,中立基金,中立基金,中立基金,中立基金,轮动基金
449,320011.OF,独立基金,中立基金,独立基金,独立基金,独立基金,独立基金,轮动基金
450,002983.OF,独立基金,独立基金,独立基金,中立基金,独立基金,独立基金,轮动基金
451,320003.OF,独立基金,独立基金,独立基金,独立基金,独立基金,独立基金,稳定独立基金
452,001040.OF,独立基金,独立基金,独立基金,独立基金,独立基金,独立基金,稳定独立基金
453,001071.OF,独立基金,独立基金,独立基金,中立基金,独立基金,独立基金,轮动基金
454,519087.OF,独立基金,独立基金,独立基金,独立基金,独立基金,独立基金,稳定独立基金
455,005335.OF,独立基金,独立基金,独立基金,独立基金,独立基金,独立基金,稳定独立基金
456,161606.OF,独立基金,独立基金,独立基金,中立基金,中立基金,中立基金,轮动基金
457,460009.OF,独立基金,独立基金,独立基金,独立基金,独立基金,独立基金,稳定独立基金
458,002562.OF,独立基金,独立基金,中立基金,独立基金,中立基金,中立基金,轮动基金
459,070021.OF,独立基金,独立基金,独立基金,中立基金,中立基金,中立基金,轮动基金
460,001990.OF,独立基金,独立基金,独立基金,独立基金,中立基金,独立基金,轮动基金
461,001838.OF,独立基金,独立基金,独立基金,独立基金,独立基金,独立基金,稳定独立基金
462,000727.OF,独立基金,独立基金,独立基金,独立基金,独立基金,独立基金,稳定独立基金
463,090013.OF,独立基金,独立基金,独立基金,独立基金,独立基金,独立基金,稳定独立基金
464,001955.OF,独立基金,独立基金,独立基金,独立基金,独立基金,独立基金,稳定独立基金
465,003298.OF,独立基金,独立基金,独立基金,独立基金,独立基金,独立基金,稳定独立基金
466,210009.OF,独立基金,独立基金,独立基金,独立基金,独立基金,独立基金,稳定独立基金
467,001480.OF,独立基金,独立基金,独立基金,独立基金,独立基金,独立基金,稳定独立基金
468,161224.SZ,独立基金,独立基金,独立基金,独立基金,独立基金,独立基金,稳定独立基金
469,001607.OF,独立基金,独立基金,独立基金,独立基金,独立基金,独立基金,稳定独立基金
470,270050.OF,独立基金,独立基金,独立基金,中立基金,独立基金,中立基金,轮动基金
471,001672.OF,独立基金,独立基金,独立基金,独立基金,独立基金,独立基金,稳定独立基金
472,501046.SH,独立基金,独立基金,独立基金,独立基金,独立基金,独立基金,稳定独立基金
473,020010.OF,独立基金,独立基金,独立基金,独立基金,独立基金,独立基金,稳定独立基金
474,460001.OF,独立基金,独立基金,中立基金,中立基金,中立基金,中立基金,轮动基金
475,206009.OF,独立基金,独立基金,独立基金,独立基金,独立基金,独立基金,稳定独立基金
476,004640.OF,独立基金,独立基金,独立基金,独立基金,独立基金,独立基金,稳定独立基金
477,233009.OF,独立基金,独立基金,独立基金,独立基金,独立基金,独立基金,稳定独立基金
478,200006.OF,独立基金,独立基金,独立基金,独立基金,中立基金,中立基金,轮动基金
479,163302.SZ,独立基金,独立基金,独立基金,独立基金,独立基金,独立基金,稳定独立基金
480,000978.OF,独立基金,独立基金,独立基金,独立基金,独立基金,独立基金,稳定独立基金
481,001810.OF,独立基金,独立基金,独立基金,独立基金,独立基金,独立基金,稳定独立基金
482,166005.OF,独立基金,独立基金,独立基金,独立基金,独立基金,独立基金,稳定独立基金
483,001637.OF,独立基金,独立基金,独立基金,独立基金,独立基金,独立基金,稳定独立基金
484,720001.OF,独立基金,独立基金,独立基金,独立基金,独立基金,独立基金,稳定独立基金
485,290011.OF,独立基金,独立基金,独立基金,独立基金,独立基金,独立基金,稳定独立基金
486,000866.OF,独立基金,独立基金,中立基金,独立基金,独立基金,独立基金,轮动基金
487,004666.OF,独立基金,独立基金,独立基金,中立基金,独立基金,独立基金,轮动基金
488,519029.OF,独立基金,独立基金,独立基金,独立基金,独立基金,独立基金,稳定独立基金
489,166024.SZ,独立基金,独立基金,独立基金,独立基金,独立基金,独立基金,稳定独立基金
490,290012.OF,独立基金,独立基金,独立基金,独立基金,独立基金,独立基金,稳定独立基金
491,001017.OF,独立基金,独立基金,中立基金,中立基金,中立基金,独立基金,轮动基金
492,262001.OF,独立基金,独立基金,独立基金,独立基金,独立基金,独立基金,稳定独立基金
493,377016.OF,独立基金,独立基金,独立基金,独立基金,独立基金,独立基金,稳定独立基金
494,378546.OF,独立基金,独立基金,独立基金,独立基金,独立基金,独立基金,稳定独立基金
495,519696.OF,独立基金,独立基金,独立基金,独立基金,独立基金,独立基金,稳定独立基金
496,000041.OF,独立基金,独立基金,独立基金,独立基金,独立基金,独立基金,稳定独立基金
497,000043.OF,独立基金,独立基金,独立基金,独立基金,独立基金,独立基金,稳定独立基金
498,040018.OF,独立基金,独立基金,独立基金,独立基金,独立基金,独立基金,稳定独立基金
499,118001.OF,独立基金,独立基金,独立基金,独立基金,独立基金,独立基金,稳定独立基金
500,457001.OF,独立基金,独立基金,独立基金,独立基金,独立基金,独立基金,稳定独立基金
501,000934.OF,独立基金,独立基金,独立基金,独立基金,独立基金,独立基金,稳定独立基金
502,001668.OF,独立基金,独立基金,独立基金,独立基金,独立基金,独立基金,稳定独立基金
503,003243.OF,独立基金,独立基金,独立基金,独立基金,独立基金,独立基金,稳定独立基金
504,003244.OF,独立基金,独立基金,独立基金,独立基金,独立基金,独立基金,稳定独立基金
505,003245.OF,独立基金,独立基金,独立基金,独立基金,独立基金,独立基金,稳定独立基金
506,004877.OF,独立基金,独立基金,独立基金,独立基金,独立基金,独立基金,稳定独立基金
507,100061.OF,独立基金,独立基金,独立基金,独立基金,独立基金,独立基金,稳定独立基金
