,thscode,Xstyle20230630,Ystyle20230630,Xstyle20221231,Ystyle20221231,Xstyle20220630,Ystyle20220630,Xstyle20211231,Ystyle20211231,Xstyle20210630,Ystyle20210630,Xstyle20201231,Ystyle20201231,风格标签
0,519015.OF,成长型,中盘,成长型,中盘,成长型,中盘,成长-均衡型,中盘,均衡-价值型,中盘,均衡型,大盘,风格轮动基金
1,519011.OF,成长型,中盘,成长型,中盘,成长型,中盘,成长-均衡型,中盘,均衡-价值型,中盘,均衡型,大盘,风格轮动基金
2,001040.OF,成长型,小盘,成长型,小盘,成长型,小盘,成长型,小盘,成长-均衡型,小盘,成长型,中盘,风格轮动基金
3,519087.OF,成长型,小盘,成长型,小盘,成长型,小盘,成长型,小盘,成长-均衡型,中盘,成长-均衡型,中盘,风格轮动基金
4,001437.OF,成长型,中盘,均衡-价值型,大盘,成长型,大盘,成长-均衡型,中盘,均衡型,中盘,成长-均衡型,中盘,风格轮动基金
5,001404.OF,成长型,中盘,成长型,小盘,成长型,小盘,成长型,中盘,成长型,中盘,成长型,中盘,稳定成长型
6,001956.OF,成长型,中盘,成长型,中盘,成长型,中盘,成长型,大盘,成长型,大盘,成长型,大盘,稳定成长型
7,001542.OF,成长型,中盘,成长型,小盘,成长型,大盘,成长型,大盘,成长型,大盘,成长型,大盘,稳定成长型
8,257070.OF,成长型,中盘,成长型,中盘,成长型,中盘,成长型,大盘,成长型,大盘,成长型,大盘,稳定成长型
9,000742.OF,成长型,中盘,成长型,小盘,成长型,大盘,成长型,大盘,成长型,大盘,成长型,大盘,稳定成长型
10,519929.OF,成长型,小盘,成长型,小盘,成长型,小盘,成长型,中盘,成长-均衡型,中盘,成长型,中盘,风格轮动基金
11,110023.OF,成长型,小盘,成长-均衡型,小盘,成长-均衡型,中盘,成长型,中盘,成长-均衡型,大盘,成长型,大盘,风格轮动基金
12,160624.OF,成长型,中盘,成长型,大盘,成长型,大盘,成长型,大盘,成长型,大盘,成长型,大盘,稳定成长型
13,206009.OF,成长型,小盘,成长型,中盘,成长型,中盘,成长-均衡型,小盘,均衡-价值型,小盘,成长-均衡型,中盘,风格轮动基金
14,070001.OF,成长型,中盘,成长型,大盘,成长-均衡型,大盘,成长型,大盘,成长型,大盘,成长型,大盘,风格轮动基金
15,000409.OF,成长型,中盘,成长型,大盘,成长型,大盘,成长型,大盘,成长型,大盘,成长型,大盘,稳定成长型
16,001898.OF,成长型,小盘,成长型,小盘,成长-均衡型,中盘,成长型,中盘,均衡型,大盘,成长-均衡型,大盘,风格轮动基金
17,040016.OF,成长型,中盘,成长-均衡型,中盘,成长-均衡型,大盘,成长-均衡型,大盘,均衡-价值型,大盘,均衡-价值型,大盘,风格轮动基金
18,040020.OF,成长型,中盘,成长-均衡型,中盘,成长型,大盘,成长-均衡型,大盘,均衡-价值型,大盘,均衡-价值型,大盘,风格轮动基金
19,001924.OF,成长型,中盘,均衡型,中盘,成长型,中盘,均衡型,大盘,成长型,大盘,成长-均衡型,大盘,风格轮动基金
20,004666.OF,成长型,小盘,成长型,小盘,成长型,小盘,成长型,中盘,成长型,中盘,成长型,中盘,稳定成长型
21,000083.OF,成长型,大盘,成长型,大盘,均衡型,大盘,成长-均衡型,大盘,成长-均衡型,大盘,成长-均衡型,大盘,风格轮动基金
22,200008.OF,成长型,大盘,成长型,大盘,均衡型,大盘,成长-均衡型,大盘,均衡型,大盘,成长-均衡型,大盘,风格轮动基金
23,570008.OF,成长型,大盘,成长型,大盘,成长-均衡型,大盘,均衡型,大盘,均衡型,大盘,成长-均衡型,大盘,风格轮动基金
24,519672.OF,成长型,大盘,成长型,大盘,成长型,大盘,成长型,大盘,成长-均衡型,大盘,均衡-价值型,大盘,风格轮动基金
25,070099.OF,成长型,中盘,成长型,中盘,成长-均衡型,大盘,成长型,中盘,成长型,大盘,成长型,大盘,风格轮动基金
26,001102.OF,成长型,大盘,成长型,大盘,成长型,大盘,成长-均衡型,大盘,成长-均衡型,大盘,成长-均衡型,大盘,风格轮动基金
27,050009.OF,成长型,中盘,成长型,中盘,成长-均衡型,大盘,成长型,大盘,成长型,大盘,成长-均衡型,大盘,风格轮动基金
28,519664.OF,成长型,大盘,成长-均衡型,大盘,均衡型,大盘,均衡型,大盘,成长-均衡型,大盘,成长-均衡型,大盘,风格轮动基金
29,519035.OF,成长型,中盘,成长-均衡型,中盘,均衡型,中盘,成长-均衡型,中盘,成长-均衡型,大盘,成长-均衡型,大盘,风格轮动基金
30,519026.OF,成长型,小盘,成长型,小盘,成长型,中盘,成长型,中盘,成长-均衡型,中盘,成长型,大盘,风格轮动基金
31,162605.SZ,成长型,大盘,成长型,大盘,均衡型,大盘,均衡型,大盘,均衡型,大盘,均衡型,大盘,风格轮动基金
32,519692.OF,成长型,小盘,成长-均衡型,中盘,均衡型,中盘,均衡型,中盘,成长-均衡型,中盘,均衡型,中盘,风格轮动基金
33,001230.OF,成长型,小盘,成长型,中盘,均衡-价值型,中盘,成长-均衡型,大盘,均衡型,大盘,成长型,大盘,风格轮动基金
34,519915.OF,成长型,大盘,成长型,大盘,均衡型,大盘,均衡型,大盘,均衡型,大盘,均衡型,大盘,风格轮动基金
35,519694.OF,成长型,小盘,成长-均衡型,中盘,均衡型,中盘,均衡型,中盘,成长-均衡型,中盘,均衡型,中盘,风格轮动基金
36,202007.OF,成长型,大盘,成长-均衡型,大盘,均衡型,大盘,均衡型,大盘,成长-均衡型,大盘,均衡型,大盘,风格轮动基金
37,260104.OF,成长型,大盘,成长型,大盘,均衡型,大盘,成长-均衡型,大盘,均衡型,大盘,均衡型,大盘,风格轮动基金
38,260109.OF,成长型,大盘,成长型,大盘,均衡型,大盘,均衡型,大盘,均衡型,大盘,均衡型,大盘,风格轮动基金
39,000117.OF,成长型,大盘,成长型,大盘,成长-均衡型,大盘,成长型,大盘,均衡型,大盘,均衡型,大盘,风格轮动基金
40,570001.OF,成长型,大盘,成长型,大盘,成长-均衡型,大盘,均衡型,大盘,均衡型,大盘,成长-均衡型,大盘,风格轮动基金
41,610006.OF,成长型,小盘,成长型,中盘,成长型,大盘,成长型,中盘,成长型,中盘,成长型,中盘,稳定成长型
42,530001.OF,成长型,中盘,均衡型,中盘,成长-均衡型,中盘,成长型,中盘,成长型,大盘,成长型,大盘,风格轮动基金
43,002692.OF,成长型,中盘,均衡型,中盘,成长-均衡型,中盘,成长-均衡型,中盘,成长型,大盘,成长型,大盘,风格轮动基金
44,690004.OF,成长型,中盘,成长型,大盘,成长型,大盘,成长-均衡型,大盘,均衡-价值型,大盘,均衡-价值型,大盘,风格轮动基金
45,000513.OF,成长型,中盘,成长-均衡型,中盘,成长-均衡型,中盘,成长-均衡型,中盘,成长-均衡型,中盘,成长-均衡型,大盘,风格轮动基金
46,320012.OF,成长型,中盘,成长-均衡型,大盘,均衡型,大盘,均衡型,中盘,均衡型,大盘,成长型,大盘,风格轮动基金
47,519005.OF,成长型,小盘,成长型,中盘,成长型,中盘,成长型,中盘,成长型,中盘,成长型,中盘,稳定成长型
48,501038.SH,成长型,中盘,成长型,大盘,均衡型,大盘,均衡型,大盘,成长-均衡型,大盘,均衡-价值型,大盘,风格轮动基金
49,110015.OF,成长型,大盘,成长型,大盘,成长-均衡型,大盘,均衡型,大盘,均衡型,大盘,均衡-价值型,大盘,风格轮动基金
50,270041.OF,成长型,大盘,成长-均衡型,大盘,均衡型,大盘,均衡-价值型,大盘,均衡-价值型,大盘,均衡-价值型,大盘,风格轮动基金
51,160133.SZ,成长型,大盘,成长-均衡型,大盘,均衡型,大盘,均衡型,大盘,均衡型,大盘,均衡型,大盘,风格轮动基金
52,000940.OF,成长型,中盘,成长-均衡型,小盘,成长型,中盘,成长-均衡型,中盘,成长-均衡型,中盘,均衡型,中盘,风格轮动基金
53,020023.OF,成长型,小盘,成长-均衡型,小盘,成长-均衡型,中盘,成长-均衡型,中盘,成长型,中盘,成长型,大盘,风格轮动基金
54,000592.OF,成长型,中盘,均衡型,中盘,成长-均衡型,中盘,成长-均衡型,中盘,成长型,中盘,成长型,大盘,风格轮动基金
55,202212.OF,成长型,大盘,成长-均衡型,大盘,成长-均衡型,大盘,成长-均衡型,大盘,成长-均衡型,大盘,均衡型,大盘,风格轮动基金
56,001475.OF,成长型,中盘,成长型,中盘,成长型,中盘,成长型,中盘,成长型,中盘,成长-均衡型,中盘,风格轮动基金
57,000976.OF,成长型,中盘,成长-均衡型,中盘,成长-均衡型,中盘,均衡型,中盘,成长型,中盘,均衡型,中盘,风格轮动基金
58,260108.OF,成长型,大盘,成长型,大盘,均衡型,大盘,均衡型,大盘,均衡型,大盘,均衡型,大盘,风格轮动基金
59,519651.OF,成长型,大盘,成长型,大盘,均衡型,大盘,均衡型,大盘,均衡型,大盘,均衡-价值型,大盘,风格轮动基金
60,000831.OF,成长型,中盘,成长-均衡型,中盘,成长-均衡型,中盘,成长型,大盘,成长-均衡型,大盘,成长型,大盘,风格轮动基金
61,003745.OF,成长型,大盘,成长型,大盘,成长-均衡型,大盘,均衡型,大盘,均衡型,大盘,成长-均衡型,大盘,风格轮动基金
62,519712.OF,成长型,大盘,成长型,大盘,成长-均衡型,大盘,成长-均衡型,中盘,均衡-价值型,中盘,价值型,大盘,风格轮动基金
63,000020.OF,成长型,中盘,成长-均衡型,中盘,成长-均衡型,大盘,成长型,大盘,均衡型,大盘,成长-均衡型,大盘,风格轮动基金
64,000017.OF,成长型,中盘,成长型,中盘,均衡型,大盘,均衡型,大盘,均衡型,大盘,成长-均衡型,大盘,风格轮动基金
65,100039.OF,成长型,中盘,成长-均衡型,小盘,成长型,中盘,成长-均衡型,中盘,成长-均衡型,中盘,均衡型,大盘,风格轮动基金
66,162006.SZ,成长型,中盘,成长-均衡型,中盘,成长-均衡型,中盘,均衡型,中盘,成长型,中盘,均衡型,中盘,风格轮动基金
67,003940.OF,成长型,大盘,成长型,大盘,成长-均衡型,大盘,成长型,大盘,成长-均衡型,大盘,成长-均衡型,大盘,风格轮动基金
68,257020.OF,成长型,中盘,均衡型,中盘,均衡型,中盘,均衡-价值型,中盘,均衡型,大盘,均衡-价值型,大盘,风格轮动基金
69,001163.OF,成长型,大盘,成长型,大盘,成长-均衡型,大盘,均衡型,大盘,均衡型,大盘,均衡-价值型,大盘,风格轮动基金
70,290012.OF,成长型,小盘,价值型,小盘,价值型,小盘,价值型,小盘,成长-均衡型,小盘,均衡-价值型,中盘,风格轮动基金
71,000955.OF,成长型,大盘,均衡型,大盘,均衡型,大盘,均衡型,大盘,成长-均衡型,大盘,成长-均衡型,大盘,风格轮动基金
72,398061.OF,成长型,大盘,均衡型,小盘,均衡型,中盘,均衡-价值型,中盘,成长-均衡型,中盘,成长型,中盘,风格轮动基金
73,110022.OF,成长型,大盘,成长型,大盘,均衡-价值型,大盘,均衡-价值型,大盘,均衡-价值型,大盘,均衡型,大盘,风格轮动基金
74,001255.OF,成长型,中盘,成长型,小盘,成长-均衡型,小盘,成长型,小盘,成长型,中盘,成长型,大盘,风格轮动基金
75,000522.OF,成长型,中盘,均衡型,小盘,成长-均衡型,小盘,成长型,中盘,成长型,中盘,成长型,中盘,风格轮动基金
76,200001.OF,成长型,小盘,成长型,小盘,成长型,小盘,成长型,小盘,成长型,中盘,成长型,中盘,稳定成长型
77,005094.OF,成长型,中盘,均衡-价值型,中盘,价值型,中盘,价值型,中盘,均衡-价值型,中盘,均衡型,中盘,风格轮动基金
78,001457.OF,成长型,中盘,均衡型,中盘,成长型,中盘,均衡型,中盘,成长型,大盘,成长-均衡型,大盘,风格轮动基金
79,001126.OF,成长型,大盘,成长-均衡型,大盘,成长型,大盘,成长型,大盘,成长型,大盘,成长型,大盘,风格轮动基金
80,217013.OF,成长型,中盘,成长-均衡型,中盘,成长-均衡型,大盘,成长-均衡型,大盘,成长型,大盘,成长型,大盘,风格轮动基金
81,001717.OF,成长型,中盘,成长-均衡型,大盘,成长-均衡型,中盘,成长型,大盘,成长-均衡型,大盘,成长型,大盘,风格轮动基金
82,470008.OF,成长型,中盘,成长型,大盘,成长-均衡型,大盘,成长型,大盘,成长-均衡型,大盘,成长-均衡型,大盘,风格轮动基金
83,519195.OF,成长型,中盘,均衡-价值型,中盘,价值型,中盘,价值型,中盘,均衡型,中盘,均衡型,大盘,风格轮动基金
84,001166.OF,成长型,大盘,成长-均衡型,大盘,成长-均衡型,大盘,成长-均衡型,大盘,均衡型,大盘,均衡型,大盘,风格轮动基金
85,460001.OF,成长型,小盘,成长型,中盘,成长型,大盘,成长型,大盘,成长型,大盘,成长型,大盘,稳定成长型
86,000939.OF,成长型,大盘,成长-均衡型,大盘,均衡-价值型,大盘,均衡型,大盘,均衡-价值型,大盘,均衡型,大盘,风格轮动基金
87,001726.OF,成长型,中盘,成长-均衡型,大盘,成长-均衡型,大盘,均衡型,大盘,成长型,大盘,成长型,大盘,风格轮动基金
88,001496.OF,成长型,中盘,成长型,大盘,成长型,大盘,成长型,大盘,成长-均衡型,大盘,成长型,大盘,风格轮动基金
89,001513.OF,成长型,中盘,成长型,小盘,成长型,中盘,成长-均衡型,中盘,成长型,大盘,成长型,大盘,风格轮动基金
90,003145.OF,成长型,小盘,成长型,中盘,成长型,中盘,均衡型,中盘,成长型,大盘,成长-均衡型,大盘,风格轮动基金
91,001000.OF,成长型,大盘,成长型,大盘,成长型,大盘,成长型,大盘,成长型,大盘,成长型,大盘,稳定成长型
92,000996.OF,成长型,大盘,成长-均衡型,大盘,均衡-价值型,大盘,均衡型,大盘,均衡型,大盘,均衡型,大盘,风格轮动基金
93,370027.OF,成长型,大盘,成长-均衡型,大盘,成长-均衡型,大盘,成长型,大盘,成长型,大盘,成长-均衡型,大盘,风格轮动基金
94,470006.OF,成长型,中盘,均衡型,中盘,成长-均衡型,大盘,成长型,中盘,成长-均衡型,大盘,成长型,大盘,风格轮动基金
95,001171.OF,成长型,中盘,成长-均衡型,中盘,均衡型,大盘,成长型,中盘,成长-均衡型,中盘,成长型,大盘,风格轮动基金
96,610004.OF,成长型,小盘,成长型,中盘,成长型,中盘,成长型,中盘,成长型,中盘,成长型,中盘,稳定成长型
97,519196.OF,成长型,中盘,均衡-价值型,中盘,价值型,中盘,价值型,中盘,均衡型,中盘,均衡型,大盘,风格轮动基金
98,050010.OF,成长型,中盘,成长型,中盘,成长型,大盘,成长型,大盘,成长型,中盘,成长型,中盘,稳定成长型
99,002707.OF,成长-均衡型,中盘,成长型,小盘,均衡型,小盘,成长-均衡型,小盘,均衡型,小盘,成长-均衡型,中盘,风格轮动基金
100,180012.OF,成长-均衡型,大盘,成长型,大盘,成长-均衡型,大盘,成长型,大盘,成长型,大盘,成长型,大盘,风格轮动基金
101,001480.OF,成长-均衡型,小盘,成长-均衡型,小盘,价值型,小盘,价值型,小盘,价值型,小盘,成长-均衡型,中盘,风格轮动基金
102,720001.OF,成长-均衡型,小盘,均衡型,小盘,价值型,小盘,价值型,小盘,价值型,小盘,成长-均衡型,中盘,风格轮动基金
103,700003.OF,成长-均衡型,中盘,均衡型,中盘,成长-均衡型,中盘,均衡-价值型,中盘,成长型,中盘,成长型,大盘,风格轮动基金
104,001178.OF,成长-均衡型,中盘,均衡型,中盘,均衡-价值型,大盘,价值型,大盘,价值型,大盘,均衡-价值型,大盘,风格轮动基金
105,004394.OF,成长-均衡型,大盘,成长-均衡型,大盘,成长型,大盘,成长型,大盘,成长型,大盘,成长型,大盘,风格轮动基金
106,001569.OF,成长-均衡型,小盘,成长型,中盘,成长型,中盘,成长型,中盘,成长型,中盘,成长型,中盘,风格轮动基金
107,210003.OF,成长-均衡型,中盘,均衡-价值型,中盘,成长-均衡型,中盘,成长-均衡型,中盘,成长型,中盘,成长-均衡型,中盘,风格轮动基金
108,004434.OF,成长-均衡型,中盘,成长型,中盘,成长型,中盘,成长型,大盘,成长-均衡型,大盘,价值型,大盘,风格轮动基金
109,001808.OF,成长-均衡型,中盘,成长型,中盘,成长型,大盘,成长-均衡型,中盘,成长型,大盘,成长型,中盘,风格轮动基金
110,005299.OF,成长-均衡型,小盘,成长型,小盘,成长-均衡型,中盘,成长-均衡型,中盘,成长型,中盘,成长型,中盘,风格轮动基金
111,540010.OF,成长-均衡型,中盘,成长型,大盘,成长型,大盘,成长型,大盘,成长型,大盘,成长型,大盘,风格轮动基金
112,487021.OF,成长-均衡型,中盘,均衡型,大盘,成长-均衡型,大盘,成长-均衡型,大盘,成长-均衡型,大盘,成长型,大盘,风格轮动基金
113,001766.OF,成长-均衡型,中盘,成长-均衡型,中盘,成长-均衡型,中盘,成长-均衡型,中盘,成长-均衡型,中盘,成长型,大盘,风格轮动基金
114,000294.OF,成长-均衡型,大盘,成长-均衡型,大盘,均衡-价值型,大盘,均衡-价值型,大盘,成长-均衡型,大盘,成长-均衡型,大盘,风格轮动基金
115,000527.OF,成长-均衡型,中盘,成长-均衡型,大盘,成长型,大盘,成长-均衡型,大盘,成长型,大盘,成长型,大盘,风格轮动基金
116,001053.OF,成长-均衡型,中盘,均衡型,大盘,成长型,大盘,成长-均衡型,大盘,成长型,大盘,成长型,大盘,风格轮动基金
117,519668.OF,成长-均衡型,大盘,成长型,大盘,成长型,大盘,成长型,大盘,价值型,大盘,均衡-价值型,大盘,风格轮动基金
118,519710.OF,成长-均衡型,大盘,均衡型,大盘,均衡型,大盘,均衡型,大盘,均衡-价值型,大盘,均衡-价值型,大盘,风格轮动基金
119,163807.OF,成长-均衡型,大盘,成长型,大盘,成长型,大盘,均衡型,中盘,成长-均衡型,中盘,均衡-价值型,大盘,风格轮动基金
120,000021.OF,成长-均衡型,大盘,成长-均衡型,大盘,成长-均衡型,大盘,成长-均衡型,大盘,成长型,大盘,成长-均衡型,大盘,风格轮动基金
121,040011.OF,成长-均衡型,大盘,成长-均衡型,大盘,成长-均衡型,大盘,均衡型,大盘,均衡-价值型,大盘,均衡-价值型,大盘,风格轮动基金
122,217020.OF,成长-均衡型,中盘,成长型,大盘,成长型,大盘,成长型,大盘,成长型,大盘,成长型,大盘,风格轮动基金
123,001975.OF,成长-均衡型,小盘,均衡型,小盘,均衡型,中盘,成长-均衡型,中盘,均衡型,中盘,均衡型,中盘,风格轮动基金
124,163503.SZ,成长-均衡型,大盘,均衡-价值型,大盘,成长-均衡型,大盘,均衡型,大盘,成长型,大盘,均衡型,大盘,风格轮动基金
125,000971.OF,成长-均衡型,大盘,均衡型,大盘,均衡-价值型,大盘,均衡型,大盘,成长-均衡型,大盘,成长型,大盘,风格轮动基金
126,000264.OF,成长-均衡型,小盘,成长-均衡型,小盘,成长型,中盘,成长-均衡型,中盘,成长-均衡型,中盘,均衡型,大盘,风格轮动基金
127,340007.OF,成长-均衡型,中盘,成长-均衡型,大盘,成长型,大盘,成长型,大盘,成长型,大盘,成长型,大盘,风格轮动基金
128,000524.OF,成长-均衡型,中盘,成长-均衡型,大盘,成长型,大盘,成长型,大盘,成长-均衡型,大盘,成长-均衡型,大盘,风格轮动基金
129,001366.OF,成长-均衡型,大盘,成长-均衡型,大盘,均衡型,大盘,均衡型,中盘,均衡型,大盘,成长-均衡型,大盘,风格轮动基金
130,501046.SH,成长-均衡型,小盘,均衡型,小盘,价值型,小盘,价值型,小盘,价值型,小盘,成长-均衡型,中盘,风格轮动基金
131,020005.OF,成长-均衡型,大盘,成长-均衡型,大盘,均衡-价值型,大盘,均衡-价值型,大盘,均衡-价值型,大盘,均衡型,大盘,风格轮动基金
132,004075.OF,成长-均衡型,中盘,成长-均衡型,中盘,成长型,大盘,成长型,中盘,成长-均衡型,大盘,成长型,大盘,风格轮动基金
133,519089.OF,成长-均衡型,大盘,成长-均衡型,中盘,成长-均衡型,大盘,均衡-价值型,大盘,成长型,大盘,成长-均衡型,大盘,风格轮动基金
134,001476.OF,成长-均衡型,大盘,成长型,中盘,成长型,大盘,成长型,中盘,成长型,大盘,成长-均衡型,大盘,风格轮动基金
135,460007.OF,成长-均衡型,中盘,均衡-价值型,中盘,成长-均衡型,中盘,均衡-价值型,大盘,成长型,大盘,成长型,大盘,风格轮动基金
136,260101.OF,成长-均衡型,中盘,均衡型,小盘,均衡型,中盘,成长-均衡型,中盘,均衡型,中盘,均衡型,中盘,风格轮动基金
137,003095.OF,成长-均衡型,中盘,成长-均衡型,大盘,成长型,大盘,成长型,大盘,成长-均衡型,大盘,成长型,大盘,风格轮动基金
138,233011.OF,成长-均衡型,中盘,成长型,大盘,成长型,大盘,均衡-价值型,大盘,均衡-价值型,大盘,均衡型,大盘,风格轮动基金
139,202005.OF,成长-均衡型,大盘,成长-均衡型,大盘,成长-均衡型,大盘,成长-均衡型,大盘,均衡-价值型,大盘,价值型,大盘,风格轮动基金
140,002983.OF,成长-均衡型,小盘,成长型,中盘,成长型,小盘,成长-均衡型,中盘,均衡型,中盘,成长-均衡型,小盘,风格轮动基金
141,270028.OF,成长-均衡型,中盘,成长型,中盘,成长型,中盘,成长-均衡型,中盘,成长-均衡型,中盘,成长-均衡型,中盘,风格轮动基金
142,004868.OF,成长-均衡型,大盘,均衡型,大盘,均衡型,大盘,成长-均衡型,大盘,均衡型,大盘,均衡-价值型,大盘,风格轮动基金
143,519714.OF,成长-均衡型,大盘,均衡型,大盘,均衡型,大盘,成长-均衡型,大盘,均衡型,大盘,均衡-价值型,大盘,风格轮动基金
144,001398.OF,成长-均衡型,中盘,均衡-价值型,中盘,成长-均衡型,中盘,均衡-价值型,大盘,成长型,大盘,成长型,大盘,风格轮动基金
145,630006.OF,成长-均衡型,小盘,成长-均衡型,小盘,成长型,小盘,成长-均衡型,小盘,成长型,大盘,成长型,大盘,风格轮动基金
146,000977.OF,成长-均衡型,中盘,成长型,中盘,成长型,大盘,成长型,中盘,成长-均衡型,中盘,成长型,中盘,风格轮动基金
147,001825.OF,成长-均衡型,大盘,均衡-价值型,中盘,均衡-价值型,大盘,成长-均衡型,大盘,均衡型,中盘,成长型,大盘,风格轮动基金
148,519690.OF,成长-均衡型,中盘,均衡型,中盘,均衡型,大盘,均衡-价值型,中盘,均衡-价值型,中盘,价值型,中盘,风格轮动基金
149,270050.OF,成长-均衡型,小盘,成长型,小盘,成长型,大盘,成长型,大盘,均衡型,中盘,成长型,中盘,风格轮动基金
150,001222.OF,成长-均衡型,大盘,成长型,大盘,成长-均衡型,大盘,成长型,大盘,成长-均衡型,大盘,成长-均衡型,大盘,风格轮动基金
151,001986.OF,成长-均衡型,大盘,成长型,大盘,成长型,大盘,成长型,大盘,成长型,大盘,成长型,大盘,风格轮动基金
152,090015.OF,成长-均衡型,大盘,成长-均衡型,大盘,均衡型,大盘,均衡型,大盘,均衡型,大盘,均衡型,大盘,风格轮动基金
153,001150.OF,成长-均衡型,小盘,成长型,小盘,成长型,中盘,成长型,小盘,均衡型,中盘,均衡型,大盘,风格轮动基金
154,000031.OF,成长-均衡型,小盘,成长型,中盘,成长型,中盘,成长型,中盘,成长型,大盘,成长-均衡型,中盘,风格轮动基金
155,001725.OF,成长-均衡型,中盘,成长型,中盘,均衡型,大盘,均衡型,中盘,成长-均衡型,大盘,均衡-价值型,大盘,风格轮动基金
156,002939.OF,成长-均衡型,大盘,成长型,大盘,成长-均衡型,大盘,成长-均衡型,大盘,成长-均衡型,大盘,成长-均衡型,大盘,风格轮动基金
157,002229.OF,成长-均衡型,中盘,成长型,中盘,成长型,中盘,成长-均衡型,大盘,均衡型,大盘,成长-均衡型,大盘,风格轮动基金
158,000960.OF,成长-均衡型,小盘,成长-均衡型,中盘,成长-均衡型,中盘,成长型,中盘,均衡型,大盘,成长型,大盘,风格轮动基金
159,519181.OF,成长-均衡型,中盘,均衡-价值型,中盘,价值型,中盘,价值型,中盘,均衡-价值型,中盘,均衡-价值型,大盘,风格轮动基金
160,660012.OF,成长-均衡型,中盘,均衡型,中盘,成长-均衡型,大盘,成长-均衡型,中盘,成长-均衡型,大盘,成长-均衡型,大盘,风格轮动基金
161,270005.OF,成长-均衡型,小盘,成长型,中盘,成长型,大盘,成长型,大盘,均衡型,中盘,成长型,中盘,风格轮动基金
162,000309.OF,成长-均衡型,小盘,均衡-价值型,中盘,均衡型,中盘,均衡型,中盘,均衡-价值型,中盘,价值型,中盘,风格轮动基金
163,320007.OF,成长-均衡型,中盘,均衡型,中盘,成长-均衡型,大盘,成长型,大盘,成长型,大盘,成长型,大盘,风格轮动基金
164,040004.OF,成长-均衡型,大盘,均衡型,大盘,均衡-价值型,大盘,均衡-价值型,大盘,均衡型,大盘,均衡型,大盘,风格轮动基金
165,180018.OF,成长-均衡型,大盘,成长型,大盘,均衡型,大盘,成长型,大盘,成长-均衡型,大盘,成长型,大盘,风格轮动基金
166,000263.OF,成长-均衡型,大盘,成长-均衡型,中盘,成长-均衡型,大盘,成长-均衡型,大盘,均衡型,大盘,成长-均衡型,大盘,风格轮动基金
167,001985.OF,成长-均衡型,中盘,均衡型,中盘,成长-均衡型,中盘,均衡型,中盘,成长-均衡型,中盘,均衡型,中盘,风格轮动基金
168,290011.OF,成长-均衡型,小盘,成长型,小盘,成长型,中盘,成长型,中盘,成长型,中盘,成长型,中盘,风格轮动基金
169,519908.OF,成长-均衡型,中盘,价值型,中盘,成长-均衡型,中盘,成长-均衡型,中盘,成长-均衡型,中盘,成长-均衡型,大盘,风格轮动基金
170,163805.OF,成长-均衡型,大盘,均衡型,大盘,成长-均衡型,大盘,成长-均衡型,大盘,成长-均衡型,大盘,成长-均衡型,大盘,风格轮动基金
171,004851.OF,成长-均衡型,中盘,成长-均衡型,大盘,成长-均衡型,大盘,成长型,中盘,成长-均衡型,大盘,成长型,大盘,风格轮动基金
172,379010.OF,成长-均衡型,中盘,成长-均衡型,小盘,成长型,大盘,成长型,中盘,成长型,大盘,成长-均衡型,大盘,风格轮动基金
173,630010.OF,成长-均衡型,小盘,成长-均衡型,小盘,成长型,小盘,成长-均衡型,小盘,成长型,大盘,成长型,大盘,风格轮动基金
174,001223.OF,成长-均衡型,中盘,均衡-价值型,中盘,均衡型,中盘,成长-均衡型,中盘,均衡-价值型,大盘,均衡-价值型,大盘,风格轮动基金
175,270006.OF,成长-均衡型,大盘,均衡型,大盘,均衡型,大盘,成长型,大盘,均衡-价值型,大盘,均衡-价值型,大盘,风格轮动基金
176,100022.OF,成长-均衡型,大盘,均衡型,中盘,成长-均衡型,大盘,均衡型,大盘,成长型,大盘,成长-均衡型,大盘,风格轮动基金
177,004476.OF,成长-均衡型,中盘,均衡-价值型,小盘,均衡型,中盘,成长-均衡型,大盘,价值型,中盘,价值型,中盘,风格轮动基金
178,590005.OF,成长-均衡型,小盘,成长型,小盘,均衡-价值型,中盘,均衡-价值型,中盘,成长-均衡型,大盘,成长型,大盘,风格轮动基金
179,001705.OF,成长-均衡型,大盘,成长-均衡型,大盘,均衡型,大盘,均衡型,大盘,均衡-价值型,大盘,均衡型,大盘,风格轮动基金
180,163411.OF,成长-均衡型,中盘,均衡型,中盘,成长-均衡型,大盘,成长-均衡型,大盘,成长型,大盘,成长型,大盘,风格轮动基金
181,005268.OF,成长-均衡型,大盘,成长-均衡型,大盘,成长-均衡型,大盘,成长型,大盘,成长-均衡型,大盘,成长-均衡型,大盘,风格轮动基金
182,001017.OF,成长-均衡型,小盘,均衡-价值型,中盘,均衡型,中盘,均衡型,中盘,均衡型,大盘,均衡-价值型,大盘,风格轮动基金
183,000751.OF,成长-均衡型,中盘,成长-均衡型,中盘,成长-均衡型,中盘,成长型,中盘,成长-均衡型,大盘,成长型,大盘,风格轮动基金
184,070006.OF,成长-均衡型,大盘,成长-均衡型,大盘,均衡型,大盘,均衡型,大盘,均衡型,大盘,成长-均衡型,大盘,风格轮动基金
185,001245.OF,成长-均衡型,大盘,成长-均衡型,大盘,成长型,大盘,成长型,中盘,成长型,大盘,成长-均衡型,大盘,风格轮动基金
186,519018.OF,成长-均衡型,大盘,均衡型,大盘,均衡型,大盘,成长-均衡型,中盘,均衡型,大盘,均衡型,大盘,风格轮动基金
187,229002.OF,成长-均衡型,中盘,均衡-价值型,中盘,均衡-价值型,中盘,成长-均衡型,中盘,成长-均衡型,大盘,均衡型,大盘,风格轮动基金
188,100020.OF,成长-均衡型,大盘,成长型,大盘,均衡型,大盘,成长-均衡型,大盘,成长型,大盘,成长型,大盘,风格轮动基金
189,260103.OF,成长-均衡型,大盘,均衡型,大盘,均衡型,大盘,均衡型,大盘,均衡-价值型,大盘,均衡-价值型,大盘,风格轮动基金
190,202023.OF,成长-均衡型,中盘,成长-均衡型,中盘,成长-均衡型,大盘,成长型,大盘,均衡型,大盘,成长-均衡型,大盘,风格轮动基金
191,000339.OF,成长-均衡型,小盘,成长-均衡型,中盘,成长型,中盘,成长-均衡型,小盘,成长型,中盘,成长型,大盘,风格轮动基金
192,000308.OF,成长-均衡型,中盘,均衡-价值型,中盘,成长-均衡型,中盘,成长-均衡型,小盘,成长型,中盘,成长-均衡型,中盘,风格轮动基金
193,420003.OF,成长-均衡型,大盘,成长型,大盘,均衡型,大盘,均衡型,大盘,均衡型,大盘,均衡型,大盘,风格轮动基金
194,162703.SZ,成长-均衡型,中盘,成长-均衡型,中盘,成长-均衡型,大盘,均衡型,大盘,成长-均衡型,大盘,成长-均衡型,大盘,风格轮动基金
195,004640.OF,成长-均衡型,小盘,成长-均衡型,小盘,均衡型,小盘,成长-均衡型,中盘,成长-均衡型,大盘,成长-均衡型,大盘,风格轮动基金
196,070002.OF,成长-均衡型,中盘,成长-均衡型,中盘,成长-均衡型,中盘,成长型,中盘,成长-均衡型,中盘,成长型,大盘,风格轮动基金
197,168101.SZ,成长-均衡型,大盘,均衡型,大盘,均衡型,大盘,均衡型,大盘,均衡型,大盘,均衡型,大盘,风格轮动基金
198,000595.OF,均衡型,中盘,成长-均衡型,中盘,成长-均衡型,中盘,成长型,中盘,成长-均衡型,大盘,成长型,大盘,风格轮动基金
199,690007.OF,均衡型,大盘,成长-均衡型,大盘,成长-均衡型,大盘,均衡型,大盘,均衡-价值型,大盘,均衡型,大盘,风格轮动基金
200,001313.OF,均衡型,中盘,成长-均衡型,中盘,成长型,大盘,成长型,中盘,成长型,大盘,成长-均衡型,大盘,风格轮动基金
201,550002.OF,均衡型,中盘,均衡型,中盘,成长-均衡型,中盘,成长-均衡型,中盘,均衡型,中盘,成长-均衡型,大盘,风格轮动基金
202,233006.OF,均衡型,小盘,均衡-价值型,中盘,均衡型,中盘,均衡-价值型,中盘,均衡-价值型,中盘,价值型,中盘,风格轮动基金
203,001072.OF,均衡型,中盘,成长-均衡型,小盘,成长型,大盘,成长型,中盘,成长型,中盘,成长-均衡型,中盘,风格轮动基金
204,001473.OF,均衡型,大盘,均衡-价值型,大盘,均衡-价值型,大盘,价值型,大盘,均衡-价值型,大盘,均衡-价值型,大盘,风格轮动基金
205,001070.OF,均衡型,中盘,均衡-价值型,中盘,均衡型,中盘,均衡型,小盘,成长-均衡型,中盘,成长-均衡型,大盘,风格轮动基金
206,210009.OF,均衡型,小盘,价值型,小盘,价值型,小盘,价值型,小盘,均衡-价值型,小盘,均衡-价值型,小盘,风格轮动基金
207,530006.OF,均衡型,大盘,均衡型,大盘,均衡-价值型,大盘,均衡-价值型,大盘,均衡型,大盘,均衡-价值型,大盘,风格轮动基金
208,001117.OF,均衡型,中盘,均衡型,中盘,均衡-价值型,大盘,价值型,中盘,均衡-价值型,大盘,价值型,大盘,风格轮动基金
209,001490.OF,均衡型,大盘,均衡型,大盘,均衡型,大盘,成长-均衡型,大盘,成长-均衡型,大盘,成长-均衡型,大盘,风格轮动基金
210,004183.OF,均衡型,大盘,成长-均衡型,中盘,成长-均衡型,大盘,成长-均衡型,大盘,均衡型,大盘,均衡-价值型,大盘,风格轮动基金
211,000612.OF,均衡型,小盘,均衡-价值型,小盘,价值型,小盘,均衡-价值型,中盘,均衡-价值型,中盘,价值型,中盘,风格轮动基金
212,180013.OF,均衡型,中盘,成长型,大盘,均衡型,大盘,成长-均衡型,大盘,成长-均衡型,大盘,成长-均衡型,大盘,风格轮动基金
213,519688.OF,均衡型,大盘,均衡型,大盘,均衡型,大盘,均衡型,中盘,均衡-价值型,大盘,均衡-价值型,大盘,风格轮动基金
214,005241.OF,均衡型,大盘,均衡-价值型,大盘,价值型,大盘,价值型,大盘,价值型,大盘,均衡型,大盘,风格轮动基金
215,180028.OF,均衡型,小盘,均衡型,小盘,均衡型,中盘,成长-均衡型,中盘,成长-均衡型,大盘,均衡型,大盘,风格轮动基金
216,004505.OF,均衡型,大盘,均衡型,中盘,均衡-价值型,大盘,均衡型,大盘,均衡-价值型,大盘,均衡-价值型,大盘,风格轮动基金
217,005028.OF,均衡型,中盘,成长型,中盘,成长型,中盘,成长型,中盘,成长型,大盘,成长型,大盘,风格轮动基金
218,660004.OF,均衡型,大盘,成长-均衡型,大盘,成长型,大盘,成长-均衡型,大盘,成长型,大盘,成长-均衡型,大盘,风格轮动基金
219,162208.OF,均衡型,中盘,成长-均衡型,中盘,成长-均衡型,大盘,成长-均衡型,中盘,成长-均衡型,大盘,成长型,大盘,风格轮动基金
220,519736.OF,均衡型,大盘,均衡型,大盘,均衡型,大盘,均衡型,中盘,均衡-价值型,大盘,均衡-价值型,大盘,风格轮动基金
221,040025.OF,均衡型,中盘,成长-均衡型,小盘,成长型,大盘,成长型,中盘,成长型,中盘,成长-均衡型,中盘,风格轮动基金
222,481013.OF,均衡型,大盘,均衡-价值型,大盘,均衡-价值型,大盘,均衡型,大盘,价值型,大盘,均衡-价值型,大盘,风格轮动基金
223,000457.OF,均衡型,大盘,均衡-价值型,大盘,价值型,中盘,价值型,中盘,价值型,中盘,价值型,中盘,风格轮动基金
224,000780.OF,均衡型,小盘,均衡型,小盘,价值型,中盘,均衡型,中盘,均衡型,大盘,成长型,大盘,风格轮动基金
225,001927.OF,均衡型,大盘,均衡型,大盘,均衡-价值型,大盘,均衡型,大盘,均衡-价值型,大盘,均衡-价值型,大盘,风格轮动基金
226,166001.SZ,均衡型,中盘,均衡型,中盘,均衡-价值型,大盘,均衡型,中盘,均衡-价值型,大盘,均衡型,大盘,风格轮动基金
227,001125.OF,均衡型,中盘,成长型,中盘,成长型,大盘,成长型,大盘,成长型,大盘,成长型,大盘,风格轮动基金
228,519756.OF,均衡型,大盘,均衡-价值型,大盘,价值型,大盘,价值型,大盘,价值型,大盘,价值型,大盘,风格轮动基金
229,070032.OF,均衡型,大盘,成长-均衡型,大盘,均衡-价值型,大盘,均衡-价值型,大盘,均衡型,大盘,均衡型,大盘,风格轮动基金
230,001009.OF,均衡型,中盘,成长型,中盘,成长型,大盘,成长型,大盘,成长型,大盘,成长型,大盘,风格轮动基金
231,377010.OF,均衡型,大盘,均衡-价值型,大盘,价值型,中盘,价值型,中盘,价值型,小盘,价值型,中盘,风格轮动基金
232,001143.OF,均衡型,大盘,成长-均衡型,大盘,成长型,大盘,均衡型,大盘,成长型,大盘,成长-均衡型,大盘,风格轮动基金
233,001184.OF,均衡型,大盘,均衡型,大盘,均衡型,大盘,均衡型,大盘,均衡-价值型,大盘,均衡-价值型,大盘,风格轮动基金
234,000609.OF,均衡型,大盘,成长-均衡型,大盘,成长型,大盘,均衡型,大盘,成长型,大盘,成长-均衡型,大盘,风格轮动基金
235,001838.OF,均衡型,中盘,成长-均衡型,中盘,均衡型,小盘,均衡-价值型,中盘,均衡-价值型,中盘,价值型,中盘,风格轮动基金
236,240004.OF,均衡型,小盘,价值型,大盘,均衡-价值型,中盘,价值型,中盘,价值型,中盘,均衡型,中盘,风格轮动基金
237,165313.SZ,均衡型,中盘,均衡-价值型,中盘,均衡型,大盘,均衡型,中盘,均衡-价值型,大盘,成长-均衡型,大盘,风格轮动基金
238,160314.SZ,均衡型,中盘,成长-均衡型,中盘,成长-均衡型,中盘,成长型,中盘,均衡型,中盘,均衡型,大盘,风格轮动基金
239,163822.OF,均衡型,中盘,均衡型,中盘,成长-均衡型,中盘,均衡-价值型,中盘,成长-均衡型,中盘,均衡型,大盘,风格轮动基金
240,400025.OF,均衡型,大盘,均衡-价值型,大盘,均衡-价值型,大盘,均衡-价值型,大盘,成长-均衡型,大盘,均衡型,大盘,风格轮动基金
241,040007.OF,均衡型,中盘,成长-均衡型,中盘,成长型,中盘,成长型,中盘,成长型,中盘,成长型,中盘,风格轮动基金
242,213003.OF,均衡型,小盘,均衡型,小盘,成长型,中盘,成长型,小盘,成长型,中盘,成长-均衡型,中盘,风格轮动基金
243,340006.OF,均衡型,中盘,均衡-价值型,大盘,成长-均衡型,大盘,成长-均衡型,中盘,均衡型,大盘,均衡型,大盘,风格轮动基金
244,501051.SH,均衡型,大盘,均衡型,大盘,均衡-价值型,大盘,均衡-价值型,大盘,成长-均衡型,中盘,均衡-价值型,大盘,风格轮动基金
245,161005.SZ,均衡型,大盘,均衡型,大盘,均衡型,大盘,均衡型,大盘,均衡-价值型,大盘,均衡-价值型,大盘,风格轮动基金
246,001576.OF,均衡型,中盘,均衡型,中盘,成长-均衡型,中盘,成长-均衡型,大盘,均衡型,大盘,成长-均衡型,大盘,风格轮动基金
247,202011.OF,均衡型,大盘,成长-均衡型,大盘,成长-均衡型,大盘,成长-均衡型,大盘,成长型,大盘,成长-均衡型,大盘,风格轮动基金
248,000167.OF,均衡型,大盘,成长型,大盘,成长-均衡型,大盘,均衡型,大盘,成长-均衡型,大盘,均衡型,大盘,风格轮动基金
249,519029.OF,均衡型,小盘,均衡型,小盘,成长型,小盘,成长-均衡型,小盘,成长型,小盘,均衡型,小盘,风格轮动基金
250,217012.OF,均衡型,小盘,成长-均衡型,中盘,成长型,小盘,价值型,小盘,成长-均衡型,大盘,成长-均衡型,大盘,风格轮动基金
251,580008.OF,均衡型,中盘,成长型,中盘,均衡-价值型,中盘,均衡-价值型,中盘,价值型,中盘,价值型,大盘,风格轮动基金
252,166002.OF,均衡型,中盘,均衡型,中盘,均衡-价值型,大盘,均衡-价值型,中盘,均衡-价值型,大盘,均衡型,大盘,风格轮动基金
253,001106.OF,均衡型,中盘,成长-均衡型,中盘,成长型,大盘,成长型,大盘,成长型,大盘,成长-均衡型,大盘,风格轮动基金
254,630016.OF,均衡型,中盘,成长-均衡型,中盘,成长型,大盘,成长型,大盘,成长型,大盘,成长-均衡型,大盘,风格轮动基金
255,001396.OF,均衡型,大盘,均衡-价值型,大盘,均衡-价值型,大盘,均衡型,大盘,均衡型,大盘,均衡-价值型,大盘,风格轮动基金
256,160918.SZ,均衡型,中盘,均衡-价值型,中盘,成长-均衡型,中盘,均衡型,中盘,成长-均衡型,大盘,成长-均衡型,大盘,风格轮动基金
257,160518.SZ,均衡型,大盘,均衡-价值型,中盘,均衡型,大盘,成长-均衡型,大盘,成长-均衡型,大盘,均衡型,大盘,风格轮动基金
258,375010.OF,均衡型,大盘,成长-均衡型,大盘,成长型,大盘,成长-均衡型,中盘,均衡型,大盘,成长-均衡型,大盘,风格轮动基金
259,004374.OF,均衡型,中盘,均衡-价值型,小盘,均衡型,中盘,成长型,中盘,成长-均衡型,中盘,均衡型,大盘,风格轮动基金
260,002259.OF,均衡型,中盘,均衡型,中盘,均衡-价值型,中盘,均衡型,大盘,成长-均衡型,大盘,成长-均衡型,大盘,风格轮动基金
261,001054.OF,均衡型,大盘,均衡-价值型,大盘,均衡型,大盘,均衡型,大盘,成长-均衡型,大盘,均衡-价值型,大盘,风格轮动基金
262,040008.OF,均衡型,大盘,均衡-价值型,中盘,均衡-价值型,大盘,均衡-价值型,大盘,均衡型,大盘,均衡-价值型,大盘,风格轮动基金
263,481006.OF,均衡型,大盘,成长-均衡型,中盘,成长型,中盘,成长-均衡型,中盘,成长型,大盘,成长-均衡型,大盘,风格轮动基金
264,001790.OF,均衡型,中盘,成长-均衡型,中盘,成长-均衡型,大盘,成长-均衡型,大盘,成长型,大盘,成长型,中盘,风格轮动基金
265,519704.OF,均衡型,中盘,均衡-价值型,中盘,均衡-价值型,中盘,均衡型,中盘,成长-均衡型,小盘,均衡型,中盘,风格轮动基金
266,100060.OF,均衡型,小盘,均衡型,小盘,均衡型,中盘,成长型,中盘,成长型,大盘,均衡型,中盘,风格轮动基金
267,161903.SZ,均衡型,中盘,成长-均衡型,中盘,成长-均衡型,中盘,成长型,中盘,成长-均衡型,大盘,成长型,大盘,风格轮动基金
268,001280.OF,均衡型,大盘,均衡型,大盘,均衡型,大盘,成长-均衡型,大盘,均衡型,大盘,成长型,大盘,风格轮动基金
269,410007.OF,均衡型,中盘,成长-均衡型,大盘,成长-均衡型,大盘,成长-均衡型,中盘,成长-均衡型,大盘,成长-均衡型,中盘,风格轮动基金
270,002124.OF,均衡型,小盘,成长-均衡型,中盘,成长-均衡型,中盘,均衡-价值型,中盘,均衡型,中盘,成长-均衡型,中盘,风格轮动基金
271,001018.OF,均衡型,中盘,成长-均衡型,中盘,均衡型,大盘,均衡型,中盘,均衡型,中盘,成长-均衡型,大盘,风格轮动基金
272,377240.OF,均衡型,大盘,均衡型,大盘,成长型,大盘,成长-均衡型,中盘,成长-均衡型,大盘,均衡型,大盘,风格轮动基金
273,000039.OF,均衡型,中盘,成长型,中盘,成长型,中盘,成长-均衡型,中盘,成长型,大盘,成长型,大盘,风格轮动基金
274,410003.OF,均衡型,中盘,成长-均衡型,中盘,均衡型,大盘,成长-均衡型,中盘,均衡型,中盘,成长-均衡型,中盘,风格轮动基金
275,519001.OF,均衡型,中盘,成长-均衡型,大盘,均衡型,大盘,成长-均衡型,大盘,成长-均衡型,大盘,均衡型,大盘,风格轮动基金
276,166009.SZ,均衡型,中盘,均衡型,中盘,价值型,中盘,价值型,中盘,均衡-价值型,中盘,均衡-价值型,大盘,风格轮动基金
277,320022.OF,均衡型,中盘,均衡型,中盘,均衡型,中盘,均衡型,中盘,成长-均衡型,中盘,均衡-价值型,中盘,风格轮动基金
278,202003.OF,均衡型,中盘,均衡型,中盘,均衡型,中盘,成长-均衡型,中盘,均衡型,大盘,成长-均衡型,大盘,风格轮动基金
279,420001.OF,均衡型,中盘,均衡-价值型,中盘,均衡-价值型,中盘,均衡-价值型,中盘,均衡-价值型,大盘,均衡-价值型,大盘,风格轮动基金
280,161224.SZ,均衡型,小盘,均衡型,中盘,均衡型,小盘,价值型,中盘,均衡-价值型,大盘,均衡-价值型,大盘,风格轮动基金
281,519025.OF,均衡型,中盘,成长-均衡型,中盘,均衡型,大盘,均衡型,大盘,均衡型,大盘,均衡型,大盘,风格轮动基金
282,398021.OF,均衡型,中盘,成长型,小盘,成长型,中盘,均衡型,中盘,成长-均衡型,大盘,成长型,中盘,风格轮动基金
283,000828.OF,均衡型,中盘,成长型,中盘,成长型,中盘,成长型,中盘,成长型,中盘,成长型,中盘,风格轮动基金
284,180031.OF,均衡型,中盘,成长型,大盘,成长-均衡型,中盘,成长型,中盘,成长型,大盘,均衡型,大盘,风格轮动基金
285,288002.OF,均衡型,中盘,均衡-价值型,中盘,均衡型,中盘,均衡-价值型,中盘,均衡-价值型,中盘,均衡-价值型,中盘,风格轮动基金
286,110013.OF,均衡型,中盘,成长-均衡型,中盘,均衡型,大盘,均衡-价值型,中盘,成长-均衡型,大盘,均衡型,大盘,风格轮动基金
287,000967.OF,均衡型,小盘,成长-均衡型,小盘,均衡型,中盘,成长-均衡型,大盘,成长型,大盘,成长-均衡型,大盘,风格轮动基金
288,519020.OF,均衡型,大盘,均衡型,大盘,均衡型,中盘,均衡型,大盘,价值型,中盘,价值型,中盘,风格轮动基金
289,200006.OF,均衡型,小盘,均衡型,小盘,均衡-价值型,中盘,成长-均衡型,中盘,均衡型,大盘,成长-均衡型,大盘,风格轮动基金
290,270021.OF,均衡型,中盘,均衡-价值型,中盘,均衡型,中盘,均衡型,大盘,均衡型,大盘,均衡型,大盘,风格轮动基金
291,001236.OF,均衡型,大盘,均衡-价值型,中盘,成长-均衡型,中盘,均衡型,大盘,成长-均衡型,大盘,均衡型,大盘,风格轮动基金
292,001468.OF,均衡型,小盘,均衡-价值型,小盘,均衡型,小盘,均衡-价值型,小盘,价值型,小盘,均衡-价值型,大盘,风格轮动基金
293,376510.OF,均衡型,中盘,均衡型,中盘,均衡型,大盘,均衡-价值型,中盘,成长-均衡型,大盘,均衡型,大盘,风格轮动基金
294,050018.OF,均衡型,中盘,价值型,大盘,成长型,中盘,成长型,中盘,成长型,大盘,价值型,中盘,风格轮动基金
295,005075.OF,均衡型,小盘,均衡型,小盘,成长型,中盘,成长-均衡型,中盘,成长-均衡型,中盘,成长-均衡型,大盘,风格轮动基金
296,001071.OF,均衡型,中盘,均衡-价值型,中盘,价值型,小盘,均衡-价值型,中盘,均衡型,中盘,价值型,中盘,风格轮动基金
297,002340.OF,均衡-价值型,中盘,价值型,中盘,均衡-价值型,大盘,均衡-价值型,大盘,均衡型,中盘,均衡型,大盘,风格轮动基金
298,001297.OF,均衡-价值型,中盘,均衡-价值型,大盘,成长-均衡型,大盘,均衡型,大盘,成长型,大盘,成长型,大盘,风格轮动基金
299,040005.OF,均衡-价值型,中盘,均衡型,中盘,均衡-价值型,大盘,均衡-价值型,大盘,成长型,大盘,均衡型,大盘,风格轮动基金
300,519991.OF,均衡-价值型,小盘,均衡-价值型,中盘,价值型,中盘,价值型,中盘,价值型,中盘,价值型,中盘,风格轮动基金
301,163412.SZ,均衡-价值型,中盘,均衡-价值型,中盘,均衡-价值型,中盘,均衡-价值型,中盘,均衡型,中盘,均衡-价值型,大盘,风格轮动基金
302,001616.OF,均衡-价值型,大盘,成长-均衡型,大盘,成长-均衡型,大盘,成长型,大盘,成长-均衡型,中盘,成长-均衡型,中盘,风格轮动基金
303,519093.OF,均衡-价值型,中盘,均衡型,中盘,均衡-价值型,大盘,成长-均衡型,中盘,均衡-价值型,大盘,均衡-价值型,大盘,风格轮动基金
304,320003.OF,均衡-价值型,小盘,均衡型,小盘,均衡-价值型,小盘,均衡-价值型,小盘,均衡-价值型,小盘,均衡-价值型,小盘,风格轮动基金
305,530003.OF,均衡-价值型,大盘,均衡-价值型,大盘,价值型,大盘,价值型,大盘,价值型,大盘,均衡型,大盘,风格轮动基金
306,519773.OF,均衡-价值型,小盘,均衡-价值型,小盘,均衡型,中盘,成长-均衡型,中盘,成长-均衡型,大盘,成长-均衡型,大盘,风格轮动基金
307,001410.OF,均衡-价值型,小盘,均衡型,小盘,均衡型,中盘,均衡型,中盘,成长型,中盘,均衡型,中盘,风格轮动基金
308,001036.OF,均衡-价值型,中盘,均衡型,中盘,成长-均衡型,中盘,均衡型,中盘,均衡型,中盘,成长-均衡型,大盘,风格轮动基金
309,233007.OF,均衡-价值型,大盘,均衡型,大盘,成长-均衡型,大盘,成长-均衡型,大盘,均衡-价值型,大盘,均衡型,大盘,风格轮动基金
310,001955.OF,均衡-价值型,中盘,价值型,小盘,价值型,中盘,价值型,中盘,价值型,小盘,价值型,中盘,风格轮动基金
311,398011.OF,均衡-价值型,中盘,成长型,中盘,成长型,中盘,均衡型,中盘,成长型,中盘,成长型,大盘,风格轮动基金
312,160421.SZ,均衡-价值型,小盘,均衡型,中盘,均衡型,大盘,均衡-价值型,大盘,成长型,大盘,成长-均衡型,大盘,风格轮动基金
313,000985.OF,均衡-价值型,中盘,均衡-价值型,中盘,成长-均衡型,中盘,均衡型,小盘,均衡型,中盘,价值型,中盘,风格轮动基金
314,000589.OF,均衡-价值型,大盘,均衡-价值型,大盘,均衡-价值型,大盘,均衡型,大盘,均衡-价值型,大盘,均衡-价值型,大盘,风格轮动基金
315,070021.OF,均衡-价值型,中盘,均衡-价值型,中盘,成长-均衡型,中盘,均衡型,小盘,均衡-价值型,中盘,价值型,中盘,风格轮动基金
316,550008.OF,均衡-价值型,中盘,均衡型,中盘,均衡型,中盘,成长-均衡型,中盘,均衡型,大盘,成长-均衡型,大盘,风格轮动基金
317,004683.OF,均衡-价值型,小盘,均衡型,中盘,均衡型,中盘,成长-均衡型,小盘,成长-均衡型,中盘,成长型,中盘,风格轮动基金
318,000520.OF,均衡-价值型,大盘,价值型,大盘,价值型,大盘,价值型,大盘,价值型,大盘,价值型,大盘,风格轮动基金
319,001382.OF,均衡-价值型,大盘,均衡型,大盘,均衡-价值型,大盘,均衡-价值型,大盘,均衡-价值型,大盘,均衡-价值型,大盘,风格轮动基金
320,519727.OF,均衡-价值型,大盘,价值型,大盘,均衡-价值型,大盘,均衡型,中盘,均衡-价值型,中盘,均衡型,大盘,风格轮动基金
321,000549.OF,均衡-价值型,中盘,均衡型,中盘,均衡-价值型,中盘,均衡型,中盘,均衡型,中盘,均衡-价值型,中盘,风格轮动基金
322,270025.OF,均衡-价值型,中盘,均衡-价值型,中盘,价值型,中盘,价值型,中盘,价值型,小盘,价值型,大盘,风格轮动基金
323,000173.OF,均衡-价值型,中盘,均衡型,中盘,均衡型,中盘,成长-均衡型,中盘,成长-均衡型,大盘,成长-均衡型,大盘,风格轮动基金
324,519674.OF,均衡-价值型,中盘,成长-均衡型,中盘,成长型,中盘,成长型,大盘,成长型,大盘,成长-均衡型,大盘,风格轮动基金
325,450003.OF,均衡-价值型,大盘,均衡-价值型,大盘,均衡-价值型,大盘,均衡-价值型,大盘,均衡-价值型,大盘,均衡-价值型,大盘,稳定均衡-价值型
326,002808.OF,均衡-价值型,中盘,均衡-价值型,中盘,均衡-价值型,中盘,价值型,中盘,价值型,大盘,价值型,大盘,风格轮动基金
327,450004.OF,均衡-价值型,大盘,均衡-价值型,大盘,均衡-价值型,大盘,均衡-价值型,大盘,均衡-价值型,大盘,均衡-价值型,大盘,稳定均衡-价值型
328,001028.OF,均衡-价值型,中盘,均衡-价值型,中盘,均衡型,中盘,均衡型,中盘,均衡型,中盘,均衡-价值型,中盘,风格轮动基金
329,400001.OF,均衡-价值型,中盘,均衡型,大盘,均衡-价值型,大盘,均衡型,中盘,均衡-价值型,大盘,均衡型,大盘,风格轮动基金
330,000011.OF,均衡-价值型,中盘,均衡-价值型,中盘,价值型,中盘,价值型,中盘,价值型,大盘,价值型,中盘,风格轮动基金
331,000778.OF,均衡-价值型,大盘,均衡-价值型,大盘,价值型,大盘,价值型,大盘,价值型,大盘,价值型,大盘,风格轮动基金
332,001869.OF,均衡-价值型,中盘,均衡型,大盘,均衡型,中盘,均衡型,大盘,均衡型,大盘,均衡型,大盘,风格轮动基金
333,001256.OF,均衡-价值型,中盘,均衡-价值型,中盘,均衡-价值型,中盘,价值型,中盘,价值型,大盘,均衡-价值型,大盘,风格轮动基金
334,002624.OF,均衡-价值型,中盘,均衡-价值型,中盘,价值型,中盘,价值型,中盘,价值型,小盘,价值型,中盘,风格轮动基金
335,003131.OF,均衡-价值型,小盘,均衡型,中盘,均衡-价值型,中盘,均衡-价值型,中盘,均衡-价值型,大盘,均衡型,大盘,风格轮动基金
336,005258.OF,均衡-价值型,中盘,价值型,大盘,均衡-价值型,大盘,均衡-价值型,大盘,价值型,大盘,价值型,大盘,风格轮动基金
337,378010.OF,均衡-价值型,中盘,均衡-价值型,小盘,成长-均衡型,中盘,成长-均衡型,中盘,均衡型,中盘,均衡-价值型,大盘,风格轮动基金
338,519008.OF,均衡-价值型,中盘,均衡-价值型,中盘,均衡型,大盘,成长-均衡型,大盘,成长-均衡型,大盘,成长型,大盘,风格轮动基金
339,121008.OF,均衡-价值型,大盘,成长-均衡型,大盘,成长-均衡型,大盘,均衡-价值型,大盘,均衡型,大盘,均衡型,大盘,风格轮动基金
340,000747.OF,均衡-价值型,中盘,均衡型,中盘,价值型,中盘,价值型,中盘,价值型,中盘,价值型,大盘,风格轮动基金
341,003293.OF,均衡-价值型,中盘,均衡-价值型,中盘,均衡型,中盘,均衡-价值型,中盘,均衡-价值型,中盘,均衡-价值型,中盘,风格轮动基金
342,540008.OF,均衡-价值型,中盘,成长型,大盘,成长型,大盘,成长-均衡型,大盘,均衡型,中盘,成长-均衡型,中盘,风格轮动基金
343,161610.SZ,均衡-价值型,中盘,均衡型,中盘,均衡-价值型,大盘,均衡型,大盘,均衡型,大盘,均衡型,大盘,风格轮动基金
344,000127.OF,均衡-价值型,中盘,成长型,中盘,成长-均衡型,大盘,成长型,大盘,成长-均衡型,大盘,均衡-价值型,大盘,风格轮动基金
345,000082.OF,均衡-价值型,大盘,均衡-价值型,中盘,均衡-价值型,中盘,均衡-价值型,大盘,均衡-价值型,大盘,均衡-价值型,大盘,稳定均衡-价值型
346,660010.OF,均衡-价值型,中盘,成长型,中盘,成长-均衡型,大盘,成长型,大盘,成长-均衡型,大盘,均衡-价值型,大盘,风格轮动基金
347,166006.SZ,均衡-价值型,中盘,均衡型,中盘,成长-均衡型,大盘,成长型,中盘,均衡型,大盘,成长-均衡型,大盘,风格轮动基金
348,260116.OF,均衡-价值型,大盘,成长-均衡型,大盘,成长-均衡型,大盘,均衡型,大盘,均衡型,大盘,均衡-价值型,大盘,风格轮动基金
349,000577.OF,均衡-价值型,大盘,均衡型,大盘,均衡-价值型,大盘,均衡-价值型,大盘,价值型,大盘,价值型,大盘,风格轮动基金
350,320005.OF,均衡-价值型,中盘,均衡-价值型,中盘,均衡-价值型,中盘,均衡-价值型,中盘,均衡-价值型,中盘,均衡型,大盘,风格轮动基金
351,040015.OF,均衡-价值型,小盘,成长-均衡型,中盘,成长型,中盘,成长型,中盘,成长型,小盘,成长型,中盘,风格轮动基金
352,001990.OF,均衡-价值型,小盘,均衡-价值型,小盘,均衡-价值型,小盘,均衡型,小盘,均衡型,小盘,均衡-价值型,中盘,风格轮动基金
353,700001.OF,均衡-价值型,小盘,价值型,中盘,价值型,中盘,价值型,小盘,价值型,中盘,价值型,大盘,风格轮动基金
354,470009.OF,均衡-价值型,小盘,均衡-价值型,小盘,均衡型,中盘,均衡型,中盘,成长-均衡型,大盘,成长-均衡型,大盘,风格轮动基金
355,000619.OF,均衡-价值型,中盘,价值型,中盘,价值型,大盘,价值型,大盘,均衡-价值型,大盘,价值型,大盘,风格轮动基金
356,002168.OF,均衡-价值型,中盘,成长-均衡型,中盘,成长型,大盘,成长型,中盘,成长型,中盘,成长型,中盘,风格轮动基金
357,180010.OF,均衡-价值型,大盘,均衡型,大盘,价值型,大盘,均衡-价值型,大盘,均衡-价值型,大盘,均衡型,大盘,风格轮动基金
358,481004.OF,均衡-价值型,大盘,均衡-价值型,大盘,均衡-价值型,大盘,均衡-价值型,大盘,均衡型,大盘,均衡-价值型,大盘,风格轮动基金
359,270008.OF,均衡-价值型,大盘,价值型,大盘,价值型,大盘,价值型,大盘,价值型,大盘,价值型,大盘,风格轮动基金
360,001645.OF,均衡-价值型,小盘,均衡型,小盘,成长-均衡型,小盘,均衡-价值型,小盘,价值型,小盘,均衡-价值型,小盘,风格轮动基金
361,005521.OF,均衡-价值型,中盘,价值型,中盘,价值型,中盘,均衡-价值型,大盘,价值型,大盘,均衡型,大盘,风格轮动基金
362,003984.OF,均衡-价值型,中盘,成长-均衡型,中盘,成长型,大盘,成长型,大盘,成长-均衡型,中盘,成长-均衡型,中盘,风格轮动基金
363,519021.OF,均衡-价值型,中盘,均衡-价值型,中盘,均衡型,大盘,均衡-价值型,大盘,均衡型,大盘,均衡-价值型,大盘,风格轮动基金
364,160603.OF,均衡-价值型,中盘,均衡型,中盘,均衡-价值型,中盘,均衡型,大盘,成长-均衡型,大盘,成长-均衡型,大盘,风格轮动基金
365,001736.OF,均衡-价值型,中盘,均衡-价值型,中盘,均衡-价值型,中盘,均衡-价值型,中盘,价值型,中盘,均衡-价值型,中盘,风格轮动基金
366,000390.OF,均衡-价值型,中盘,均衡-价值型,中盘,价值型,中盘,价值型,中盘,均衡-价值型,中盘,均衡-价值型,中盘,风格轮动基金
367,166301.OF,均衡-价值型,中盘,均衡-价值型,中盘,价值型,中盘,价值型,中盘,均衡-价值型,中盘,均衡-价值型,中盘,风格轮动基金
368,004881.OF,均衡-价值型,大盘,均衡-价值型,大盘,均衡型,大盘,均衡-价值型,大盘,均衡-价值型,大盘,均衡-价值型,大盘,风格轮动基金
369,630002.OF,均衡-价值型,中盘,价值型,中盘,价值型,中盘,价值型,中盘,均衡-价值型,中盘,均衡-价值型,中盘,风格轮动基金
370,121003.OF,均衡-价值型,大盘,价值型,大盘,均衡型,大盘,均衡-价值型,大盘,均衡型,大盘,均衡-价值型,大盘,风格轮动基金
371,001651.OF,均衡-价值型,大盘,价值型,大盘,价值型,大盘,价值型,大盘,价值型,大盘,价值型,大盘,风格轮动基金
372,161810.SZ,均衡-价值型,小盘,均衡型,小盘,均衡-价值型,中盘,均衡-价值型,中盘,价值型,小盘,均衡-价值型,中盘,风格轮动基金
373,090009.OF,均衡-价值型,大盘,均衡型,大盘,成长-均衡型,大盘,成长-均衡型,中盘,成长-均衡型,大盘,成长型,大盘,风格轮动基金
374,519965.OF,均衡-价值型,大盘,均衡-价值型,大盘,均衡型,大盘,均衡-价值型,大盘,成长-均衡型,大盘,均衡型,大盘,风格轮动基金
375,519017.OF,均衡-价值型,大盘,均衡型,大盘,均衡型,大盘,均衡型,大盘,均衡型,大盘,均衡型,大盘,风格轮动基金
376,481008.OF,均衡-价值型,大盘,价值型,大盘,价值型,大盘,价值型,大盘,价值型,大盘,价值型,大盘,风格轮动基金
377,003378.OF,均衡-价值型,中盘,价值型,中盘,均衡-价值型,中盘,均衡-价值型,中盘,均衡型,中盘,成长-均衡型,中盘,风格轮动基金
378,519767.OF,均衡-价值型,中盘,均衡-价值型,中盘,价值型,大盘,价值型,中盘,均衡型,中盘,均衡型,中盘,风格轮动基金
379,004958.OF,均衡-价值型,中盘,均衡-价值型,中盘,均衡-价值型,中盘,均衡型,中盘,价值型,中盘,均衡-价值型,中盘,风格轮动基金
380,481001.OF,均衡-价值型,大盘,均衡型,大盘,均衡-价值型,大盘,成长-均衡型,大盘,均衡-价值型,大盘,均衡型,大盘,风格轮动基金
381,002593.OF,均衡-价值型,大盘,均衡-价值型,大盘,均衡-价值型,大盘,均衡-价值型,大盘,均衡型,大盘,均衡-价值型,大盘,风格轮动基金
382,660006.OF,均衡-价值型,大盘,价值型,大盘,均衡-价值型,大盘,均衡-价值型,大盘,均衡-价值型,大盘,均衡-价值型,大盘,风格轮动基金
383,000408.OF,均衡-价值型,中盘,价值型,中盘,价值型,大盘,均衡型,大盘,均衡-价值型,大盘,均衡-价值型,大盘,风格轮动基金
384,110029.OF,均衡-价值型,中盘,均衡型,中盘,成长-均衡型,大盘,均衡-价值型,中盘,成长-均衡型,大盘,均衡型,大盘,风格轮动基金
385,001373.OF,均衡-价值型,中盘,均衡-价值型,中盘,均衡型,中盘,均衡型,中盘,均衡-价值型,大盘,均衡型,大盘,风格轮动基金
386,001857.OF,均衡-价值型,大盘,均衡-价值型,大盘,均衡-价值型,大盘,价值型,大盘,价值型,大盘,均衡型,大盘,风格轮动基金
387,519193.OF,均衡-价值型,中盘,价值型,大盘,价值型,大盘,价值型,大盘,价值型,大盘,价值型,大盘,风格轮动基金
388,690005.OF,均衡-价值型,中盘,价值型,中盘,价值型,大盘,均衡型,大盘,均衡-价值型,大盘,均衡-价值型,大盘,风格轮动基金
389,163409.SZ,均衡-价值型,中盘,价值型,中盘,均衡-价值型,大盘,均衡-价值型,大盘,均衡-价值型,中盘,价值型,大盘,风格轮动基金
390,001044.OF,均衡-价值型,中盘,价值型,中盘,价值型,中盘,价值型,中盘,价值型,中盘,价值型,大盘,风格轮动基金
391,001291.OF,均衡-价值型,中盘,价值型,大盘,均衡型,大盘,均衡-价值型,大盘,均衡型,大盘,均衡型,大盘,风格轮动基金
392,000242.OF,均衡-价值型,中盘,价值型,中盘,均衡-价值型,中盘,均衡-价值型,中盘,均衡型,中盘,均衡-价值型,中盘,风格轮动基金
393,003834.OF,均衡-价值型,中盘,均衡-价值型,中盘,成长-均衡型,大盘,成长型,大盘,成长型,大盘,成长型,中盘,风格轮动基金
394,100026.OF,均衡-价值型,大盘,均衡型,大盘,均衡-价值型,大盘,均衡-价值型,大盘,均衡型,大盘,均衡-价值型,大盘,风格轮动基金
395,001186.OF,均衡型,中盘,价值型,中盘,价值型,中盘,价值型,中盘,均衡-价值型,中盘,价值型,中盘,风格轮动基金
396,002803.OF,均衡型,中盘,价值型,中盘,价值型,大盘,价值型,中盘,价值型,大盘,价值型,大盘,风格轮动基金
397,688888.OF,均衡型,小盘,价值型,中盘,价值型,中盘,均衡-价值型,中盘,价值型,大盘,价值型,大盘,风格轮动基金
398,005250.OF,均衡型,大盘,成长型,大盘,均衡-价值型,大盘,成长-均衡型,大盘,均衡型,大盘,均衡-价值型,大盘,风格轮动基金
399,070017.OF,价值型,中盘,均衡-价值型,大盘,均衡-价值型,大盘,均衡-价值型,大盘,均衡-价值型,大盘,价值型,大盘,风格轮动基金
400,163406.SZ,价值型,中盘,均衡-价值型,中盘,均衡-价值型,中盘,均衡-价值型,中盘,均衡-价值型,大盘,均衡-价值型,大盘,风格轮动基金
401,519002.OF,价值型,大盘,价值型,中盘,价值型,中盘,价值型,中盘,均衡-价值型,小盘,均衡型,中盘,风格轮动基金
402,001416.OF,价值型,小盘,均衡型,中盘,均衡型,大盘,成长-均衡型,大盘,成长-均衡型,大盘,均衡型,大盘,风格轮动基金
403,001607.OF,价值型,小盘,价值型,小盘,价值型,小盘,价值型,小盘,价值型,小盘,价值型,中盘,稳定价值型
404,550003.OF,价值型,大盘,均衡-价值型,大盘,均衡-价值型,大盘,均衡-价值型,大盘,价值型,大盘,价值型,大盘,风格轮动基金
405,001179.OF,价值型,中盘,均衡-价值型,中盘,价值型,中盘,价值型,中盘,价值型,大盘,价值型,大盘,风格轮动基金
406,000172.OF,价值型,大盘,价值型,大盘,均衡-价值型,大盘,价值型,大盘,价值型,大盘,价值型,大盘,风格轮动基金
407,160916.SZ,价值型,中盘,均衡型,中盘,均衡-价值型,中盘,均衡-价值型,中盘,价值型,大盘,均衡-价值型,大盘,风格轮动基金
408,400007.OF,价值型,中盘,均衡型,中盘,均衡-价值型,大盘,均衡-价值型,大盘,均衡型,大盘,均衡型,大盘,风格轮动基金
409,070011.OF,价值型,大盘,均衡型,大盘,成长-均衡型,大盘,成长-均衡型,大盘,均衡型,大盘,均衡-价值型,大盘,风格轮动基金
410,001672.OF,价值型,小盘,均衡-价值型,小盘,价值型,小盘,价值型,小盘,均衡-价值型,中盘,均衡型,中盘,风格轮动基金
411,001158.OF,价值型,大盘,均衡型,大盘,均衡型,大盘,均衡型,大盘,均衡型,大盘,均衡型,大盘,风格轮动基金
412,001349.OF,价值型,中盘,均衡-价值型,中盘,均衡型,中盘,均衡-价值型,中盘,成长-均衡型,大盘,均衡型,大盘,风格轮动基金
413,005244.OF,价值型,小盘,价值型,小盘,均衡-价值型,小盘,均衡-价值型,小盘,均衡-价值型,小盘,均衡-价值型,小盘,风格轮动基金
414,163415.SZ,价值型,中盘,均衡-价值型,中盘,价值型,中盘,均衡-价值型,中盘,价值型,大盘,均衡型,大盘,风格轮动基金
415,000471.OF,价值型,中盘,均衡-价值型,中盘,均衡-价值型,中盘,均衡-价值型,中盘,均衡-价值型,中盘,价值型,大盘,风格轮动基金
416,000727.OF,价值型,小盘,均衡型,小盘,均衡型,小盘,均衡型,小盘,均衡-价值型,小盘,均衡-价值型,小盘,风格轮动基金
417,001667.OF,价值型,大盘,均衡-价值型,大盘,均衡-价值型,中盘,均衡型,中盘,均衡-价值型,中盘,均衡-价值型,中盘,风格轮动基金
418,020010.OF,价值型,小盘,均衡-价值型,小盘,均衡-价值型,小盘,均衡-价值型,小盘,均衡-价值型,中盘,成长-均衡型,中盘,风格轮动基金
419,004477.OF,价值型,中盘,均衡-价值型,大盘,均衡-价值型,大盘,均衡-价值型,大盘,价值型,大盘,价值型,大盘,风格轮动基金
420,000652.OF,价值型,中盘,价值型,中盘,价值型,中盘,价值型,中盘,均衡-价值型,中盘,价值型,中盘,风格轮动基金
421,450009.OF,价值型,中盘,均衡型,中盘,价值型,中盘,价值型,中盘,价值型,中盘,均衡-价值型,大盘,风格轮动基金
422,001910.OF,价值型,大盘,均衡-价值型,大盘,均衡-价值型,大盘,均衡-价值型,大盘,价值型,大盘,均衡-价值型,大盘,风格轮动基金
423,001195.OF,价值型,小盘,均衡-价值型,小盘,均衡型,大盘,均衡-价值型,大盘,均衡-价值型,大盘,均衡型,中盘,风格轮动基金
424,161606.OF,价值型,中盘,价值型,中盘,价值型,大盘,价值型,大盘,均衡-价值型,大盘,均衡型,大盘,风格轮动基金
425,163302.SZ,价值型,小盘,价值型,小盘,均衡-价值型,中盘,价值型,小盘,均衡-价值型,大盘,均衡-价值型,大盘,风格轮动基金
426,001371.OF,价值型,中盘,价值型,中盘,价值型,中盘,价值型,中盘,价值型,大盘,价值型,中盘,稳定价值型
427,001074.OF,价值型,大盘,价值型,大盘,均衡-价值型,大盘,均衡-价值型,大盘,价值型,大盘,价值型,大盘,风格轮动基金
428,217009.OF,价值型,中盘,价值型,中盘,均衡-价值型,中盘,均衡-价值型,中盘,均衡型,中盘,均衡型,大盘,风格轮动基金
429,519003.OF,价值型,中盘,价值型,中盘,均衡-价值型,中盘,均衡-价值型,中盘,均衡-价值型,中盘,价值型,大盘,风格轮动基金
430,217010.OF,价值型,中盘,价值型,中盘,均衡-价值型,中盘,均衡型,中盘,均衡型,中盘,均衡型,大盘,风格轮动基金
431,320011.OF,价值型,中盘,价值型,中盘,价值型,中盘,价值型,中盘,价值型,大盘,价值型,中盘,稳定价值型
432,090004.OF,价值型,大盘,价值型,大盘,价值型,大盘,价值型,大盘,价值型,大盘,均衡-价值型,大盘,风格轮动基金
433,002249.OF,价值型,中盘,价值型,中盘,均衡-价值型,中盘,均衡-价值型,中盘,均衡-价值型,中盘,均衡型,大盘,风格轮动基金
434,420005.OF,价值型,中盘,价值型,小盘,均衡型,小盘,价值型,小盘,价值型,小盘,价值型,大盘,风格轮动基金
435,000925.OF,价值型,大盘,价值型,大盘,均衡-价值型,大盘,均衡-价值型,大盘,成长-均衡型,大盘,成长-均衡型,大盘,风格轮动基金
436,000877.OF,价值型,大盘,价值型,大盘,价值型,大盘,均衡-价值型,大盘,价值型,大盘,价值型,大盘,风格轮动基金
437,001832.OF,价值型,大盘,价值型,大盘,均衡-价值型,大盘,均衡-价值型,大盘,均衡-价值型,大盘,均衡-价值型,大盘,风格轮动基金
438,000746.OF,价值型,大盘,均衡-价值型,大盘,价值型,大盘,均衡-价值型,大盘,均衡-价值型,大盘,成长型,大盘,风格轮动基金
439,450002.OF,价值型,大盘,价值型,大盘,价值型,大盘,价值型,大盘,价值型,大盘,价值型,大盘,稳定价值型
440,160613.SZ,价值型,大盘,价值型,大盘,价值型,大盘,价值型,中盘,价值型,中盘,价值型,中盘,稳定价值型
441,519133.OF,价值型,中盘,价值型,中盘,均衡-价值型,中盘,均衡-价值型,中盘,均衡-价值型,中盘,价值型,中盘,风格轮动基金
442,001528.OF,价值型,大盘,价值型,大盘,价值型,中盘,价值型,中盘,价值型,大盘,价值型,大盘,稳定价值型
443,001974.OF,价值型,大盘,价值型,大盘,均衡-价值型,大盘,均衡-价值型,大盘,均衡-价值型,大盘,价值型,大盘,风格轮动基金
444,001579.OF,价值型,中盘,均衡型,中盘,均衡-价值型,中盘,均衡-价值型,中盘,价值型,中盘,价值型,中盘,风格轮动基金
445,002562.OF,价值型,小盘,均衡-价值型,中盘,均衡-价值型,中盘,成长-均衡型,大盘,均衡-价值型,大盘,均衡型,大盘,风格轮动基金
446,519975.OF,价值型,小盘,均衡-价值型,小盘,成长型,小盘,价值型,小盘,均衡型,小盘,均衡型,小盘,风格轮动基金
447,460009.OF,价值型,小盘,价值型,小盘,价值型,小盘,价值型,小盘,价值型,小盘,价值型,小盘,稳定价值型
448,519069.OF,价值型,大盘,均衡-价值型,大盘,均衡-价值型,大盘,均衡型,大盘,均衡-价值型,大盘,均衡-价值型,大盘,风格轮动基金
449,519983.OF,价值型,小盘,均衡-价值型,小盘,成长型,中盘,价值型,小盘,均衡-价值型,中盘,均衡型,中盘,风格轮动基金
450,320015.OF,价值型,大盘,价值型,大盘,价值型,中盘,价值型,中盘,价值型,大盘,价值型,大盘,稳定价值型
451,000480.OF,价值型,中盘,价值型,小盘,价值型,中盘,价值型,中盘,价值型,大盘,价值型,中盘,稳定价值型
452,161706.SZ,价值型,大盘,均衡-价值型,大盘,价值型,大盘,均衡-价值型,大盘,均衡-价值型,大盘,成长型,大盘,风格轮动基金
453,233009.OF,价值型,小盘,价值型,小盘,均衡型,小盘,均衡-价值型,中盘,均衡型,大盘,成长-均衡型,大盘,风格轮动基金
454,001605.OF,价值型,小盘,价值型,小盘,价值型,中盘,价值型,中盘,价值型,小盘,价值型,中盘,稳定价值型
455,002545.OF,价值型,大盘,价值型,大盘,均衡-价值型,大盘,均衡-价值型,大盘,均衡型,大盘,均衡-价值型,大盘,风格轮动基金
456,001564.OF,价值型,中盘,价值型,中盘,价值型,中盘,价值型,中盘,价值型,大盘,价值型,中盘,稳定价值型
457,750001.OF,价值型,中盘,价值型,中盘,均衡型,大盘,均衡-价值型,大盘,均衡型,大盘,均衡-价值型,大盘,风格轮动基金
458,000978.OF,价值型,小盘,价值型,小盘,价值型,小盘,价值型,小盘,价值型,小盘,价值型,小盘,稳定价值型
459,501049.SH,价值型,中盘,价值型,中盘,价值型,中盘,价值型,大盘,价值型,大盘,价值型,大盘,稳定价值型
460,000866.OF,价值型,小盘,均衡型,小盘,均衡-价值型,中盘,均衡-价值型,中盘,均衡-价值型,中盘,均衡-价值型,大盘,风格轮动基金
461,000628.OF,价值型,中盘,价值型,中盘,价值型,中盘,均衡-价值型,中盘,价值型,中盘,均衡-价值型,中盘,风格轮动基金
462,005335.OF,价值型,小盘,价值型,中盘,价值型,小盘,价值型,小盘,价值型,小盘,价值型,中盘,稳定价值型
463,001008.OF,价值型,大盘,均衡-价值型,大盘,均衡-价值型,大盘,均衡型,大盘,均衡-价值型,大盘,均衡型,大盘,风格轮动基金
464,002210.OF,价值型,小盘,价值型,小盘,均衡型,小盘,均衡型,小盘,均衡-价值型,小盘,均衡-价值型,小盘,风格轮动基金
465,001837.OF,价值型,大盘,价值型,大盘,价值型,大盘,价值型,大盘,价值型,大盘,价值型,中盘,稳定价值型
466,240008.OF,价值型,大盘,价值型,大盘,价值型,大盘,价值型,大盘,价值型,大盘,价值型,大盘,稳定价值型
467,168102.SZ,价值型,中盘,价值型,大盘,价值型,大盘,价值型,大盘,价值型,大盘,价值型,大盘,稳定价值型
468,003715.OF,价值型,中盘,价值型,大盘,均衡-价值型,大盘,价值型,大盘,价值型,大盘,价值型,大盘,风格轮动基金
469,000991.OF,价值型,中盘,价值型,中盘,价值型,中盘,价值型,中盘,价值型,中盘,价值型,中盘,稳定价值型
470,000880.OF,价值型,中盘,价值型,中盘,价值型,大盘,均衡-价值型,大盘,价值型,中盘,价值型,大盘,风格轮动基金
471,003298.OF,价值型,中盘,价值型,中盘,价值型,中盘,价值型,中盘,价值型,中盘,价值型,中盘,稳定价值型
472,001637.OF,价值型,小盘,价值型,小盘,均衡-价值型,小盘,价值型,小盘,价值型,小盘,价值型,中盘,风格轮动基金
473,000251.OF,价值型,大盘,价值型,大盘,价值型,大盘,价值型,大盘,价值型,大盘,价值型,大盘,稳定价值型
474,070019.OF,价值型,中盘,价值型,中盘,价值型,中盘,价值型,中盘,价值型,大盘,价值型,大盘,稳定价值型
475,000965.OF,价值型,小盘,价值型,小盘,价值型,中盘,成长型,大盘,成长型,大盘,成长型,大盘,风格轮动基金
476,001810.OF,价值型,小盘,价值型,小盘,价值型,小盘,价值型,小盘,价值型,小盘,价值型,小盘,稳定价值型
477,257010.OF,价值型,小盘,价值型,小盘,价值型,小盘,价值型,小盘,价值型,小盘,价值型,中盘,稳定价值型
478,550001.OF,价值型,大盘,均衡-价值型,中盘,均衡-价值型,小盘,均衡型,中盘,均衡-价值型,中盘,均衡型,大盘,风格轮动基金
479,166005.OF,价值型,小盘,价值型,小盘,价值型,小盘,价值型,小盘,价值型,小盘,价值型,小盘,稳定价值型
480,166024.SZ,价值型,小盘,价值型,小盘,价值型,小盘,价值型,小盘,价值型,小盘,价值型,小盘,稳定价值型
481,240022.OF,价值型,大盘,价值型,中盘,均衡-价值型,大盘,均衡-价值型,大盘,均衡-价值型,中盘,价值型,中盘,风格轮动基金
482,000893.OF,价值型,中盘,价值型,中盘,价值型,中盘,价值型,中盘,价值型,中盘,价值型,中盘,稳定价值型
483,001583.OF,价值型,中盘,价值型,中盘,价值型,中盘,价值型,大盘,价值型,中盘,价值型,大盘,稳定价值型
484,000979.OF,价值型,中盘,价值型,小盘,价值型,小盘,价值型,小盘,价值型,小盘,价值型,小盘,稳定价值型
485,162209.OF,价值型,大盘,价值型,大盘,价值型,大盘,均衡型,大盘,均衡-价值型,大盘,均衡-价值型,大盘,风格轮动基金
486,003580.OF,价值型,小盘,价值型,小盘,价值型,小盘,价值型,小盘,价值型,小盘,价值型,小盘,稳定价值型
487,005267.OF,价值型,中盘,价值型,中盘,价值型,中盘,价值型,中盘,价值型,大盘,价值型,大盘,稳定价值型
488,002653.OF,价值型,小盘,价值型,小盘,价值型,小盘,价值型,小盘,价值型,小盘,价值型,小盘,稳定价值型
489,004871.OF,价值型,大盘,价值型,大盘,价值型,大盘,价值型,大盘,价值型,大盘,价值型,大盘,稳定价值型
490,090013.OF,价值型,小盘,价值型,小盘,价值型,小盘,价值型,小盘,价值型,小盘,价值型,中盘,稳定价值型
491,001703.OF,价值型,小盘,价值型,小盘,价值型,小盘,价值型,中盘,价值型,小盘,价值型,中盘,稳定价值型
492,004263.OF,价值型,小盘,价值型,小盘,价值型,大盘,价值型,大盘,价值型,中盘,价值型,中盘,稳定价值型
493,001878.OF,价值型,小盘,价值型,小盘,价值型,小盘,价值型,小盘,价值型,小盘,价值型,中盘,稳定价值型
494,002121.OF,价值型,中盘,价值型,小盘,价值型,小盘,价值型,小盘,价值型,小盘,价值型,小盘,稳定价值型
495,519139.OF,价值型,小盘,价值型,小盘,价值型,中盘,价值型,中盘,价值型,中盘,价值型,小盘,稳定价值型
496,002685.OF,价值型,小盘,价值型,小盘,价值型,小盘,价值型,小盘,价值型,小盘,价值型,小盘,稳定价值型
497,160322.SZ,价值型,小盘,价值型,小盘,价值型,小盘,价值型,小盘,价值型,小盘,价值型,小盘,稳定价值型
